query_id,gallery_id,confidence
486dd80d22f94a5496b3e670b19399a7,df7ea50171af48df81584ab7e8107d15,0.931714
486dd80d22f94a5496b3e670b19399a7,0a61f52258f643b6a6436a1ec234e197,0.752906
9e1bede2ba464377897f1d482b7c49ae,df7ea50171af48df81584ab7e8107d15,0.921784
9e1bede2ba464377897f1d482b7c49ae,0a61f52258f643b6a6436a1ec234e197,0.762121
a1595c1d280449abbff7742dcdc90b72,e79ae27b52fa4d54aa37735fd275c66e,0.991742
58c2bd09ab0c4a56ad05b91a3de36417,34b736136487439389c10cc6bd4e9f4e,0.961481
58c2bd09ab0c4a56ad05b91a3de36417,97959d02a64f4a3fbbebe7cbece6c012,0.806728
58c2bd09ab0c4a56ad05b91a3de36417,c84deec0ecf843c39f52d4cb8e7300f8,0.792091
58c2bd09ab0c4a56ad05b91a3de36417,23a16d69ffe848d593a4808907d8aa98,0.779817
58c2bd09ab0c4a56ad05b91a3de36417,dee9eddb2eac41bfaf36d3279d43674a,0.767831
58c2bd09ab0c4a56ad05b91a3de36417,d361a9e414fb41c1a605200d9cbba496,0.761737
58c2bd09ab0c4a56ad05b91a3de36417,23199e1859544647893a97ea365c5c83,0.753422
4d5ef36361734ccdae5d52098bf0123f,34b736136487439389c10cc6bd4e9f4e,0.947761
4d5ef36361734ccdae5d52098bf0123f,23a16d69ffe848d593a4808907d8aa98,0.803549
4d5ef36361734ccdae5d52098bf0123f,c84deec0ecf843c39f52d4cb8e7300f8,0.797964
4d5ef36361734ccdae5d52098bf0123f,dee9eddb2eac41bfaf36d3279d43674a,0.792112
4d5ef36361734ccdae5d52098bf0123f,97959d02a64f4a3fbbebe7cbece6c012,0.790394
4d5ef36361734ccdae5d52098bf0123f,d361a9e414fb41c1a605200d9cbba496,0.755841
4d5ef36361734ccdae5d52098bf0123f,77cecb221149474896d9b2eb848bf150,0.755486
4d5ef36361734ccdae5d52098bf0123f,7fe9e665bf41491c9788941aa2894a10,0.755004
4d78e6316a014332815f66e59a8a4099,23199e1859544647893a97ea365c5c83,0.919120
4d78e6316a014332815f66e59a8a4099,34b736136487439389c10cc6bd4e9f4e,0.757781
4e7bd3e813564642929978bfa51f30c7,23199e1859544647893a97ea365c5c83,0.931421
f25af2430f9345bebb1d841e5867c08d,fbfaa119f55a477984e42d80498f54d3,0.906817
44b22297fb9049d682c5ca2921bfc8fa,fbfaa119f55a477984e42d80498f54d3,0.905894
115a8b58da1343fd928c9b8e89d40878,41e657daa20545a588584578bdb4101c,0.909151
115a8b58da1343fd928c9b8e89d40878,70558882c04e46bd99d15e9786468418,0.779439
dcb5bc6262f24669a59aadae1fe8a9c6,41e657daa20545a588584578bdb4101c,0.928562
16bb236a08d141388ef98f19a4ca335b,57bcda73abab44ee930b20cdaee9d24b,0.942111
16bb236a08d141388ef98f19a4ca335b,8889c114b071429cbe2418f5b0f2024b,0.808907
16bb236a08d141388ef98f19a4ca335b,4c36aafaf38f4e9e9e09991737196fe1,0.797842
16bb236a08d141388ef98f19a4ca335b,30c71719aed84c07ae21d0eff0deed72,0.794356
16bb236a08d141388ef98f19a4ca335b,cb550e5ff4694fe9a19eaa6588cef250,0.791499
16bb236a08d141388ef98f19a4ca335b,092cb872c8724c7681c50da9c6cfa252,0.788161
16bb236a08d141388ef98f19a4ca335b,59f62d35b1ad451397b700b3dad25448,0.785450
16bb236a08d141388ef98f19a4ca335b,3766b26b53874893ae48693880e1942c,0.782090
16bb236a08d141388ef98f19a4ca335b,e7ee85dd47ca43eeb2fdcd70b802f0ec,0.777627
16bb236a08d141388ef98f19a4ca335b,bbdf9065122d499d9d8f80ad3e0ef6f3,0.769487
6bb81302398a41f3a58838ff31bdb0f8,57bcda73abab44ee930b20cdaee9d24b,0.964916
6bb81302398a41f3a58838ff31bdb0f8,cb550e5ff4694fe9a19eaa6588cef250,0.812516
6bb81302398a41f3a58838ff31bdb0f8,8889c114b071429cbe2418f5b0f2024b,0.809419
6bb81302398a41f3a58838ff31bdb0f8,30c71719aed84c07ae21d0eff0deed72,0.807188
6bb81302398a41f3a58838ff31bdb0f8,092cb872c8724c7681c50da9c6cfa252,0.806685
6bb81302398a41f3a58838ff31bdb0f8,3766b26b53874893ae48693880e1942c,0.803810
6bb81302398a41f3a58838ff31bdb0f8,59f62d35b1ad451397b700b3dad25448,0.800539
6bb81302398a41f3a58838ff31bdb0f8,4c36aafaf38f4e9e9e09991737196fe1,0.798740
6bb81302398a41f3a58838ff31bdb0f8,e7ee85dd47ca43eeb2fdcd70b802f0ec,0.793371
6bb81302398a41f3a58838ff31bdb0f8,bbdf9065122d499d9d8f80ad3e0ef6f3,0.790148
efa58554232841b693eb71ccc7417f3d,0accd1d0138b49049d437c0d9b1c23c3,0.957055
efa58554232841b693eb71ccc7417f3d,878e5c41be5c477e9f660ca361fdd727,0.804934
efa58554232841b693eb71ccc7417f3d,cb550e5ff4694fe9a19eaa6588cef250,0.785854
efa58554232841b693eb71ccc7417f3d,bbdf9065122d499d9d8f80ad3e0ef6f3,0.781682
efa58554232841b693eb71ccc7417f3d,a0408a6462b24cf18e50a8616359d5ad,0.777539
efa58554232841b693eb71ccc7417f3d,3766b26b53874893ae48693880e1942c,0.769210
efa58554232841b693eb71ccc7417f3d,59f62d35b1ad451397b700b3dad25448,0.767214
efa58554232841b693eb71ccc7417f3d,0daf8d5687b54d158f7f752884c42334,0.763485
efa58554232841b693eb71ccc7417f3d,24c55bb5cd694770ba895c7401da2ba5,0.762993
efa58554232841b693eb71ccc7417f3d,57bcda73abab44ee930b20cdaee9d24b,0.761198
9b715a377ba548f682027f97bfd90fef,0accd1d0138b49049d437c0d9b1c23c3,0.986266
9b715a377ba548f682027f97bfd90fef,878e5c41be5c477e9f660ca361fdd727,0.815477
9b715a377ba548f682027f97bfd90fef,cb550e5ff4694fe9a19eaa6588cef250,0.789936
9b715a377ba548f682027f97bfd90fef,a0408a6462b24cf18e50a8616359d5ad,0.789256
9b715a377ba548f682027f97bfd90fef,bbdf9065122d499d9d8f80ad3e0ef6f3,0.782232
9b715a377ba548f682027f97bfd90fef,59f62d35b1ad451397b700b3dad25448,0.774059
9b715a377ba548f682027f97bfd90fef,3766b26b53874893ae48693880e1942c,0.773682
9b715a377ba548f682027f97bfd90fef,57bcda73abab44ee930b20cdaee9d24b,0.769779
9b715a377ba548f682027f97bfd90fef,4c36aafaf38f4e9e9e09991737196fe1,0.768570
9b715a377ba548f682027f97bfd90fef,24c55bb5cd694770ba895c7401da2ba5,0.767754
1423a1c6689d4577818b5aa7d4dce019,04d24d1cf42b4f7787d8d300cbad6d50,0.966556
1423a1c6689d4577818b5aa7d4dce019,ef511457ee7c490c8e10eccf6e18fef6,0.839715
1423a1c6689d4577818b5aa7d4dce019,25afb6f7e9314af09008644bca5955b9,0.798557
1423a1c6689d4577818b5aa7d4dce019,7bbe3c76bcc04d73969f920d43fcc67d,0.767083
1423a1c6689d4577818b5aa7d4dce019,3e59b61eb70146308db2308b988b54cf,0.766870
1423a1c6689d4577818b5aa7d4dce019,1ade4365590a4ac7865100d8c791e340,0.762619
1423a1c6689d4577818b5aa7d4dce019,14f4db886cca4104877ac7d1d7a64133,0.756254
1423a1c6689d4577818b5aa7d4dce019,e88ce4cd350f43398a5c0ab8629cee72,0.753166
1423a1c6689d4577818b5aa7d4dce019,b4dadb3ea3a04cc3932094471debce13,0.752749
dd907a79f4e744e2851eafcd9227e602,dd36cc0867b94d55a43b82c1c9a0e95c,0.886274
dd907a79f4e744e2851eafcd9227e602,8fca2e4873e946f7a788af2b846cebd7,0.803593
dd907a79f4e744e2851eafcd9227e602,74de04f31db94a99b757685c91779412,0.783068
7c541d4fc72e49c0ab64a3c1d0fd1c08,dd36cc0867b94d55a43b82c1c9a0e95c,0.829627
7c541d4fc72e49c0ab64a3c1d0fd1c08,74de04f31db94a99b757685c91779412,0.792845
7c541d4fc72e49c0ab64a3c1d0fd1c08,8fca2e4873e946f7a788af2b846cebd7,0.770217
518c046dd36b449fab3f0ffe249b1282,b83013f4c5524232814efa0f8651867f,0.971384
518c046dd36b449fab3f0ffe249b1282,898eabaaa1a047e18aecbb1c5a8decbf,0.876054
518c046dd36b449fab3f0ffe249b1282,7f5b658239034d35b7f4cf1c63cb388c,0.832096
518c046dd36b449fab3f0ffe249b1282,10b152bdafe94db8a93f7c374226a071,0.830388
518c046dd36b449fab3f0ffe249b1282,06b7dd1b701544ac80dd7ca54ed707cf,0.828070
518c046dd36b449fab3f0ffe249b1282,beccee3a988f48c1ad207e2380766fa4,0.827780
518c046dd36b449fab3f0ffe249b1282,77d8e01a914d4f4a8b87d407e0d741aa,0.822558
518c046dd36b449fab3f0ffe249b1282,27fe100af7884932a33bf30f10dacc55,0.822179
518c046dd36b449fab3f0ffe249b1282,ec5fe0d3a2a2426ea4e49a5c0ad44e04,0.819364
518c046dd36b449fab3f0ffe249b1282,d445ccdb4cda497e9f0343a3298022d2,0.815293
623639be18e04aeba2e0129efe84aab8,27fe100af7884932a33bf30f10dacc55,0.930537
623639be18e04aeba2e0129efe84aab8,b83013f4c5524232814efa0f8651867f,0.841345
623639be18e04aeba2e0129efe84aab8,06b7dd1b701544ac80dd7ca54ed707cf,0.824251
623639be18e04aeba2e0129efe84aab8,40f040fd5c824c8e8e710af1fdf70b5f,0.814324
623639be18e04aeba2e0129efe84aab8,898eabaaa1a047e18aecbb1c5a8decbf,0.808629
623639be18e04aeba2e0129efe84aab8,aaab880f032a4e00904cf50566164044,0.802384
623639be18e04aeba2e0129efe84aab8,de1102228a324428989533278cd482f6,0.801364
623639be18e04aeba2e0129efe84aab8,77d8e01a914d4f4a8b87d407e0d741aa,0.798446
623639be18e04aeba2e0129efe84aab8,08ecf89bc10942a4bd894482f6fcdfa7,0.787633
623639be18e04aeba2e0129efe84aab8,64d9091426f9461c97c98a5428856bcf,0.779591
12c13948584341d6a5e45dde227253f8,b83013f4c5524232814efa0f8651867f,0.984477
12c13948584341d6a5e45dde227253f8,898eabaaa1a047e18aecbb1c5a8decbf,0.865315
12c13948584341d6a5e45dde227253f8,7f5b658239034d35b7f4cf1c63cb388c,0.843609
12c13948584341d6a5e45dde227253f8,10b152bdafe94db8a93f7c374226a071,0.839289
12c13948584341d6a5e45dde227253f8,27fe100af7884932a33bf30f10dacc55,0.831736
12c13948584341d6a5e45dde227253f8,beccee3a988f48c1ad207e2380766fa4,0.829749
12c13948584341d6a5e45dde227253f8,ec5fe0d3a2a2426ea4e49a5c0ad44e04,0.822071
12c13948584341d6a5e45dde227253f8,06b7dd1b701544ac80dd7ca54ed707cf,0.814831
12c13948584341d6a5e45dde227253f8,aaab880f032a4e00904cf50566164044,0.810354
12c13948584341d6a5e45dde227253f8,77d8e01a914d4f4a8b87d407e0d741aa,0.809045
4d070f30ba5d4a11b0b78073f47f11a8,27fe100af7884932a33bf30f10dacc55,0.934293
4d070f30ba5d4a11b0b78073f47f11a8,b83013f4c5524232814efa0f8651867f,0.853597
4d070f30ba5d4a11b0b78073f47f11a8,40f040fd5c824c8e8e710af1fdf70b5f,0.832972
4d070f30ba5d4a11b0b78073f47f11a8,aaab880f032a4e00904cf50566164044,0.823860
4d070f30ba5d4a11b0b78073f47f11a8,898eabaaa1a047e18aecbb1c5a8decbf,0.822828
4d070f30ba5d4a11b0b78073f47f11a8,06b7dd1b701544ac80dd7ca54ed707cf,0.820910
4d070f30ba5d4a11b0b78073f47f11a8,de1102228a324428989533278cd482f6,0.799327
4d070f30ba5d4a11b0b78073f47f11a8,77d8e01a914d4f4a8b87d407e0d741aa,0.798280
4d070f30ba5d4a11b0b78073f47f11a8,7f5b658239034d35b7f4cf1c63cb388c,0.790001
4d070f30ba5d4a11b0b78073f47f11a8,08ecf89bc10942a4bd894482f6fcdfa7,0.787390
a376e7d651454d5490a6836fdcfbb986,c3f66637872c4141ab3898296739457d,0.892321
a376e7d651454d5490a6836fdcfbb986,da61d9bc8f024a4aba18d5c3072b7838,0.756052
127639f543af45dba72da3cecff7c65a,ce4fdd5499f8498793c11e586f7da70c,0.940507
127639f543af45dba72da3cecff7c65a,da61d9bc8f024a4aba18d5c3072b7838,0.799142
127639f543af45dba72da3cecff7c65a,9aca522158f443fd8a9caaec38ae5e2c,0.795849
c91c2c649312417aa86fe0975f437d9f,ce4fdd5499f8498793c11e586f7da70c,0.952444
c91c2c649312417aa86fe0975f437d9f,da61d9bc8f024a4aba18d5c3072b7838,0.815950
c91c2c649312417aa86fe0975f437d9f,9aca522158f443fd8a9caaec38ae5e2c,0.792085
c91c2c649312417aa86fe0975f437d9f,0228b1e9e3244da3a727930123ba7bda,0.757034
06975950c6134fdfb4b0ed6a5cf0a50d,93dc50abd35349f7923100dca2f41002,0.802579
06975950c6134fdfb4b0ed6a5cf0a50d,eee7f32249c5452ea36c8ed3a3540010,0.759834
8b60f7f0b86c4168ad03970ab04f5e6f,51c6049a18b84ee381d0512e40b67c0e,0.935523
8b60f7f0b86c4168ad03970ab04f5e6f,6b4676aba2a746b3ab778315afc8ee82,0.836243
8b60f7f0b86c4168ad03970ab04f5e6f,e2769c67dadd4c988f7ccf249a998a56,0.790021
514ebe94b40c403482de042102289b46,51c6049a18b84ee381d0512e40b67c0e,0.962561
514ebe94b40c403482de042102289b46,e2769c67dadd4c988f7ccf249a998a56,0.828728
514ebe94b40c403482de042102289b46,6b4676aba2a746b3ab778315afc8ee82,0.823832
543ddcbf2bd941a58120dad59c45ceb0,6b4676aba2a746b3ab778315afc8ee82,0.985372
543ddcbf2bd941a58120dad59c45ceb0,51c6049a18b84ee381d0512e40b67c0e,0.820249
543ddcbf2bd941a58120dad59c45ceb0,e2769c67dadd4c988f7ccf249a998a56,0.763116
543ddcbf2bd941a58120dad59c45ceb0,7e17bbd109dc486c8f0a76f913782180,0.756894
107e548bacc844d38e74d9d3d4c6daef,7226603f024c45c6a6e44b00e52e8aad,0.888644
107e548bacc844d38e74d9d3d4c6daef,f12e9e5805534d719f829332d1ea5d29,0.820590
107e548bacc844d38e74d9d3d4c6daef,e12ad1ce8e7940a999b9a4f91a95fab7,0.816475
107e548bacc844d38e74d9d3d4c6daef,f1c9c5051bdd4a11a064260bbb9d6d7b,0.804575
107e548bacc844d38e74d9d3d4c6daef,e5a3c8867e44498d9182e8be934e0fce,0.774377
107e548bacc844d38e74d9d3d4c6daef,d695b7afdc3841a28a56df578e56afce,0.774099
107e548bacc844d38e74d9d3d4c6daef,daed5458403e49e3aea72f4bcc6dd224,0.756135
107e548bacc844d38e74d9d3d4c6daef,b3f8b4bec0164d0e81997b4f5a277e8f,0.753117
2b96b856fb814e1ea13121869bdfba59,f12e9e5805534d719f829332d1ea5d29,0.988492
2b96b856fb814e1ea13121869bdfba59,7226603f024c45c6a6e44b00e52e8aad,0.812207
2b96b856fb814e1ea13121869bdfba59,f1c9c5051bdd4a11a064260bbb9d6d7b,0.810562
2b96b856fb814e1ea13121869bdfba59,e12ad1ce8e7940a999b9a4f91a95fab7,0.800177
2b96b856fb814e1ea13121869bdfba59,d695b7afdc3841a28a56df578e56afce,0.793670
2b96b856fb814e1ea13121869bdfba59,daed5458403e49e3aea72f4bcc6dd224,0.783137
2b96b856fb814e1ea13121869bdfba59,599feb1e512c43ad8c0a1845922acf78,0.759579
2b96b856fb814e1ea13121869bdfba59,8dfe01febd46475ab5aef97033716ce1,0.756219
b2bd2aeb78c846db8046a83ff0fa2cd1,f12e9e5805534d719f829332d1ea5d29,0.989537
b2bd2aeb78c846db8046a83ff0fa2cd1,f1c9c5051bdd4a11a064260bbb9d6d7b,0.807629
b2bd2aeb78c846db8046a83ff0fa2cd1,7226603f024c45c6a6e44b00e52e8aad,0.803030
b2bd2aeb78c846db8046a83ff0fa2cd1,d695b7afdc3841a28a56df578e56afce,0.798236
b2bd2aeb78c846db8046a83ff0fa2cd1,e12ad1ce8e7940a999b9a4f91a95fab7,0.795017
b2bd2aeb78c846db8046a83ff0fa2cd1,daed5458403e49e3aea72f4bcc6dd224,0.781470
b2bd2aeb78c846db8046a83ff0fa2cd1,8dfe01febd46475ab5aef97033716ce1,0.757202
b2bd2aeb78c846db8046a83ff0fa2cd1,2ece45504eff42469c104dc2a2d03caf,0.754641
dba7a96eede9465fb56a4f743a85c9c0,7226603f024c45c6a6e44b00e52e8aad,0.910349
dba7a96eede9465fb56a4f743a85c9c0,e12ad1ce8e7940a999b9a4f91a95fab7,0.837172
dba7a96eede9465fb56a4f743a85c9c0,f12e9e5805534d719f829332d1ea5d29,0.836069
dba7a96eede9465fb56a4f743a85c9c0,f1c9c5051bdd4a11a064260bbb9d6d7b,0.806152
dba7a96eede9465fb56a4f743a85c9c0,d695b7afdc3841a28a56df578e56afce,0.796887
dba7a96eede9465fb56a4f743a85c9c0,e5a3c8867e44498d9182e8be934e0fce,0.788796
dba7a96eede9465fb56a4f743a85c9c0,daed5458403e49e3aea72f4bcc6dd224,0.781581
dba7a96eede9465fb56a4f743a85c9c0,8dfe01febd46475ab5aef97033716ce1,0.762658
95a37fbd9d724d448e13f4ffabbe0274,93dc50abd35349f7923100dca2f41002,0.976331
95a37fbd9d724d448e13f4ffabbe0274,b9228fdb5f0c413d81cffb51829d95c6,0.762491
95a37fbd9d724d448e13f4ffabbe0274,eafb3480db704d7baa8216ce857d1610,0.759999
95a37fbd9d724d448e13f4ffabbe0274,36ee1613abf245cdbe93fef69b5f981f,0.755979
e365a82950b3437a9ffd8bbebb0713a8,93dc50abd35349f7923100dca2f41002,0.976692
e365a82950b3437a9ffd8bbebb0713a8,b9228fdb5f0c413d81cffb51829d95c6,0.769547
e365a82950b3437a9ffd8bbebb0713a8,eafb3480db704d7baa8216ce857d1610,0.767029
e365a82950b3437a9ffd8bbebb0713a8,4a6eba10a02a4ecdbb6b25e8651c3789,0.761745
e365a82950b3437a9ffd8bbebb0713a8,36ee1613abf245cdbe93fef69b5f981f,0.758317
5fe3bf5786b54f9f8d85861573fc9d2f,a0b4d283f12a407286dbeaa3a4d128a5,0.980594
5fe3bf5786b54f9f8d85861573fc9d2f,d65e3a3657ae455e954b6d7221afc84c,0.776374
be8193e46ed74126aa2fa3bd4d20feb7,4e4495962a9b4864882397042f1a2b3e,0.898543
be8193e46ed74126aa2fa3bd4d20feb7,8683a3ad55d84a78834fabe20cde5269,0.853422
be8193e46ed74126aa2fa3bd4d20feb7,724a3f6551e74ad585bdeac9a75fd639,0.812362
be8193e46ed74126aa2fa3bd4d20feb7,78809cb3c6b841a9b8b132133dd6bb96,0.805747
be8193e46ed74126aa2fa3bd4d20feb7,be9e713988ba4bbba869885cad419259,0.805027
be8193e46ed74126aa2fa3bd4d20feb7,b675be39e8ff421aa59811f146da945b,0.784701
be8193e46ed74126aa2fa3bd4d20feb7,e2e0c8c96aff4c00896ac6986bbb20c2,0.775270
be8193e46ed74126aa2fa3bd4d20feb7,0daf8d5687b54d158f7f752884c42334,0.769973
be8193e46ed74126aa2fa3bd4d20feb7,bbdf9065122d499d9d8f80ad3e0ef6f3,0.765858
be8193e46ed74126aa2fa3bd4d20feb7,e7ee85dd47ca43eeb2fdcd70b802f0ec,0.761681
0d39327b000c4d44854a7870268edacc,93bf0b86be094f68a9d308ca5ecfb4e3,0.811752
0d39327b000c4d44854a7870268edacc,5e199f7727cc4910ad88dbd81ed1ec82,0.804656
0d39327b000c4d44854a7870268edacc,8ad1f345ca194b29bde0a924f27b2de5,0.770608
0d39327b000c4d44854a7870268edacc,ee337b5c1ef3431e9c120250bfec4cac,0.770415
0d39327b000c4d44854a7870268edacc,bb6ecabbce1b43d997d00d7acdc95193,0.765905
0d39327b000c4d44854a7870268edacc,133bfbe9a7c741fcb638ecf1b0088213,0.764298
0d39327b000c4d44854a7870268edacc,1d93c07de74c482ebf0a76ec564c3252,0.758359
0d39327b000c4d44854a7870268edacc,4c8476482736459881e2a3b0509ee103,0.756336
0d39327b000c4d44854a7870268edacc,a297e08effdf4a69a6c4d79a34a0c6ad,0.755455
0d39327b000c4d44854a7870268edacc,50aa0f56e00d4c23ac78b3e63bc0f0e1,0.753632
e0e982cb170f440b970c9d9d1946f9dd,78809cb3c6b841a9b8b132133dd6bb96,0.939407
e0e982cb170f440b970c9d9d1946f9dd,4e4495962a9b4864882397042f1a2b3e,0.845781
e0e982cb170f440b970c9d9d1946f9dd,8683a3ad55d84a78834fabe20cde5269,0.767379
e0e982cb170f440b970c9d9d1946f9dd,be9e713988ba4bbba869885cad419259,0.754062
e0e982cb170f440b970c9d9d1946f9dd,bbdf9065122d499d9d8f80ad3e0ef6f3,0.753541
e0e982cb170f440b970c9d9d1946f9dd,0daf8d5687b54d158f7f752884c42334,0.753539
e0249c6a39824516a1c3d7d3d47dfde9,4e4495962a9b4864882397042f1a2b3e,0.944772
e0249c6a39824516a1c3d7d3d47dfde9,8683a3ad55d84a78834fabe20cde5269,0.827877
e0249c6a39824516a1c3d7d3d47dfde9,78809cb3c6b841a9b8b132133dd6bb96,0.815393
e0249c6a39824516a1c3d7d3d47dfde9,e2e0c8c96aff4c00896ac6986bbb20c2,0.806637
e0249c6a39824516a1c3d7d3d47dfde9,724a3f6551e74ad585bdeac9a75fd639,0.804162
e0249c6a39824516a1c3d7d3d47dfde9,be9e713988ba4bbba869885cad419259,0.803849
e0249c6a39824516a1c3d7d3d47dfde9,bbdf9065122d499d9d8f80ad3e0ef6f3,0.787773
e0249c6a39824516a1c3d7d3d47dfde9,0daf8d5687b54d158f7f752884c42334,0.784053
e0249c6a39824516a1c3d7d3d47dfde9,7daa434073604cb98a04fefb55468dda,0.780179
e0249c6a39824516a1c3d7d3d47dfde9,eeb3b60f34af40de850e065b475d8180,0.776754
1c0381823ed0499e8e96e4cfd8b9a64a,ff51ca928cd54f4da620c27983e221f8,0.894125
1c0381823ed0499e8e96e4cfd8b9a64a,63eab812f3254cccb9631b09725aec3d,0.806484
2282d8cf50554304ab195b1a53c7d9f3,6dc5832f0ac04df2bd99c6415b3ecf09,0.877967
2282d8cf50554304ab195b1a53c7d9f3,eff24b01b2f5428baa4c3fef6cb40d41,0.766442
2282d8cf50554304ab195b1a53c7d9f3,ec07b4e88bea4086a5eafed96d81edb5,0.753693
c4f8a865ba2744e0b7c4701468c16ca4,6dc5832f0ac04df2bd99c6415b3ecf09,0.816674
2f5d7dabbac54943ab9522573ada0736,f9fe93fae6084350b81964d354e2130f,0.807580
3d2b131349684742968cd2b214a13f76,590df34aa41f46e9ad13ffc6a98da3b7,0.947836
3d2b131349684742968cd2b214a13f76,01bbbf1caa554d94b5decb69cc1add41,0.758014
e542409acd694eab90192399d89ccb4c,f9fe93fae6084350b81964d354e2130f,0.785891
e542409acd694eab90192399d89ccb4c,6f8d80f8673144dfa7a4e09190442ab3,0.760907
317db6fcd5d1443fb6271acc6ec8fe3e,590df34aa41f46e9ad13ffc6a98da3b7,0.956903
b0553ed82597421aabe852652c5915d7,d53fa54d5536463ab0d87648dfc5fd78,0.953373
b0553ed82597421aabe852652c5915d7,c78547bdc2e64ac8935559f7de2efd41,0.753927
8c59bfc1aa7b42cf882806e395ee4fec,d53fa54d5536463ab0d87648dfc5fd78,0.978116
deb7d97e50b24c63943a8af997d083f8,ec07b4e88bea4086a5eafed96d81edb5,0.988205
deb7d97e50b24c63943a8af997d083f8,9ffa09a2b9bd4da0ba98fc537ca68802,0.791438
deb7d97e50b24c63943a8af997d083f8,9aca522158f443fd8a9caaec38ae5e2c,0.778367
deb7d97e50b24c63943a8af997d083f8,3b7d56c26da14b3a9b1cd52b5b35891b,0.772914
8ffc24d118e54740a39563141f642fd9,ec07b4e88bea4086a5eafed96d81edb5,0.951607
8ffc24d118e54740a39563141f642fd9,9ffa09a2b9bd4da0ba98fc537ca68802,0.769162
8ffc24d118e54740a39563141f642fd9,0592b57e490d4206a3f12eb004a0afe0,0.758982
8ffc24d118e54740a39563141f642fd9,3b7d56c26da14b3a9b1cd52b5b35891b,0.755703
8ffc24d118e54740a39563141f642fd9,b9228fdb5f0c413d81cffb51829d95c6,0.753077
ff75e5d8a9bb46c9b12855ec33529f3f,174581fc299840e18e827432c0cce4dc,0.858085
ff75e5d8a9bb46c9b12855ec33529f3f,0d0973762130427eaa2ce9a7a34517db,0.771273
c2b4fed7ce5c4e108721e62f2bfbb819,33b5e2ae5ebe4f548bac3a00ab0a59eb,0.972592
c2b4fed7ce5c4e108721e62f2bfbb819,295d0d40791245ff838c73a2aa27d065,0.844101
c2b4fed7ce5c4e108721e62f2bfbb819,6c79712e67b54dd0a11d426a91207939,0.835757
c2b4fed7ce5c4e108721e62f2bfbb819,5363ae1c905d4879a63259de4954702e,0.829240
c2b4fed7ce5c4e108721e62f2bfbb819,e2e0c8c96aff4c00896ac6986bbb20c2,0.758177
ab1c9263088b477082ee7d7c6f73b671,33b5e2ae5ebe4f548bac3a00ab0a59eb,0.958785
ab1c9263088b477082ee7d7c6f73b671,295d0d40791245ff838c73a2aa27d065,0.828365
ab1c9263088b477082ee7d7c6f73b671,6c79712e67b54dd0a11d426a91207939,0.817617
ab1c9263088b477082ee7d7c6f73b671,5363ae1c905d4879a63259de4954702e,0.815566
54e5b71847024cdaa9fd8a7d3fc3ea03,6c79712e67b54dd0a11d426a91207939,0.961235
54e5b71847024cdaa9fd8a7d3fc3ea03,5363ae1c905d4879a63259de4954702e,0.915358
54e5b71847024cdaa9fd8a7d3fc3ea03,295d0d40791245ff838c73a2aa27d065,0.855083
54e5b71847024cdaa9fd8a7d3fc3ea03,33b5e2ae5ebe4f548bac3a00ab0a59eb,0.819674
f124583fb5cc42aa903308e1b43296de,6c79712e67b54dd0a11d426a91207939,0.966463
f124583fb5cc42aa903308e1b43296de,5363ae1c905d4879a63259de4954702e,0.904653
f124583fb5cc42aa903308e1b43296de,295d0d40791245ff838c73a2aa27d065,0.833077
f124583fb5cc42aa903308e1b43296de,33b5e2ae5ebe4f548bac3a00ab0a59eb,0.808610
d97ddb9bd5c8460ab3b3a13992c1f179,0433768f874042a5b2d2e37ad9deae13,0.982942
d97ddb9bd5c8460ab3b3a13992c1f179,a35d7304347a4f81b1ccfb086956921c,0.868124
d97ddb9bd5c8460ab3b3a13992c1f179,2f0401170d104b47b0a8f087f69dee88,0.821200
d97ddb9bd5c8460ab3b3a13992c1f179,f92d16d3a970487094292439c3e00923,0.780432
d97ddb9bd5c8460ab3b3a13992c1f179,e7ee85dd47ca43eeb2fdcd70b802f0ec,0.777683
d97ddb9bd5c8460ab3b3a13992c1f179,bbdf9065122d499d9d8f80ad3e0ef6f3,0.768558
d97ddb9bd5c8460ab3b3a13992c1f179,097f2ce3b88c4d008488b9908076497e,0.766201
d97ddb9bd5c8460ab3b3a13992c1f179,cb550e5ff4694fe9a19eaa6588cef250,0.760946
d97ddb9bd5c8460ab3b3a13992c1f179,59f62d35b1ad451397b700b3dad25448,0.755395
d97ddb9bd5c8460ab3b3a13992c1f179,3766b26b53874893ae48693880e1942c,0.753426
3bb97a2804c84688a699e6d6b97b5e9d,e6afe89ff7bc491193141c057083d8a8,0.984778
3bb97a2804c84688a699e6d6b97b5e9d,94ed54abfdc74b04b0dcb19c278e66f4,0.755820
929038d5c3ba4b189fc88a3b127ede72,0433768f874042a5b2d2e37ad9deae13,0.985568
929038d5c3ba4b189fc88a3b127ede72,a35d7304347a4f81b1ccfb086956921c,0.874940
929038d5c3ba4b189fc88a3b127ede72,2f0401170d104b47b0a8f087f69dee88,0.818239
929038d5c3ba4b189fc88a3b127ede72,f92d16d3a970487094292439c3e00923,0.772499
929038d5c3ba4b189fc88a3b127ede72,e7ee85dd47ca43eeb2fdcd70b802f0ec,0.771325
929038d5c3ba4b189fc88a3b127ede72,097f2ce3b88c4d008488b9908076497e,0.759562
929038d5c3ba4b189fc88a3b127ede72,cb550e5ff4694fe9a19eaa6588cef250,0.759267
929038d5c3ba4b189fc88a3b127ede72,59f62d35b1ad451397b700b3dad25448,0.757524
929038d5c3ba4b189fc88a3b127ede72,bbdf9065122d499d9d8f80ad3e0ef6f3,0.756619
929038d5c3ba4b189fc88a3b127ede72,a0408a6462b24cf18e50a8616359d5ad,0.755758
1d36cd75ee6a4691965cfc6ebdef6a3e,f92d16d3a970487094292439c3e00923,0.887697
1d36cd75ee6a4691965cfc6ebdef6a3e,b675be39e8ff421aa59811f146da945b,0.832275
1d36cd75ee6a4691965cfc6ebdef6a3e,3766b26b53874893ae48693880e1942c,0.798013
1d36cd75ee6a4691965cfc6ebdef6a3e,2f0401170d104b47b0a8f087f69dee88,0.793245
1d36cd75ee6a4691965cfc6ebdef6a3e,70aa10580bfe4069bdaa5721ae2d29db,0.789931
1d36cd75ee6a4691965cfc6ebdef6a3e,77ce0587a12b46bab8814225ba86753e,0.776882
1d36cd75ee6a4691965cfc6ebdef6a3e,724a3f6551e74ad585bdeac9a75fd639,0.773408
1d36cd75ee6a4691965cfc6ebdef6a3e,cb550e5ff4694fe9a19eaa6588cef250,0.765369
1d36cd75ee6a4691965cfc6ebdef6a3e,71c1a8479b194efca65b44fb7f327afb,0.763427
1d36cd75ee6a4691965cfc6ebdef6a3e,a5d5fb459a1844088e93ae557ab34afe,0.756212
7baf188fc4ed41ba826b499b6d495286,f92d16d3a970487094292439c3e00923,0.938819
7baf188fc4ed41ba826b499b6d495286,b675be39e8ff421aa59811f146da945b,0.865257
7baf188fc4ed41ba826b499b6d495286,2f0401170d104b47b0a8f087f69dee88,0.825788
7baf188fc4ed41ba826b499b6d495286,724a3f6551e74ad585bdeac9a75fd639,0.796595
7baf188fc4ed41ba826b499b6d495286,097f2ce3b88c4d008488b9908076497e,0.791267
7baf188fc4ed41ba826b499b6d495286,77ce0587a12b46bab8814225ba86753e,0.789056
7baf188fc4ed41ba826b499b6d495286,a4af9472683c4df0a86f9400c99c2b61,0.781848
7baf188fc4ed41ba826b499b6d495286,3766b26b53874893ae48693880e1942c,0.781296
7baf188fc4ed41ba826b499b6d495286,a35d7304347a4f81b1ccfb086956921c,0.778497
7baf188fc4ed41ba826b499b6d495286,8c7c9eaae41a44a3a4ebe39ce167d300,0.776012
6a314fb4bd0e4c2097e70bd43a81fbb7,797cc520b8c94d9bbef187818ab51647,0.959023
6a314fb4bd0e4c2097e70bd43a81fbb7,87fc1d6a57ea488786caaec8599c3b8b,0.956227
6a314fb4bd0e4c2097e70bd43a81fbb7,e12ad1ce8e7940a999b9a4f91a95fab7,0.780962
6a314fb4bd0e4c2097e70bd43a81fbb7,714e47cd21e5416f864a4bc938850a72,0.771947
6a314fb4bd0e4c2097e70bd43a81fbb7,a7077a82d2c74518b96fb45e35f6e150,0.764945
6a314fb4bd0e4c2097e70bd43a81fbb7,d695b7afdc3841a28a56df578e56afce,0.762014
6a314fb4bd0e4c2097e70bd43a81fbb7,6866efc8987a4ec8b04b7abd28fb5777,0.755429
6a314fb4bd0e4c2097e70bd43a81fbb7,403835bbf2f1447188bcc78e062b0028,0.753970
9ae6df3c8f2549109316a434d1741a53,797cc520b8c94d9bbef187818ab51647,0.981014
9ae6df3c8f2549109316a434d1741a53,87fc1d6a57ea488786caaec8599c3b8b,0.944983
9ae6df3c8f2549109316a434d1741a53,714e47cd21e5416f864a4bc938850a72,0.806805
9ae6df3c8f2549109316a434d1741a53,a7077a82d2c74518b96fb45e35f6e150,0.783536
9ae6df3c8f2549109316a434d1741a53,e12ad1ce8e7940a999b9a4f91a95fab7,0.778395
9ae6df3c8f2549109316a434d1741a53,d695b7afdc3841a28a56df578e56afce,0.766620
2a8e892e4b784abf8fb9fd55fa443335,87fc1d6a57ea488786caaec8599c3b8b,0.983004
2a8e892e4b784abf8fb9fd55fa443335,797cc520b8c94d9bbef187818ab51647,0.944421
2a8e892e4b784abf8fb9fd55fa443335,a7077a82d2c74518b96fb45e35f6e150,0.782442
2a8e892e4b784abf8fb9fd55fa443335,e12ad1ce8e7940a999b9a4f91a95fab7,0.781307
2a8e892e4b784abf8fb9fd55fa443335,714e47cd21e5416f864a4bc938850a72,0.775200
2a8e892e4b784abf8fb9fd55fa443335,d695b7afdc3841a28a56df578e56afce,0.760705
1ac66b061b80428b8b3758bc6dfa066b,87fc1d6a57ea488786caaec8599c3b8b,0.975575
1ac66b061b80428b8b3758bc6dfa066b,797cc520b8c94d9bbef187818ab51647,0.945849
1ac66b061b80428b8b3758bc6dfa066b,a7077a82d2c74518b96fb45e35f6e150,0.787089
1ac66b061b80428b8b3758bc6dfa066b,e12ad1ce8e7940a999b9a4f91a95fab7,0.782050
1ac66b061b80428b8b3758bc6dfa066b,714e47cd21e5416f864a4bc938850a72,0.773894
1ac66b061b80428b8b3758bc6dfa066b,d695b7afdc3841a28a56df578e56afce,0.758702
1ac66b061b80428b8b3758bc6dfa066b,7c1126d46a934db6b951d1e98feae327,0.752595
0d4bb3432ea544988cf3bb308b46c8c8,a297e08effdf4a69a6c4d79a34a0c6ad,0.985610
0d4bb3432ea544988cf3bb308b46c8c8,b2b22c673e554db39c8acdbe42687a6d,0.820763
0d4bb3432ea544988cf3bb308b46c8c8,93bf0b86be094f68a9d308ca5ecfb4e3,0.815278
0d4bb3432ea544988cf3bb308b46c8c8,ee337b5c1ef3431e9c120250bfec4cac,0.814269
0d4bb3432ea544988cf3bb308b46c8c8,5e199f7727cc4910ad88dbd81ed1ec82,0.799027
0d4bb3432ea544988cf3bb308b46c8c8,bb6ecabbce1b43d997d00d7acdc95193,0.790597
0d4bb3432ea544988cf3bb308b46c8c8,1c6bbf19b3d2498696a5baf0f53a0f18,0.783551
0d4bb3432ea544988cf3bb308b46c8c8,fe363cef357840fcb35f320fe7c27e4e,0.782546
0d4bb3432ea544988cf3bb308b46c8c8,4230775a9d51448396cacb9061f0e5f9,0.779567
0d4bb3432ea544988cf3bb308b46c8c8,afac6ae28fac41dabae96696990c5555,0.760927
2b4cf2ff830e462d96c8cfbcee5669da,a297e08effdf4a69a6c4d79a34a0c6ad,0.989696
2b4cf2ff830e462d96c8cfbcee5669da,b2b22c673e554db39c8acdbe42687a6d,0.817230
2b4cf2ff830e462d96c8cfbcee5669da,93bf0b86be094f68a9d308ca5ecfb4e3,0.810650
2b4cf2ff830e462d96c8cfbcee5669da,ee337b5c1ef3431e9c120250bfec4cac,0.810013
2b4cf2ff830e462d96c8cfbcee5669da,5e199f7727cc4910ad88dbd81ed1ec82,0.795245
2b4cf2ff830e462d96c8cfbcee5669da,bb6ecabbce1b43d997d00d7acdc95193,0.791274
2b4cf2ff830e462d96c8cfbcee5669da,fe363cef357840fcb35f320fe7c27e4e,0.782323
2b4cf2ff830e462d96c8cfbcee5669da,1c6bbf19b3d2498696a5baf0f53a0f18,0.775634
2b4cf2ff830e462d96c8cfbcee5669da,4230775a9d51448396cacb9061f0e5f9,0.771483
2b4cf2ff830e462d96c8cfbcee5669da,fc70a4c2c4834e0eba1a14470f563b03,0.760927
2390c8a3de9e49be9617b01f4f21dfa9,ee337b5c1ef3431e9c120250bfec4cac,0.918845
2390c8a3de9e49be9617b01f4f21dfa9,a297e08effdf4a69a6c4d79a34a0c6ad,0.838657
2390c8a3de9e49be9617b01f4f21dfa9,93bf0b86be094f68a9d308ca5ecfb4e3,0.829758
2390c8a3de9e49be9617b01f4f21dfa9,bb6ecabbce1b43d997d00d7acdc95193,0.809856
2390c8a3de9e49be9617b01f4f21dfa9,8c5f38853679436ba434b6a696e43168,0.790694
2390c8a3de9e49be9617b01f4f21dfa9,761a3a01495143f0a86beac4234cae3a,0.787278
2390c8a3de9e49be9617b01f4f21dfa9,af648fa7ac6c4c50a246de470329cd83,0.786957
2390c8a3de9e49be9617b01f4f21dfa9,5e199f7727cc4910ad88dbd81ed1ec82,0.784720
2390c8a3de9e49be9617b01f4f21dfa9,4230775a9d51448396cacb9061f0e5f9,0.778411
2390c8a3de9e49be9617b01f4f21dfa9,fc70a4c2c4834e0eba1a14470f563b03,0.775706
e37905b36c44400c9dc7bc0c71a6db51,0bd1cce9370a461089e25393086800a8,0.912454
e37905b36c44400c9dc7bc0c71a6db51,6f57d1175ad243edada61643d01fcd54,0.778883
a9bb430482a1442a958b35a625eecb97,6f57d1175ad243edada61643d01fcd54,0.901032
a9bb430482a1442a958b35a625eecb97,7ec1584e9a5b49eab9ef249143d9bb86,0.822574
a9bb430482a1442a958b35a625eecb97,df5ca61304074da1bec8f536ab50baf3,0.821989
a9bb430482a1442a958b35a625eecb97,b9228fdb5f0c413d81cffb51829d95c6,0.798639
a9bb430482a1442a958b35a625eecb97,fadf133e0e684a24ac79b5fa9515bac2,0.787881
a9bb430482a1442a958b35a625eecb97,0bd1cce9370a461089e25393086800a8,0.777682
a9bb430482a1442a958b35a625eecb97,225818abe99e45a0bf5b0b3ec30db76b,0.760292
62c71ed913414a6f9456293a4c566314,0bd1cce9370a461089e25393086800a8,0.961619
62c71ed913414a6f9456293a4c566314,6f57d1175ad243edada61643d01fcd54,0.816981
62c71ed913414a6f9456293a4c566314,fadf133e0e684a24ac79b5fa9515bac2,0.801769
62c71ed913414a6f9456293a4c566314,c756409435634fc48c643a64e73c93ce,0.766458
62c71ed913414a6f9456293a4c566314,225818abe99e45a0bf5b0b3ec30db76b,0.758475
c647312353a84341a92cd4486a8b9c3e,6f57d1175ad243edada61643d01fcd54,0.894148
c647312353a84341a92cd4486a8b9c3e,7ec1584e9a5b49eab9ef249143d9bb86,0.823243
c647312353a84341a92cd4486a8b9c3e,df5ca61304074da1bec8f536ab50baf3,0.802110
c647312353a84341a92cd4486a8b9c3e,0bd1cce9370a461089e25393086800a8,0.779880
c647312353a84341a92cd4486a8b9c3e,fadf133e0e684a24ac79b5fa9515bac2,0.774392
c647312353a84341a92cd4486a8b9c3e,b9228fdb5f0c413d81cffb51829d95c6,0.769623
cc3afd20f236454a8f3a9ff08992daab,e96fae6d607246b18b8494aabe521036,0.906687
cc3afd20f236454a8f3a9ff08992daab,29088685e31a4d86b60b514e98117361,0.856423
cc3afd20f236454a8f3a9ff08992daab,26b18153216b48d793b75598ddb54d77,0.787104
1e1ec51c4cb84f3285f79f7aeb252500,65e52d14d4d64d4fbad3de6ad319e745,0.885089
1e1ec51c4cb84f3285f79f7aeb252500,6fbdacd3d8814ea2a13e81ee1ec128f2,0.764186
082920d4f79f4c5eb2e805b195ac3e89,65e52d14d4d64d4fbad3de6ad319e745,0.836680
759985fc2dc4496abbc7fe23cf71706f,29088685e31a4d86b60b514e98117361,0.843200
759985fc2dc4496abbc7fe23cf71706f,e96fae6d607246b18b8494aabe521036,0.777778
a1b386e9b08e402dba0d820140ba1a00,29088685e31a4d86b60b514e98117361,0.937206
a1b386e9b08e402dba0d820140ba1a00,e96fae6d607246b18b8494aabe521036,0.867654
a1b386e9b08e402dba0d820140ba1a00,26b18153216b48d793b75598ddb54d77,0.767081
0fed5c48002b4dd1b3ce42653a372fe6,cb2e893276894906976593c3edcb3a5f,0.961886
5b5008e2d4f7492abe1ff44e2e3e754b,cb2e893276894906976593c3edcb3a5f,0.969854
8e431e5ca5dd49a8984118e7fb05d12e,2839430464164d5ba00713b42d4d96e4,0.993841
142af56a899c43098ec79a3f762d09b6,2839430464164d5ba00713b42d4d96e4,0.991614
9f14363158ef49309f13b2aa0692d2a9,61d2391e8bc548b6bfa08f1ef2a0c47a,0.887120
9f14363158ef49309f13b2aa0692d2a9,78d0265d47df4f4cb7153da919763730,0.769112
9f14363158ef49309f13b2aa0692d2a9,0568345606fa4a2c84ed4ea6c74639ee,0.758230
ebd3c9006cf5464190f7a5edca24f0ba,61d2391e8bc548b6bfa08f1ef2a0c47a,0.883413
ebd3c9006cf5464190f7a5edca24f0ba,78d0265d47df4f4cb7153da919763730,0.760682
ebd3c9006cf5464190f7a5edca24f0ba,0568345606fa4a2c84ed4ea6c74639ee,0.753618
0135e10058cf48aa847fa399f62df6f4,90b560de76b149c09c7cd6efb3f12cfd,0.964620
0135e10058cf48aa847fa399f62df6f4,afaf2edba0ee4d58860a5a04e4aabc5c,0.754999
0135e10058cf48aa847fa399f62df6f4,b3209c60460a437294e2b30a9e9d3f53,0.754245
2e9dbf0f864548ae8bc35b5c0d70934e,b3f8b4bec0164d0e81997b4f5a277e8f,0.949427
2e9dbf0f864548ae8bc35b5c0d70934e,c2a665cec90e46db8d2a74389beb4649,0.819483
2e9dbf0f864548ae8bc35b5c0d70934e,27a67d3e76814297aebf64e03d14c336,0.796752
2e9dbf0f864548ae8bc35b5c0d70934e,52f20bd7eb50430c95f0916727880a1b,0.784229
2e9dbf0f864548ae8bc35b5c0d70934e,69ac8397e9624bfd8aee237b9f9ea3b5,0.754928
1db84228548c42318f1a33456931f361,c2a665cec90e46db8d2a74389beb4649,0.956096
1db84228548c42318f1a33456931f361,27a67d3e76814297aebf64e03d14c336,0.862852
1db84228548c42318f1a33456931f361,b3f8b4bec0164d0e81997b4f5a277e8f,0.841726
1db84228548c42318f1a33456931f361,52f20bd7eb50430c95f0916727880a1b,0.818274
1db84228548c42318f1a33456931f361,e8c8742459dc48a49080bf0e5b3fdee0,0.777564
1db84228548c42318f1a33456931f361,5be48a6bc26044f2a2e4e9b6a223c319,0.758177
1db84228548c42318f1a33456931f361,664da77d25e74df693eaad44a5e7617f,0.755931
1b5bba6ae5ff4f568094280de0bf2c1b,c2a665cec90e46db8d2a74389beb4649,0.929680
1b5bba6ae5ff4f568094280de0bf2c1b,27a67d3e76814297aebf64e03d14c336,0.839477
1b5bba6ae5ff4f568094280de0bf2c1b,b3f8b4bec0164d0e81997b4f5a277e8f,0.825472
1b5bba6ae5ff4f568094280de0bf2c1b,52f20bd7eb50430c95f0916727880a1b,0.808098
7265c466b8cf411cb462945d3ceb8145,b3f8b4bec0164d0e81997b4f5a277e8f,0.831103
7265c466b8cf411cb462945d3ceb8145,27a67d3e76814297aebf64e03d14c336,0.826009
7265c466b8cf411cb462945d3ceb8145,c2a665cec90e46db8d2a74389beb4649,0.805002
7265c466b8cf411cb462945d3ceb8145,52f20bd7eb50430c95f0916727880a1b,0.784568
7265c466b8cf411cb462945d3ceb8145,5be48a6bc26044f2a2e4e9b6a223c319,0.783782
7265c466b8cf411cb462945d3ceb8145,e8c8742459dc48a49080bf0e5b3fdee0,0.782377
7265c466b8cf411cb462945d3ceb8145,69ac8397e9624bfd8aee237b9f9ea3b5,0.772581
7265c466b8cf411cb462945d3ceb8145,8dfd98bb97584157b207e1f4be471a8e,0.755064
bca392563d0a45d594ce43a0c540b7c9,68aefc97056440af874039a28497cf98,0.975965
bca392563d0a45d594ce43a0c540b7c9,b6da55bea1244cf0a753b258420946b2,0.849113
bca392563d0a45d594ce43a0c540b7c9,86179aff3df24ff59b11e9a34974a3f4,0.793934
bca392563d0a45d594ce43a0c540b7c9,00614d60b3544ba790dfd23dd53992e0,0.755918
bca392563d0a45d594ce43a0c540b7c9,4285b02dc9164cb9bae36b0566bb42f0,0.753942
bb39e720d9cf4df1a19e4ab20285bf18,86179aff3df24ff59b11e9a34974a3f4,0.988085
bb39e720d9cf4df1a19e4ab20285bf18,91f0da6d71574ababd8e868bddec9310,0.816019
bb39e720d9cf4df1a19e4ab20285bf18,68aefc97056440af874039a28497cf98,0.793288
bb39e720d9cf4df1a19e4ab20285bf18,716a15d66b63424a8068da89e75733b4,0.793071
bb39e720d9cf4df1a19e4ab20285bf18,b6da55bea1244cf0a753b258420946b2,0.786579
bb39e720d9cf4df1a19e4ab20285bf18,a8904adcdd21495f890bc614bfdbf86f,0.772732
bb39e720d9cf4df1a19e4ab20285bf18,b7f5c165ea2242709a2fb71f3a3f1bcb,0.769746
bb39e720d9cf4df1a19e4ab20285bf18,d37bf09399d848df9a4d880fb097239c,0.763861
bb39e720d9cf4df1a19e4ab20285bf18,8af25c7ae8e14435a6e27a5671968f50,0.762771
bb39e720d9cf4df1a19e4ab20285bf18,2d43cf91509846e29ab4febd7781919f,0.762737
5c427d65b21d4bf387d1885f334834c7,b6da55bea1244cf0a753b258420946b2,0.986935
5c427d65b21d4bf387d1885f334834c7,68aefc97056440af874039a28497cf98,0.844210
5c427d65b21d4bf387d1885f334834c7,00614d60b3544ba790dfd23dd53992e0,0.799299
5c427d65b21d4bf387d1885f334834c7,86179aff3df24ff59b11e9a34974a3f4,0.786640
5c427d65b21d4bf387d1885f334834c7,71d4b4036e594d7399506e6fd9b88063,0.786617
5c427d65b21d4bf387d1885f334834c7,b7f5c165ea2242709a2fb71f3a3f1bcb,0.780489
5c427d65b21d4bf387d1885f334834c7,f532294d68604bc2aa9ad8804a8c6d5f,0.776726
5c427d65b21d4bf387d1885f334834c7,9a500a20b1ff4694acc31339a8d1349e,0.763318
141cab6e49204199a8fb74a74fa8165a,68aefc97056440af874039a28497cf98,0.974067
141cab6e49204199a8fb74a74fa8165a,b6da55bea1244cf0a753b258420946b2,0.850924
141cab6e49204199a8fb74a74fa8165a,86179aff3df24ff59b11e9a34974a3f4,0.790238
141cab6e49204199a8fb74a74fa8165a,4285b02dc9164cb9bae36b0566bb42f0,0.761132
141cab6e49204199a8fb74a74fa8165a,00614d60b3544ba790dfd23dd53992e0,0.756516
7f90d0a672a44046bdf2443f14b82cb9,74bd120b8f714d03bc9dd1a703fe4d7f,0.986500
7f90d0a672a44046bdf2443f14b82cb9,9677dd2a3aae457a8079087ce4177e14,0.820277
06aa6a2cf00d425998b1a815f23a0094,9677dd2a3aae457a8079087ce4177e14,0.930500
06aa6a2cf00d425998b1a815f23a0094,74bd120b8f714d03bc9dd1a703fe4d7f,0.819074
54a2df3aa63a483b8e33322f74c34dbf,9677dd2a3aae457a8079087ce4177e14,0.901978
54a2df3aa63a483b8e33322f74c34dbf,74bd120b8f714d03bc9dd1a703fe4d7f,0.806983
e2d1cdb4f95c4f47bb20f91e77f469f2,74bd120b8f714d03bc9dd1a703fe4d7f,0.924816
e2d1cdb4f95c4f47bb20f91e77f469f2,9677dd2a3aae457a8079087ce4177e14,0.834124
4a483247df4540a9badb4a94f17d7760,6bedb2d6ace34e18811b7f1206b2d1b0,0.778206
4a483247df4540a9badb4a94f17d7760,02641488de414b72b63f62b40200b101,0.770064
4a483247df4540a9badb4a94f17d7760,44b3bc5953364d72a53edcf9fc4f1fed,0.758769
ca37d7b02d7542a0bea6535a0d193dbc,6bedb2d6ace34e18811b7f1206b2d1b0,0.962994
ca37d7b02d7542a0bea6535a0d193dbc,02641488de414b72b63f62b40200b101,0.844255
ca37d7b02d7542a0bea6535a0d193dbc,de1102228a324428989533278cd482f6,0.791689
ca37d7b02d7542a0bea6535a0d193dbc,77d8e01a914d4f4a8b87d407e0d741aa,0.791451
ca37d7b02d7542a0bea6535a0d193dbc,06b7dd1b701544ac80dd7ca54ed707cf,0.790007
ca37d7b02d7542a0bea6535a0d193dbc,64d9091426f9461c97c98a5428856bcf,0.772073
ca37d7b02d7542a0bea6535a0d193dbc,f6507bae2aaa4785842167f8320428b3,0.755194
ada916d5f8044eba9ac39c104e27f797,02641488de414b72b63f62b40200b101,0.988828
ada916d5f8044eba9ac39c104e27f797,6bedb2d6ace34e18811b7f1206b2d1b0,0.850285
ada916d5f8044eba9ac39c104e27f797,77d8e01a914d4f4a8b87d407e0d741aa,0.799043
ada916d5f8044eba9ac39c104e27f797,06b7dd1b701544ac80dd7ca54ed707cf,0.796342
ada916d5f8044eba9ac39c104e27f797,de1102228a324428989533278cd482f6,0.773488
ada916d5f8044eba9ac39c104e27f797,f6507bae2aaa4785842167f8320428b3,0.771608
ada916d5f8044eba9ac39c104e27f797,64d9091426f9461c97c98a5428856bcf,0.767714
985e9b4be1fa45b19b48cbd6b1d37764,02641488de414b72b63f62b40200b101,0.988254
985e9b4be1fa45b19b48cbd6b1d37764,6bedb2d6ace34e18811b7f1206b2d1b0,0.849184
985e9b4be1fa45b19b48cbd6b1d37764,06b7dd1b701544ac80dd7ca54ed707cf,0.801870
985e9b4be1fa45b19b48cbd6b1d37764,77d8e01a914d4f4a8b87d407e0d741aa,0.800501
985e9b4be1fa45b19b48cbd6b1d37764,de1102228a324428989533278cd482f6,0.775754
985e9b4be1fa45b19b48cbd6b1d37764,64d9091426f9461c97c98a5428856bcf,0.775438
985e9b4be1fa45b19b48cbd6b1d37764,f6507bae2aaa4785842167f8320428b3,0.768388
7b7e0d3f38a3435a83b8d6fb5aba99ba,f6061b71031b4ddb9384f86c103690a4,0.965133
7b7e0d3f38a3435a83b8d6fb5aba99ba,15b7b988bba143989cfd98d5c6c4d203,0.812283
7b7e0d3f38a3435a83b8d6fb5aba99ba,5be48a6bc26044f2a2e4e9b6a223c319,0.791099
7b7e0d3f38a3435a83b8d6fb5aba99ba,03df72bcf3504272a27f4bbaea89118a,0.755257
7b7e0d3f38a3435a83b8d6fb5aba99ba,5cf392f15360460bae6a6b0182bb99b9,0.752796
acbc17523c034d799301828aef6ae58f,812a1568c77d46e695f8eb7357e24a0e,0.817631
68f05d38644e4af6a8b6cb1bef20c57a,f6061b71031b4ddb9384f86c103690a4,0.922067
68f05d38644e4af6a8b6cb1bef20c57a,15b7b988bba143989cfd98d5c6c4d203,0.812572
68f05d38644e4af6a8b6cb1bef20c57a,5be48a6bc26044f2a2e4e9b6a223c319,0.788029
68f05d38644e4af6a8b6cb1bef20c57a,03df72bcf3504272a27f4bbaea89118a,0.781739
68f05d38644e4af6a8b6cb1bef20c57a,daed5458403e49e3aea72f4bcc6dd224,0.769279
68f05d38644e4af6a8b6cb1bef20c57a,4385ac4645b34f3c8a44c4676ebcd8be,0.766479
e34f7090730d4eaa871618aa8bb5627d,5cf392f15360460bae6a6b0182bb99b9,0.860877
aff084577eae48fca44757575b1848bc,812a1568c77d46e695f8eb7357e24a0e,0.916205
aff084577eae48fca44757575b1848bc,5cf392f15360460bae6a6b0182bb99b9,0.758749
f4763c7dac494231ae593878b63b4961,eff24b01b2f5428baa4c3fef6cb40d41,0.983266
f4763c7dac494231ae593878b63b4961,bc13c2b0221744a29a8ddf56aa015df9,0.753950
f4763c7dac494231ae593878b63b4961,98b2022b2cb84af09ee8b789db928b13,0.753453
adabb6bfc633432cab9ab674c1e0f975,01bbbf1caa554d94b5decb69cc1add41,0.979955
adabb6bfc633432cab9ab674c1e0f975,590df34aa41f46e9ad13ffc6a98da3b7,0.765751
adabb6bfc633432cab9ab674c1e0f975,0f785440b29548e1a1968868262fd42e,0.764883
f9d7f4db082c4389a2bdcc19d6d92cba,01bbbf1caa554d94b5decb69cc1add41,0.973403
f9d7f4db082c4389a2bdcc19d6d92cba,590df34aa41f46e9ad13ffc6a98da3b7,0.764437
32ae3069da404e6f843cbd95fa018a71,eff24b01b2f5428baa4c3fef6cb40d41,0.976181
605d42bbb0154c76b70114f63b807951,8889c114b071429cbe2418f5b0f2024b,0.844749
605d42bbb0154c76b70114f63b807951,30c71719aed84c07ae21d0eff0deed72,0.842928
605d42bbb0154c76b70114f63b807951,01ffceddb5b34406a08bb982b424b3cf,0.809349
605d42bbb0154c76b70114f63b807951,57bcda73abab44ee930b20cdaee9d24b,0.787068
605d42bbb0154c76b70114f63b807951,a94cb58f1ca8456b96e39b5b1ebfb7ea,0.783540
19805d9c7c944703bb05511bc3145812,30c71719aed84c07ae21d0eff0deed72,0.984874
19805d9c7c944703bb05511bc3145812,a94cb58f1ca8456b96e39b5b1ebfb7ea,0.805417
19805d9c7c944703bb05511bc3145812,8889c114b071429cbe2418f5b0f2024b,0.802226
19805d9c7c944703bb05511bc3145812,57bcda73abab44ee930b20cdaee9d24b,0.797859
19805d9c7c944703bb05511bc3145812,01ffceddb5b34406a08bb982b424b3cf,0.789827
4ed65c954d584e13a9e98e27808e0c6a,a94cb58f1ca8456b96e39b5b1ebfb7ea,0.864787
4ed65c954d584e13a9e98e27808e0c6a,3e59b61eb70146308db2308b988b54cf,0.754246
9d58ebfc8b864b49a9c970a667fff950,30c71719aed84c07ae21d0eff0deed72,0.991527
9d58ebfc8b864b49a9c970a667fff950,8889c114b071429cbe2418f5b0f2024b,0.801778
9d58ebfc8b864b49a9c970a667fff950,01ffceddb5b34406a08bb982b424b3cf,0.794701
9d58ebfc8b864b49a9c970a667fff950,57bcda73abab44ee930b20cdaee9d24b,0.791791
9d58ebfc8b864b49a9c970a667fff950,a94cb58f1ca8456b96e39b5b1ebfb7ea,0.790315
5e1395d13dc84b8abd6f0452e25b3a7f,8889c114b071429cbe2418f5b0f2024b,0.933665
5e1395d13dc84b8abd6f0452e25b3a7f,30c71719aed84c07ae21d0eff0deed72,0.823036
5e1395d13dc84b8abd6f0452e25b3a7f,d658e3a743af41899183fecff6b2628d,0.796620
5e1395d13dc84b8abd6f0452e25b3a7f,57bcda73abab44ee930b20cdaee9d24b,0.792893
5e1395d13dc84b8abd6f0452e25b3a7f,01ffceddb5b34406a08bb982b424b3cf,0.789027
5e1395d13dc84b8abd6f0452e25b3a7f,a94cb58f1ca8456b96e39b5b1ebfb7ea,0.778064
5e1395d13dc84b8abd6f0452e25b3a7f,4e4495962a9b4864882397042f1a2b3e,0.775054
5e1395d13dc84b8abd6f0452e25b3a7f,092cb872c8724c7681c50da9c6cfa252,0.774445
5e1395d13dc84b8abd6f0452e25b3a7f,bbdf9065122d499d9d8f80ad3e0ef6f3,0.767917
5e1395d13dc84b8abd6f0452e25b3a7f,0daf8d5687b54d158f7f752884c42334,0.763913
df7a79cf083f40ca846761b9760fc72f,e343a998f4df4ac195c84e0fb571a393,0.978314
489108f0d3474ebb97eeace77d5bcece,e343a998f4df4ac195c84e0fb571a393,0.930919
9cd6d1191c914787875042fd76df0c35,8746ae2ca7514699b629b4d9b5fe95a7,0.965043
9cd6d1191c914787875042fd76df0c35,a0408a6462b24cf18e50a8616359d5ad,0.803821
9cd6d1191c914787875042fd76df0c35,408ae6a767874fc782467ec2f054ad15,0.784458
9cd6d1191c914787875042fd76df0c35,70aa10580bfe4069bdaa5721ae2d29db,0.779692
9cd6d1191c914787875042fd76df0c35,3766b26b53874893ae48693880e1942c,0.777021
9cd6d1191c914787875042fd76df0c35,cb550e5ff4694fe9a19eaa6588cef250,0.760677
9cd6d1191c914787875042fd76df0c35,57bcda73abab44ee930b20cdaee9d24b,0.755422
9cd6d1191c914787875042fd76df0c35,878e5c41be5c477e9f660ca361fdd727,0.753830
77f7e4ffce974b33ab54c80177a1c9c0,a0408a6462b24cf18e50a8616359d5ad,0.969288
77f7e4ffce974b33ab54c80177a1c9c0,878e5c41be5c477e9f660ca361fdd727,0.828773
77f7e4ffce974b33ab54c80177a1c9c0,2f0401170d104b47b0a8f087f69dee88,0.793056
77f7e4ffce974b33ab54c80177a1c9c0,0accd1d0138b49049d437c0d9b1c23c3,0.791928
77f7e4ffce974b33ab54c80177a1c9c0,8746ae2ca7514699b629b4d9b5fe95a7,0.790509
77f7e4ffce974b33ab54c80177a1c9c0,cb550e5ff4694fe9a19eaa6588cef250,0.783090
77f7e4ffce974b33ab54c80177a1c9c0,cdd73e0289aa4e2b87cd14e6ff5bd75e,0.782998
77f7e4ffce974b33ab54c80177a1c9c0,4c36aafaf38f4e9e9e09991737196fe1,0.779346
77f7e4ffce974b33ab54c80177a1c9c0,f92d16d3a970487094292439c3e00923,0.779281
77f7e4ffce974b33ab54c80177a1c9c0,3766b26b53874893ae48693880e1942c,0.767100
27af2d56825b4ded843852cb1cbe3494,8746ae2ca7514699b629b4d9b5fe95a7,0.821373
27af2d56825b4ded843852cb1cbe3494,a0408a6462b24cf18e50a8616359d5ad,0.769172
7a09c2cc2bcd4fbb8b083d6f02a88232,a0408a6462b24cf18e50a8616359d5ad,0.884251
7a09c2cc2bcd4fbb8b083d6f02a88232,8746ae2ca7514699b629b4d9b5fe95a7,0.771681
7a09c2cc2bcd4fbb8b083d6f02a88232,878e5c41be5c477e9f660ca361fdd727,0.760269
7a09c2cc2bcd4fbb8b083d6f02a88232,cdd73e0289aa4e2b87cd14e6ff5bd75e,0.758191
7a09c2cc2bcd4fbb8b083d6f02a88232,4c36aafaf38f4e9e9e09991737196fe1,0.757071
7a09c2cc2bcd4fbb8b083d6f02a88232,408ae6a767874fc782467ec2f054ad15,0.752643
c0ff951246c54333b756315834f32971,563043f180e54e238ad4876974e5db4c,0.782879
c0ff951246c54333b756315834f32971,11e1e3cdfe214385a2c24d0f957dde9b,0.778598
c0ff951246c54333b756315834f32971,b44645c11ece4326a45f50fdc5d45dcf,0.770236
c0ff951246c54333b756315834f32971,189a3b686ad14c24b5e1a495f76dd239,0.768268
7d8239bb435749bdaaba93674e4c0b98,632cc2bc04034dd4848855fe6497262d,0.827077
7d8239bb435749bdaaba93674e4c0b98,f8856799293e49feab6368e794eb8b00,0.820385
7d8239bb435749bdaaba93674e4c0b98,91f9f8576e5142a49926bd623b0bc19c,0.794902
7d8239bb435749bdaaba93674e4c0b98,d7c9dafddaf547159d366dacf7b68a7e,0.771897
7d8239bb435749bdaaba93674e4c0b98,189a3b686ad14c24b5e1a495f76dd239,0.767919
7d8239bb435749bdaaba93674e4c0b98,7d5c0a2bfccf4255a43d9bd0f84a6d3a,0.755056
ae918c8fd007427fbc53dbaff23eddbe,f8856799293e49feab6368e794eb8b00,0.829309
ae918c8fd007427fbc53dbaff23eddbe,632cc2bc04034dd4848855fe6497262d,0.812387
ae918c8fd007427fbc53dbaff23eddbe,91f9f8576e5142a49926bd623b0bc19c,0.791383
ae918c8fd007427fbc53dbaff23eddbe,189a3b686ad14c24b5e1a495f76dd239,0.767519
ae918c8fd007427fbc53dbaff23eddbe,7d5c0a2bfccf4255a43d9bd0f84a6d3a,0.760039
b30bc5f593ba46bc8b6fa26692576484,babbeca1f6a244a2a11ea77a3855e70f,0.958811
b30bc5f593ba46bc8b6fa26692576484,45e440d874a54bb591862ff441114cd3,0.789974
91d18daf6bae44789d31014e55bdf5b2,bc607fd6000b43108e49b3d05688fe90,0.776526
91d18daf6bae44789d31014e55bdf5b2,d7c9dafddaf547159d366dacf7b68a7e,0.765995
91d18daf6bae44789d31014e55bdf5b2,563043f180e54e238ad4876974e5db4c,0.765818
91d18daf6bae44789d31014e55bdf5b2,b44645c11ece4326a45f50fdc5d45dcf,0.765800
91d18daf6bae44789d31014e55bdf5b2,de72d25d08da4b03ac6f6411ce30e07c,0.752962
8b8fe37d85da4a28a5c27452a42435e6,0b57f893483647c3aed811775a4c4c04,0.888191
8b8fe37d85da4a28a5c27452a42435e6,ba8d0208e32e42969bd4349cf24f6ed1,0.833851
8b8fe37d85da4a28a5c27452a42435e6,d0e41bf891254ba0872f1641139f84f6,0.826253
8b8fe37d85da4a28a5c27452a42435e6,da14e9dc2c3d4963b725de8102de5028,0.816336
8b8fe37d85da4a28a5c27452a42435e6,4d5cbe57c3094d01843e4f950a280b50,0.815545
8b8fe37d85da4a28a5c27452a42435e6,f8e7f9688fd546829da579434180ffee,0.792153
8b8fe37d85da4a28a5c27452a42435e6,f2cfa68a47ce4a43a0fe1cc7dc860418,0.762574
8b8fe37d85da4a28a5c27452a42435e6,d9096650c434432c871effeca9acd5c6,0.754721
a222b9dea1384b57ad0fae45ff950737,0b57f893483647c3aed811775a4c4c04,0.945063
a222b9dea1384b57ad0fae45ff950737,ba8d0208e32e42969bd4349cf24f6ed1,0.871021
a222b9dea1384b57ad0fae45ff950737,d0e41bf891254ba0872f1641139f84f6,0.856769
a222b9dea1384b57ad0fae45ff950737,da14e9dc2c3d4963b725de8102de5028,0.828230
a222b9dea1384b57ad0fae45ff950737,f8e7f9688fd546829da579434180ffee,0.821164
a222b9dea1384b57ad0fae45ff950737,d9096650c434432c871effeca9acd5c6,0.794852
a222b9dea1384b57ad0fae45ff950737,f2cfa68a47ce4a43a0fe1cc7dc860418,0.782098
a222b9dea1384b57ad0fae45ff950737,4d5cbe57c3094d01843e4f950a280b50,0.780628
a222b9dea1384b57ad0fae45ff950737,076e2669c305401fb3afcfafdd6c79c7,0.762978
a222b9dea1384b57ad0fae45ff950737,a055f8188384479a8bad418f7dffd9a5,0.756022
043d64050fe145349300b95379966923,2070754bb5dd4a248be9c2a6a1a9d381,0.938036
043d64050fe145349300b95379966923,f2cfa68a47ce4a43a0fe1cc7dc860418,0.805095
043d64050fe145349300b95379966923,7e190e3c05d74e6b9f103e39142c1684,0.763384
043d64050fe145349300b95379966923,dbf0926f9f344f1d88b114660db4d2eb,0.758617
043d64050fe145349300b95379966923,7c1126d46a934db6b951d1e98feae327,0.758046
043d64050fe145349300b95379966923,0b57f893483647c3aed811775a4c4c04,0.757282
043d64050fe145349300b95379966923,6b7b5d28293d4a5a8075f7f7dd231ddb,0.752827
ab8935721e0240089dafee6f408c220a,a055f8188384479a8bad418f7dffd9a5,0.907611
ab8935721e0240089dafee6f408c220a,d9096650c434432c871effeca9acd5c6,0.892028
ab8935721e0240089dafee6f408c220a,da14e9dc2c3d4963b725de8102de5028,0.852397
ab8935721e0240089dafee6f408c220a,ba8d0208e32e42969bd4349cf24f6ed1,0.822154
ab8935721e0240089dafee6f408c220a,f8e7f9688fd546829da579434180ffee,0.820871
ab8935721e0240089dafee6f408c220a,f2cfa68a47ce4a43a0fe1cc7dc860418,0.797119
ab8935721e0240089dafee6f408c220a,0b57f893483647c3aed811775a4c4c04,0.784375
ab8935721e0240089dafee6f408c220a,5fc200cab89346658c9c91cce27e85fe,0.774429
ab8935721e0240089dafee6f408c220a,15b7b988bba143989cfd98d5c6c4d203,0.759075
ab8935721e0240089dafee6f408c220a,d0e41bf891254ba0872f1641139f84f6,0.752823
00d0f767535a4289833325887d72e3d2,2070754bb5dd4a248be9c2a6a1a9d381,0.946181
00d0f767535a4289833325887d72e3d2,f2cfa68a47ce4a43a0fe1cc7dc860418,0.796725
00d0f767535a4289833325887d72e3d2,0b57f893483647c3aed811775a4c4c04,0.762427
1d0c8e601ffb4534a871d984ad842a4f,a055f8188384479a8bad418f7dffd9a5,0.994597
1d0c8e601ffb4534a871d984ad842a4f,d9096650c434432c871effeca9acd5c6,0.846670
1d0c8e601ffb4534a871d984ad842a4f,da14e9dc2c3d4963b725de8102de5028,0.816851
1d0c8e601ffb4534a871d984ad842a4f,ba8d0208e32e42969bd4349cf24f6ed1,0.796482
1d0c8e601ffb4534a871d984ad842a4f,f8e7f9688fd546829da579434180ffee,0.790236
1d0c8e601ffb4534a871d984ad842a4f,8987ceafff324f9599b842542e37eddd,0.758289
ebd87dca48ae4df38943cc6f9b4f2912,5c8a8b7a59c54b9aa7b7136fd91b5869,0.901012
ebd87dca48ae4df38943cc6f9b4f2912,e9428816b054499298745b742f128f65,0.809502
ebd87dca48ae4df38943cc6f9b4f2912,d60986f4025d443ea58adba0e3d224a1,0.797197
ebd87dca48ae4df38943cc6f9b4f2912,18ab15fbf00f42f7a410ec75f7592bea,0.789949
ebd87dca48ae4df38943cc6f9b4f2912,25afb6f7e9314af09008644bca5955b9,0.775543
ebd87dca48ae4df38943cc6f9b4f2912,7bbe3c76bcc04d73969f920d43fcc67d,0.764057
ebd87dca48ae4df38943cc6f9b4f2912,da88fa5efc674368b593444ca950dff9,0.759058
ebd87dca48ae4df38943cc6f9b4f2912,1c2b01416e3943e3b3c575e53c3f1d16,0.754806
558c6735b6104bc98ca4b2db381640fe,8fca2e4873e946f7a788af2b846cebd7,0.942546
558c6735b6104bc98ca4b2db381640fe,5c644b51b1394a7b8fa0a9a6275c422d,0.764254
6064cb0ed7d64bde866fe6ad42b6ede6,5c8a8b7a59c54b9aa7b7136fd91b5869,0.904683
6064cb0ed7d64bde866fe6ad42b6ede6,e9428816b054499298745b742f128f65,0.831957
6064cb0ed7d64bde866fe6ad42b6ede6,d60986f4025d443ea58adba0e3d224a1,0.814507
6064cb0ed7d64bde866fe6ad42b6ede6,18ab15fbf00f42f7a410ec75f7592bea,0.811967
6064cb0ed7d64bde866fe6ad42b6ede6,25afb6f7e9314af09008644bca5955b9,0.781127
6064cb0ed7d64bde866fe6ad42b6ede6,da88fa5efc674368b593444ca950dff9,0.758620
cf344978d7a04303b41fa8b37a18c300,8fca2e4873e946f7a788af2b846cebd7,0.976702
cf344978d7a04303b41fa8b37a18c300,5c644b51b1394a7b8fa0a9a6275c422d,0.767869
cf344978d7a04303b41fa8b37a18c300,5455e62f52ae4e03b2a5d0e8b9899506,0.762043
cf344978d7a04303b41fa8b37a18c300,be70e49b76c24527b4fddfb6b78b6d8d,0.752700
e8f38f28c61d4444ba078fe27ebcbc24,9094e936e13641cc9bfcc7dc1408d86e,0.981216
4ec003b24cdc4b138166c6b304000312,,
7a0163f3c4484730b1f7324ebf67cd09,9094e936e13641cc9bfcc7dc1408d86e,0.990539
4950b6a47e8e44f8bbb0aac7868f4b36,4e7ee74be72a461fa02fa61bee62bdcc,0.885625
4c620d71caf444eb9f723cc29094dcc2,772cb9726861451d9972604da6f65c55,0.984087
1852c13dfd984c51bfb11e6364bf47ba,189a3b686ad14c24b5e1a495f76dd239,0.991088
1852c13dfd984c51bfb11e6364bf47ba,f8856799293e49feab6368e794eb8b00,0.777663
0e088d9c189b42fba49c31c41949bba8,bf789f42ccfc42c5a330a3f6e30ddb83,0.840371
0e088d9c189b42fba49c31c41949bba8,99ba4cc9355f4d79a68bc69ac12a716f,0.787996
0e088d9c189b42fba49c31c41949bba8,37ae696e40dd42ebb4738722daa3c523,0.786788
0e088d9c189b42fba49c31c41949bba8,7ab9086baf99475d8c93862a7dd36344,0.785587
0e088d9c189b42fba49c31c41949bba8,342aaa81ed004635bbf9cbc2592cd7b6,0.775170
0e088d9c189b42fba49c31c41949bba8,2b039224b54142d185a406b31fe01de2,0.772687
0e088d9c189b42fba49c31c41949bba8,f2077addeb6142c8b3540916522126e8,0.770446
0e088d9c189b42fba49c31c41949bba8,a64f6232ee1e4357937008a327a63cf4,0.758931
0e088d9c189b42fba49c31c41949bba8,ce4fdd5499f8498793c11e586f7da70c,0.758358
46422438d0644a1cb590332f27fe002e,bf789f42ccfc42c5a330a3f6e30ddb83,0.960669
46422438d0644a1cb590332f27fe002e,13cda6e8f2d948eeb5508288a172e76f,0.757674
968aaed29a304ba7b1a1990450602307,37ae696e40dd42ebb4738722daa3c523,0.955994
f3e1733712aa449e916483279ed84027,bf789f42ccfc42c5a330a3f6e30ddb83,0.981984
f3e1733712aa449e916483279ed84027,13cda6e8f2d948eeb5508288a172e76f,0.767057
4fa08d976269478fa124bfa62b83982f,66cba49431224a3788f914d6a80165e1,0.961811
d9a90abcdd1d474ba4dc176d544afc6e,66cba49431224a3788f914d6a80165e1,0.989749
d9a90abcdd1d474ba4dc176d544afc6e,e2769c67dadd4c988f7ccf249a998a56,0.779728
a340c00c29c84c2e841e61bba8c9b67b,bc13c2b0221744a29a8ddf56aa015df9,0.879568
a340c00c29c84c2e841e61bba8c9b67b,89e983dca0a34b768e17b3871b9cea1e,0.787280
a340c00c29c84c2e841e61bba8c9b67b,e511c40ca6324803b5021e47b4e777f8,0.784725
a340c00c29c84c2e841e61bba8c9b67b,99a52c93a3304ec18dab9206f98f2a8b,0.776792
a340c00c29c84c2e841e61bba8c9b67b,643fbbdd6b764ba9904a4ee67a86b9fd,0.774714
a340c00c29c84c2e841e61bba8c9b67b,8d595c7da42545c88052e7b213b6c97c,0.753355
ee8c72e038f140a5bc9cb4770711253a,ca0fe2dd97434e2ca7aecc38d4f1fcd9,0.979079
fcf7329cd9b742bd82f6e3c42cb5139d,bc13c2b0221744a29a8ddf56aa015df9,0.800266
fcf7329cd9b742bd82f6e3c42cb5139d,99830b8da7c24f909914f7bb167f3ea6,0.783182
1a24459300a447d3a68d04bf7b154891,99a52c93a3304ec18dab9206f98f2a8b,0.963758
1a24459300a447d3a68d04bf7b154891,ad42c467d0fe43dbb328073f9a16bc4d,0.803068
1a24459300a447d3a68d04bf7b154891,e511c40ca6324803b5021e47b4e777f8,0.774273
1a24459300a447d3a68d04bf7b154891,bcfa4a4177d44d8b8cda17b7a23196b0,0.769084
1a24459300a447d3a68d04bf7b154891,8d595c7da42545c88052e7b213b6c97c,0.766630
1a24459300a447d3a68d04bf7b154891,b40d3c588ad647ff85e397a6bc5f9d8b,0.761313
1a24459300a447d3a68d04bf7b154891,89e983dca0a34b768e17b3871b9cea1e,0.758645
1a24459300a447d3a68d04bf7b154891,bc13c2b0221744a29a8ddf56aa015df9,0.757340
1a24459300a447d3a68d04bf7b154891,b98519f97e424c1389f5553f0869b15a,0.755704
1a24459300a447d3a68d04bf7b154891,2c3599a1611644f4908562f8fb8870d3,0.753222
37cd8f1e7c334f42965941e69fac45d7,,
e6c222899c8948ca8776d43041023512,b77d8b7bb0114c379139d280a9210e83,0.976785
e6c222899c8948ca8776d43041023512,19a124c6dad14a4fa7864463b081009c,0.760744
e6c222899c8948ca8776d43041023512,70558882c04e46bd99d15e9786468418,0.756861
406a4cc04a7b4bf1bedba252a370170a,6c874292dbcc49ff8bb8bbe5643593a5,0.915696
406a4cc04a7b4bf1bedba252a370170a,52ee59901f3b4de884d7a6720538aed6,0.773918
9536a093de5c454f8107c944fdbc4de0,b77d8b7bb0114c379139d280a9210e83,0.908800
9536a093de5c454f8107c944fdbc4de0,6c874292dbcc49ff8bb8bbe5643593a5,0.774943
9536a093de5c454f8107c944fdbc4de0,70558882c04e46bd99d15e9786468418,0.757550
ee26c03d830d424ba086d493237a5c76,6c874292dbcc49ff8bb8bbe5643593a5,0.892201
ee26c03d830d424ba086d493237a5c76,e1c63000ace94c1d9381d82389fe6afd,0.759071
ee26c03d830d424ba086d493237a5c76,b77d8b7bb0114c379139d280a9210e83,0.758869
f3ab568e4b5948f9ac5e94ddaf848ef1,051d304b7139431fb3bff19b4e75aff7,0.985084
f3ab568e4b5948f9ac5e94ddaf848ef1,59e4dcf2794943b18fb902a6eb475ff8,0.793123
f3ab568e4b5948f9ac5e94ddaf848ef1,664da77d25e74df693eaad44a5e7617f,0.770114
f3ab568e4b5948f9ac5e94ddaf848ef1,7584980704ae4617bb27ca162cc9c5db,0.764471
72711fdab1134c6c884778196c514a78,dbf0926f9f344f1d88b114660db4d2eb,0.987306
72711fdab1134c6c884778196c514a78,2c8eafa0ff26437a862dc2224ab57073,0.803151
72711fdab1134c6c884778196c514a78,6f8d80f8673144dfa7a4e09190442ab3,0.790646
72711fdab1134c6c884778196c514a78,db620271348d404a9a0b978d96c63f29,0.769245
72711fdab1134c6c884778196c514a78,ff171f0b29974f78b0e81fee30abdd38,0.768544
72711fdab1134c6c884778196c514a78,2ece45504eff42469c104dc2a2d03caf,0.759627
72711fdab1134c6c884778196c514a78,aa082284f9894b5aa210c179d59999b1,0.758930
72711fdab1134c6c884778196c514a78,5e44915237fc4445b54b037e1c4e29a4,0.756571
72711fdab1134c6c884778196c514a78,6b7b5d28293d4a5a8075f7f7dd231ddb,0.755765
b40b5c9909d84456806fed5c7fb41ff3,051d304b7139431fb3bff19b4e75aff7,0.983047
b40b5c9909d84456806fed5c7fb41ff3,59e4dcf2794943b18fb902a6eb475ff8,0.785692
b40b5c9909d84456806fed5c7fb41ff3,7584980704ae4617bb27ca162cc9c5db,0.761434
b40b5c9909d84456806fed5c7fb41ff3,664da77d25e74df693eaad44a5e7617f,0.755460
4fd6e570dc5a4e03bbe54c468c9a570c,,
af888c70b0554578b1511b9ccc3a13af,e8f18e4bdf054390a1768978dca8e430,0.831735
af888c70b0554578b1511b9ccc3a13af,20297482a5014732a843c9fdafba548e,0.812345
af888c70b0554578b1511b9ccc3a13af,9909a671f7414c19b2727e7d4d4dcf1b,0.783759
af888c70b0554578b1511b9ccc3a13af,772cb9726861451d9972604da6f65c55,0.765358
47b057e77a1148e08d82607a8ba8b64b,e8f18e4bdf054390a1768978dca8e430,0.921817
47b057e77a1148e08d82607a8ba8b64b,20297482a5014732a843c9fdafba548e,0.765804
47b057e77a1148e08d82607a8ba8b64b,13cda6e8f2d948eeb5508288a172e76f,0.759331
d004772f2bcb4290817f8a5eaf8e089e,9909a671f7414c19b2727e7d4d4dcf1b,0.904533
c5cd895ffe7143f7b76b9704dd73a0e1,e8c8742459dc48a49080bf0e5b3fdee0,0.994426
c5cd895ffe7143f7b76b9704dd73a0e1,27a67d3e76814297aebf64e03d14c336,0.836331
c5cd895ffe7143f7b76b9704dd73a0e1,5be48a6bc26044f2a2e4e9b6a223c319,0.817983
c5cd895ffe7143f7b76b9704dd73a0e1,15b7b988bba143989cfd98d5c6c4d203,0.788297
c5cd895ffe7143f7b76b9704dd73a0e1,b3f8b4bec0164d0e81997b4f5a277e8f,0.764652
c5cd895ffe7143f7b76b9704dd73a0e1,c2a665cec90e46db8d2a74389beb4649,0.764612
4fdf4fbcd0c942659a768bc44c26e36b,27a67d3e76814297aebf64e03d14c336,0.974067
4fdf4fbcd0c942659a768bc44c26e36b,c2a665cec90e46db8d2a74389beb4649,0.864059
4fdf4fbcd0c942659a768bc44c26e36b,e8c8742459dc48a49080bf0e5b3fdee0,0.826631
4fdf4fbcd0c942659a768bc44c26e36b,52f20bd7eb50430c95f0916727880a1b,0.826630
4fdf4fbcd0c942659a768bc44c26e36b,5be48a6bc26044f2a2e4e9b6a223c319,0.815791
4fdf4fbcd0c942659a768bc44c26e36b,b3f8b4bec0164d0e81997b4f5a277e8f,0.811017
4fdf4fbcd0c942659a768bc44c26e36b,664da77d25e74df693eaad44a5e7617f,0.755578
e713b8481db84ce48754efe4036cb367,27a67d3e76814297aebf64e03d14c336,0.960290
e713b8481db84ce48754efe4036cb367,c2a665cec90e46db8d2a74389beb4649,0.863043
e713b8481db84ce48754efe4036cb367,52f20bd7eb50430c95f0916727880a1b,0.840456
e713b8481db84ce48754efe4036cb367,b3f8b4bec0164d0e81997b4f5a277e8f,0.822790
e713b8481db84ce48754efe4036cb367,e8c8742459dc48a49080bf0e5b3fdee0,0.818094
e713b8481db84ce48754efe4036cb367,5be48a6bc26044f2a2e4e9b6a223c319,0.797802
e713b8481db84ce48754efe4036cb367,9d09e3cd382c4d0ea0f6f50261e3e4c8,0.764194
2c6a9ad5618343c3af68eb2b03c705ca,4c293487c809486585d65ed10b2cb1e4,0.943410
a140cb170b604376817a046b5c07af44,67984873125e4a0f9562179c906d1b0f,0.867073
a140cb170b604376817a046b5c07af44,bb84a4cf60c84a8d8e23276b1863d293,0.788410
a140cb170b604376817a046b5c07af44,7e17bbd109dc486c8f0a76f913782180,0.768631
a140cb170b604376817a046b5c07af44,ef511457ee7c490c8e10eccf6e18fef6,0.767663
a140cb170b604376817a046b5c07af44,e2769c67dadd4c988f7ccf249a998a56,0.763391
a140cb170b604376817a046b5c07af44,4c293487c809486585d65ed10b2cb1e4,0.757504
a140cb170b604376817a046b5c07af44,7879fa4d4db046a2a8d195311b6e5789,0.756171
a140cb170b604376817a046b5c07af44,d0b6e9c1cc5341faba9e03c17767bc2e,0.753315
0b381fa026434777872d3b9ac3c227cd,e2769c67dadd4c988f7ccf249a998a56,0.979769
0b381fa026434777872d3b9ac3c227cd,51c6049a18b84ee381d0512e40b67c0e,0.805857
0b381fa026434777872d3b9ac3c227cd,6b4676aba2a746b3ab778315afc8ee82,0.778224
0b381fa026434777872d3b9ac3c227cd,66cba49431224a3788f914d6a80165e1,0.771418
0b381fa026434777872d3b9ac3c227cd,67984873125e4a0f9562179c906d1b0f,0.759317
0b381fa026434777872d3b9ac3c227cd,7e17bbd109dc486c8f0a76f913782180,0.753538
125d9c4bb335433bb1a04d677002207c,664da77d25e74df693eaad44a5e7617f,0.894075
125d9c4bb335433bb1a04d677002207c,59e4dcf2794943b18fb902a6eb475ff8,0.844085
125d9c4bb335433bb1a04d677002207c,291130c42a884be2800e026bab5ddf53,0.783463
125d9c4bb335433bb1a04d677002207c,051d304b7139431fb3bff19b4e75aff7,0.777103
dc06b2fc4efd4a42ae957e86afc762c4,59e4dcf2794943b18fb902a6eb475ff8,0.973954
dc06b2fc4efd4a42ae957e86afc762c4,664da77d25e74df693eaad44a5e7617f,0.862580
dc06b2fc4efd4a42ae957e86afc762c4,291130c42a884be2800e026bab5ddf53,0.828275
dc06b2fc4efd4a42ae957e86afc762c4,051d304b7139431fb3bff19b4e75aff7,0.799327
dc06b2fc4efd4a42ae957e86afc762c4,03df72bcf3504272a27f4bbaea89118a,0.792942
dc06b2fc4efd4a42ae957e86afc762c4,be8953cc364d46cebbcc2c2da2c348ab,0.760005
ee46cf904fbc4ddfae1da60297817b48,03df72bcf3504272a27f4bbaea89118a,0.982131
ee46cf904fbc4ddfae1da60297817b48,59e4dcf2794943b18fb902a6eb475ff8,0.801630
ee46cf904fbc4ddfae1da60297817b48,664da77d25e74df693eaad44a5e7617f,0.781197
ee46cf904fbc4ddfae1da60297817b48,f6061b71031b4ddb9384f86c103690a4,0.767845
ee46cf904fbc4ddfae1da60297817b48,291130c42a884be2800e026bab5ddf53,0.755677
ee46cf904fbc4ddfae1da60297817b48,5be48a6bc26044f2a2e4e9b6a223c319,0.754144
2d078fc2891f4628914aa44ba8603a04,59e4dcf2794943b18fb902a6eb475ff8,0.968107
2d078fc2891f4628914aa44ba8603a04,664da77d25e74df693eaad44a5e7617f,0.866275
2d078fc2891f4628914aa44ba8603a04,291130c42a884be2800e026bab5ddf53,0.828529
2d078fc2891f4628914aa44ba8603a04,051d304b7139431fb3bff19b4e75aff7,0.799551
2d078fc2891f4628914aa44ba8603a04,03df72bcf3504272a27f4bbaea89118a,0.798107
2d078fc2891f4628914aa44ba8603a04,be8953cc364d46cebbcc2c2da2c348ab,0.753403
e394d55c1e79420f832b2aabb8a96d39,03df72bcf3504272a27f4bbaea89118a,0.967444
e394d55c1e79420f832b2aabb8a96d39,59e4dcf2794943b18fb902a6eb475ff8,0.788982
e394d55c1e79420f832b2aabb8a96d39,664da77d25e74df693eaad44a5e7617f,0.772010
e394d55c1e79420f832b2aabb8a96d39,f6061b71031b4ddb9384f86c103690a4,0.768791
946d71a18f264ed887f55c1a9a2ffc4d,26b18153216b48d793b75598ddb54d77,0.977450
946d71a18f264ed887f55c1a9a2ffc4d,e88ce4cd350f43398a5c0ab8629cee72,0.774543
946d71a18f264ed887f55c1a9a2ffc4d,4a7fa5a1bafe4b6995e2920444ac07c4,0.770410
946d71a18f264ed887f55c1a9a2ffc4d,e96fae6d607246b18b8494aabe521036,0.770377
946d71a18f264ed887f55c1a9a2ffc4d,1d70bc69b2f84bef9aa5fb0d9917e38d,0.770349
946d71a18f264ed887f55c1a9a2ffc4d,7bbe3c76bcc04d73969f920d43fcc67d,0.762334
946d71a18f264ed887f55c1a9a2ffc4d,29088685e31a4d86b60b514e98117361,0.759673
e89b67fc618f4ccc84877eb31c645e09,26b18153216b48d793b75598ddb54d77,0.975231
e89b67fc618f4ccc84877eb31c645e09,1d70bc69b2f84bef9aa5fb0d9917e38d,0.779854
e89b67fc618f4ccc84877eb31c645e09,e96fae6d607246b18b8494aabe521036,0.776856
e89b67fc618f4ccc84877eb31c645e09,4a7fa5a1bafe4b6995e2920444ac07c4,0.773904
e89b67fc618f4ccc84877eb31c645e09,e88ce4cd350f43398a5c0ab8629cee72,0.765335
e89b67fc618f4ccc84877eb31c645e09,29088685e31a4d86b60b514e98117361,0.764132
bc267c43ca1f44febd9e7093727ef543,4a7fa5a1bafe4b6995e2920444ac07c4,0.911726
bc267c43ca1f44febd9e7093727ef543,b4dadb3ea3a04cc3932094471debce13,0.804203
bc267c43ca1f44febd9e7093727ef543,26b18153216b48d793b75598ddb54d77,0.787462
bc267c43ca1f44febd9e7093727ef543,5455e62f52ae4e03b2a5d0e8b9899506,0.786992
bc267c43ca1f44febd9e7093727ef543,be9e713988ba4bbba869885cad419259,0.769831
bc267c43ca1f44febd9e7093727ef543,7bbe3c76bcc04d73969f920d43fcc67d,0.764012
bc267c43ca1f44febd9e7093727ef543,ef511457ee7c490c8e10eccf6e18fef6,0.763608
bc267c43ca1f44febd9e7093727ef543,1d70bc69b2f84bef9aa5fb0d9917e38d,0.757272
bc267c43ca1f44febd9e7093727ef543,5c644b51b1394a7b8fa0a9a6275c422d,0.752765
01ac8202a1f44b648edeaa48d9b3be1c,4a7fa5a1bafe4b6995e2920444ac07c4,0.979722
01ac8202a1f44b648edeaa48d9b3be1c,b4dadb3ea3a04cc3932094471debce13,0.843850
01ac8202a1f44b648edeaa48d9b3be1c,ef511457ee7c490c8e10eccf6e18fef6,0.798929
01ac8202a1f44b648edeaa48d9b3be1c,3e59b61eb70146308db2308b988b54cf,0.784865
01ac8202a1f44b648edeaa48d9b3be1c,14f4db886cca4104877ac7d1d7a64133,0.782154
01ac8202a1f44b648edeaa48d9b3be1c,7bbe3c76bcc04d73969f920d43fcc67d,0.777872
01ac8202a1f44b648edeaa48d9b3be1c,26b18153216b48d793b75598ddb54d77,0.775967
01ac8202a1f44b648edeaa48d9b3be1c,0eb119aabc884795a4768c6d3e677ea1,0.773913
01ac8202a1f44b648edeaa48d9b3be1c,50a2129b83404b94889a01f4688ebafd,0.773679
01ac8202a1f44b648edeaa48d9b3be1c,0daf8d5687b54d158f7f752884c42334,0.773029
3f6590287d024cde9a430ca74bf005c7,8a464aa9e2ee45d0abc7ae6181cd1bda,0.914965
c293e0f7c0da40049992e9ce791370db,2939ef012c5c4a1b94b49df9469dfb3c,0.917795
c293e0f7c0da40049992e9ce791370db,f8856799293e49feab6368e794eb8b00,0.754547
30cf83c6a107496a894c8ee50f9b6941,2939ef012c5c4a1b94b49df9469dfb3c,0.902907
30cf83c6a107496a894c8ee50f9b6941,f8856799293e49feab6368e794eb8b00,0.754168
0cf92dcb9bc94f0697e76d4ccdd96aea,8a464aa9e2ee45d0abc7ae6181cd1bda,0.964431
0defb2dd1f4e42b8867d78c68c45bf69,14ca42308d3141fba50b774042144343,0.970719
7e165023b13a4ea89bb41b86336ed275,7f0b453cc8c14156802497f5cbae9d62,0.938283
7e165023b13a4ea89bb41b86336ed275,673aee19895b4d339ada93213d8874ac,0.860137
7e165023b13a4ea89bb41b86336ed275,e59dba65749140f4a1bdaf2695de2fc6,0.841328
7e165023b13a4ea89bb41b86336ed275,d37bf09399d848df9a4d880fb097239c,0.770329
7e165023b13a4ea89bb41b86336ed275,b7f5c165ea2242709a2fb71f3a3f1bcb,0.762201
7e165023b13a4ea89bb41b86336ed275,761a3a01495143f0a86beac4234cae3a,0.758626
bbd916e845d14857ad0f48dd4693ed85,673aee19895b4d339ada93213d8874ac,0.997323
bbd916e845d14857ad0f48dd4693ed85,7f0b453cc8c14156802497f5cbae9d62,0.877877
bbd916e845d14857ad0f48dd4693ed85,e59dba65749140f4a1bdaf2695de2fc6,0.854658
bbd916e845d14857ad0f48dd4693ed85,b0236c76ae244fd8aacbea7da10e55ca,0.757307
bbd916e845d14857ad0f48dd4693ed85,d2a03ea4b2d3439ca3dc6fe056ab0f04,0.752866
e74837fbb60c42a4a65d86d1568b4649,b7f5c165ea2242709a2fb71f3a3f1bcb,0.978519
e74837fbb60c42a4a65d86d1568b4649,7f0b453cc8c14156802497f5cbae9d62,0.808848
e74837fbb60c42a4a65d86d1568b4649,e59dba65749140f4a1bdaf2695de2fc6,0.803764
e74837fbb60c42a4a65d86d1568b4649,b6da55bea1244cf0a753b258420946b2,0.799256
e74837fbb60c42a4a65d86d1568b4649,d37bf09399d848df9a4d880fb097239c,0.792486
e74837fbb60c42a4a65d86d1568b4649,00614d60b3544ba790dfd23dd53992e0,0.785392
e74837fbb60c42a4a65d86d1568b4649,07d869789eda4445a1ecfe59c331db0d,0.781777
e74837fbb60c42a4a65d86d1568b4649,f532294d68604bc2aa9ad8804a8c6d5f,0.771613
e74837fbb60c42a4a65d86d1568b4649,68aefc97056440af874039a28497cf98,0.764863
e74837fbb60c42a4a65d86d1568b4649,673aee19895b4d339ada93213d8874ac,0.755041
13f2026fed26452685621e4b5e90c497,db2466dc7da64ac5a2a21c20ace67856,0.889027
a3a3c4b19635404cace83ff7b80a1679,db2466dc7da64ac5a2a21c20ace67856,0.796722
72772d2296a24491b21db0cf0ffec2cc,4385ac4645b34f3c8a44c4676ebcd8be,0.916721
72772d2296a24491b21db0cf0ffec2cc,15b7b988bba143989cfd98d5c6c4d203,0.836174
3c36c01d06db430891436e7338519629,4385ac4645b34f3c8a44c4676ebcd8be,0.922898
3c36c01d06db430891436e7338519629,15b7b988bba143989cfd98d5c6c4d203,0.833668
27f5e7c9028741ea99cbf424d87b7f8f,15b7b988bba143989cfd98d5c6c4d203,0.963854
27f5e7c9028741ea99cbf424d87b7f8f,4385ac4645b34f3c8a44c4676ebcd8be,0.804668
27f5e7c9028741ea99cbf424d87b7f8f,f6061b71031b4ddb9384f86c103690a4,0.802409
27f5e7c9028741ea99cbf424d87b7f8f,5be48a6bc26044f2a2e4e9b6a223c319,0.784108
27f5e7c9028741ea99cbf424d87b7f8f,e8c8742459dc48a49080bf0e5b3fdee0,0.777581
27f5e7c9028741ea99cbf424d87b7f8f,0e8487b2e6a2439b9e6623a1e2e5e19d,0.769610
27f5e7c9028741ea99cbf424d87b7f8f,3f28365e18244eb28cc7d23de8895956,0.761976
27f5e7c9028741ea99cbf424d87b7f8f,5cf392f15360460bae6a6b0182bb99b9,0.757705
27f5e7c9028741ea99cbf424d87b7f8f,d9096650c434432c871effeca9acd5c6,0.756013
1ff1f628d46c4fffbf9a44323220d682,b2bcb4d9456c4763a0159ffd1f3660bb,0.982118
1ff1f628d46c4fffbf9a44323220d682,cb2505b30d8a4dc086c353cf94424b6d,0.831695
1ff1f628d46c4fffbf9a44323220d682,361f2b7f3f044907b3a331872fb18755,0.755206
d12ab20387aa452093121c89f55faef6,cb2505b30d8a4dc086c353cf94424b6d,0.968042
d12ab20387aa452093121c89f55faef6,b2bcb4d9456c4763a0159ffd1f3660bb,0.827641
d12ab20387aa452093121c89f55faef6,059a284910e849efbbc7073b8681409f,0.773679
d12ab20387aa452093121c89f55faef6,3d3e8565d2f84e0cad5ae622f2909765,0.756388
cf7d4b9d3c9c4789b84574f7294511e4,b2bcb4d9456c4763a0159ffd1f3660bb,0.974642
cf7d4b9d3c9c4789b84574f7294511e4,cb2505b30d8a4dc086c353cf94424b6d,0.843238
cf7d4b9d3c9c4789b84574f7294511e4,361f2b7f3f044907b3a331872fb18755,0.758298
ebadbbba9888428c97cd7f6f9d614d2b,cb2505b30d8a4dc086c353cf94424b6d,0.961024
ebadbbba9888428c97cd7f6f9d614d2b,b2bcb4d9456c4763a0159ffd1f3660bb,0.827274
ebadbbba9888428c97cd7f6f9d614d2b,059a284910e849efbbc7073b8681409f,0.754947
3ef127b149d24d42a5b4d73a369daeba,8fdee0611965465eb45387b8c39f4136,0.912664
3ef127b149d24d42a5b4d73a369daeba,8c7c9eaae41a44a3a4ebe39ce167d300,0.794665
3ef127b149d24d42a5b4d73a369daeba,059a284910e849efbbc7073b8681409f,0.792542
3ef127b149d24d42a5b4d73a369daeba,3d3e8565d2f84e0cad5ae622f2909765,0.766483
3ef127b149d24d42a5b4d73a369daeba,e2e0c8c96aff4c00896ac6986bbb20c2,0.757071
86cc05a71e4440cba336690dfa0149ac,8fdee0611965465eb45387b8c39f4136,0.898676
86cc05a71e4440cba336690dfa0149ac,059a284910e849efbbc7073b8681409f,0.779641
86cc05a71e4440cba336690dfa0149ac,8c7c9eaae41a44a3a4ebe39ce167d300,0.765100
86cc05a71e4440cba336690dfa0149ac,3d3e8565d2f84e0cad5ae622f2909765,0.755732
dda93eeaef8c4891aa99f6851955606e,3aa003c1e31b476e999c3a808a1d5dc6,0.992054
dda93eeaef8c4891aa99f6851955606e,65e30dd62cfa4dccb9ea4d908a9d6fab,0.854049
dda93eeaef8c4891aa99f6851955606e,0daf8d5687b54d158f7f752884c42334,0.825017
dda93eeaef8c4891aa99f6851955606e,bbdf9065122d499d9d8f80ad3e0ef6f3,0.792135
dda93eeaef8c4891aa99f6851955606e,4a7fa5a1bafe4b6995e2920444ac07c4,0.759198
1c7e49f7fcc1484593f48dc107e63996,65e30dd62cfa4dccb9ea4d908a9d6fab,0.980697
1c7e49f7fcc1484593f48dc107e63996,3aa003c1e31b476e999c3a808a1d5dc6,0.839780
1c7e49f7fcc1484593f48dc107e63996,0daf8d5687b54d158f7f752884c42334,0.808078
1c7e49f7fcc1484593f48dc107e63996,bbdf9065122d499d9d8f80ad3e0ef6f3,0.776115
1c7e49f7fcc1484593f48dc107e63996,2d43cf91509846e29ab4febd7781919f,0.755235
1c7e49f7fcc1484593f48dc107e63996,27a0d24dc1e14b28a1f18456b29c93f1,0.754825
1c7e49f7fcc1484593f48dc107e63996,78809cb3c6b841a9b8b132133dd6bb96,0.752757
01b3be2b5b2f4891ad053f74f427514b,3aa003c1e31b476e999c3a808a1d5dc6,0.989650
01b3be2b5b2f4891ad053f74f427514b,65e30dd62cfa4dccb9ea4d908a9d6fab,0.853325
01b3be2b5b2f4891ad053f74f427514b,0daf8d5687b54d158f7f752884c42334,0.828783
01b3be2b5b2f4891ad053f74f427514b,bbdf9065122d499d9d8f80ad3e0ef6f3,0.796458
01b3be2b5b2f4891ad053f74f427514b,4a7fa5a1bafe4b6995e2920444ac07c4,0.761711
6da229c88f574b79a9aa35557565a86e,4230775a9d51448396cacb9061f0e5f9,0.963930
6da229c88f574b79a9aa35557565a86e,afac6ae28fac41dabae96696990c5555,0.864499
6da229c88f574b79a9aa35557565a86e,8ad1f345ca194b29bde0a924f27b2de5,0.849328
6da229c88f574b79a9aa35557565a86e,d7618b61a65a4bc1a0d0f2cc1bddc448,0.846308
6da229c88f574b79a9aa35557565a86e,116f6c1f0cb54312986a0a729508a33e,0.844823
6da229c88f574b79a9aa35557565a86e,a8904adcdd21495f890bc614bfdbf86f,0.840960
6da229c88f574b79a9aa35557565a86e,bb6ecabbce1b43d997d00d7acdc95193,0.833360
6da229c88f574b79a9aa35557565a86e,fe363cef357840fcb35f320fe7c27e4e,0.827410
6da229c88f574b79a9aa35557565a86e,af648fa7ac6c4c50a246de470329cd83,0.823393
6da229c88f574b79a9aa35557565a86e,fc70a4c2c4834e0eba1a14470f563b03,0.821345
692f47ec6a394c83acb7708bfd6c7c96,fc70a4c2c4834e0eba1a14470f563b03,0.978837
692f47ec6a394c83acb7708bfd6c7c96,8c5f38853679436ba434b6a696e43168,0.850621
692f47ec6a394c83acb7708bfd6c7c96,afac6ae28fac41dabae96696990c5555,0.843589
692f47ec6a394c83acb7708bfd6c7c96,bb6ecabbce1b43d997d00d7acdc95193,0.833902
692f47ec6a394c83acb7708bfd6c7c96,fe363cef357840fcb35f320fe7c27e4e,0.833296
692f47ec6a394c83acb7708bfd6c7c96,887e323cc38f4cf8adc5970617f1c286,0.832573
692f47ec6a394c83acb7708bfd6c7c96,4230775a9d51448396cacb9061f0e5f9,0.824797
692f47ec6a394c83acb7708bfd6c7c96,af648fa7ac6c4c50a246de470329cd83,0.815142
692f47ec6a394c83acb7708bfd6c7c96,8ad1f345ca194b29bde0a924f27b2de5,0.810649
692f47ec6a394c83acb7708bfd6c7c96,a8904adcdd21495f890bc614bfdbf86f,0.809964
f880dd7555534b77bb131f2d6fa4ab37,4230775a9d51448396cacb9061f0e5f9,0.960906
f880dd7555534b77bb131f2d6fa4ab37,afac6ae28fac41dabae96696990c5555,0.862419
f880dd7555534b77bb131f2d6fa4ab37,116f6c1f0cb54312986a0a729508a33e,0.856348
f880dd7555534b77bb131f2d6fa4ab37,d7618b61a65a4bc1a0d0f2cc1bddc448,0.850574
f880dd7555534b77bb131f2d6fa4ab37,8ad1f345ca194b29bde0a924f27b2de5,0.849217
f880dd7555534b77bb131f2d6fa4ab37,a8904adcdd21495f890bc614bfdbf86f,0.849160
f880dd7555534b77bb131f2d6fa4ab37,bb6ecabbce1b43d997d00d7acdc95193,0.836660
f880dd7555534b77bb131f2d6fa4ab37,fe363cef357840fcb35f320fe7c27e4e,0.832328
f880dd7555534b77bb131f2d6fa4ab37,8c5f38853679436ba434b6a696e43168,0.830656
f880dd7555534b77bb131f2d6fa4ab37,fc70a4c2c4834e0eba1a14470f563b03,0.828013
fc88a18e8b6343d3a58e4aab7a84620b,fc70a4c2c4834e0eba1a14470f563b03,0.980069
fc88a18e8b6343d3a58e4aab7a84620b,8c5f38853679436ba434b6a696e43168,0.854226
fc88a18e8b6343d3a58e4aab7a84620b,887e323cc38f4cf8adc5970617f1c286,0.839148
fc88a18e8b6343d3a58e4aab7a84620b,afac6ae28fac41dabae96696990c5555,0.837151
fc88a18e8b6343d3a58e4aab7a84620b,bb6ecabbce1b43d997d00d7acdc95193,0.834948
fc88a18e8b6343d3a58e4aab7a84620b,fe363cef357840fcb35f320fe7c27e4e,0.824944
fc88a18e8b6343d3a58e4aab7a84620b,4230775a9d51448396cacb9061f0e5f9,0.821131
fc88a18e8b6343d3a58e4aab7a84620b,116f6c1f0cb54312986a0a729508a33e,0.811461
fc88a18e8b6343d3a58e4aab7a84620b,a8904adcdd21495f890bc614bfdbf86f,0.804626
fc88a18e8b6343d3a58e4aab7a84620b,8ad1f345ca194b29bde0a924f27b2de5,0.804473
b715f62fa2f14ddeb98cb30d9c54339d,3b7d56c26da14b3a9b1cd52b5b35891b,0.941706
b715f62fa2f14ddeb98cb30d9c54339d,9ffa09a2b9bd4da0ba98fc537ca68802,0.897396
b715f62fa2f14ddeb98cb30d9c54339d,1004b33e3126472faa78e1929ed974e6,0.862918
b715f62fa2f14ddeb98cb30d9c54339d,9aca522158f443fd8a9caaec38ae5e2c,0.813008
b715f62fa2f14ddeb98cb30d9c54339d,ec07b4e88bea4086a5eafed96d81edb5,0.794583
b715f62fa2f14ddeb98cb30d9c54339d,f2077addeb6142c8b3540916522126e8,0.791225
b715f62fa2f14ddeb98cb30d9c54339d,0228b1e9e3244da3a727930123ba7bda,0.789282
b715f62fa2f14ddeb98cb30d9c54339d,36ee1613abf245cdbe93fef69b5f981f,0.756429
07cc561ef3f04e93a701b6919ee81175,0228b1e9e3244da3a727930123ba7bda,0.992268
07cc561ef3f04e93a701b6919ee81175,9aca522158f443fd8a9caaec38ae5e2c,0.898504
07cc561ef3f04e93a701b6919ee81175,1004b33e3126472faa78e1929ed974e6,0.823289
07cc561ef3f04e93a701b6919ee81175,9ffa09a2b9bd4da0ba98fc537ca68802,0.820378
07cc561ef3f04e93a701b6919ee81175,f2077addeb6142c8b3540916522126e8,0.817046
07cc561ef3f04e93a701b6919ee81175,3b7d56c26da14b3a9b1cd52b5b35891b,0.804043
07cc561ef3f04e93a701b6919ee81175,7c061d36393540b49e20d98086bdb5bd,0.803260
07cc561ef3f04e93a701b6919ee81175,ce4fdd5499f8498793c11e586f7da70c,0.762871
07cc561ef3f04e93a701b6919ee81175,c5486d5e31084ee797da0ebdacb17abc,0.760170
cb80f73ab9454fa798342057923edd40,3b7d56c26da14b3a9b1cd52b5b35891b,0.925996
cb80f73ab9454fa798342057923edd40,9ffa09a2b9bd4da0ba98fc537ca68802,0.882351
cb80f73ab9454fa798342057923edd40,1004b33e3126472faa78e1929ed974e6,0.845997
cb80f73ab9454fa798342057923edd40,9aca522158f443fd8a9caaec38ae5e2c,0.841702
cb80f73ab9454fa798342057923edd40,0228b1e9e3244da3a727930123ba7bda,0.805228
cb80f73ab9454fa798342057923edd40,ec07b4e88bea4086a5eafed96d81edb5,0.803745
cb80f73ab9454fa798342057923edd40,f2077addeb6142c8b3540916522126e8,0.796055
cb80f73ab9454fa798342057923edd40,99ba4cc9355f4d79a68bc69ac12a716f,0.761272
cb80f73ab9454fa798342057923edd40,ce4fdd5499f8498793c11e586f7da70c,0.761238
cb80f73ab9454fa798342057923edd40,a5365055a36a4ec1bf5b0ce2ef949a35,0.760188
c7fdef440d9345c6b34634ef46754490,415641aa43724ed9bc4710302b77edc3,0.983988
c7fdef440d9345c6b34634ef46754490,f4b7e6e902e344859cb041126b69ce3c,0.794177
c7fdef440d9345c6b34634ef46754490,11e9586d6c7a443c8025278f8ef53b6d,0.781233
c7fdef440d9345c6b34634ef46754490,ae3f42d57b3046a3821026173286a43e,0.771618
c7fdef440d9345c6b34634ef46754490,3f28365e18244eb28cc7d23de8895956,0.758393
f94bc288e76b4781b013d419ca5295b2,f4b7e6e902e344859cb041126b69ce3c,0.987679
f94bc288e76b4781b013d419ca5295b2,415641aa43724ed9bc4710302b77edc3,0.806639
f94bc288e76b4781b013d419ca5295b2,503d2f067a8a4f5798b1c64b07ab0bc5,0.757093
f94bc288e76b4781b013d419ca5295b2,8987ceafff324f9599b842542e37eddd,0.754235
c6a1eb4b8cc74dc0a3d818ef10b1b04e,415641aa43724ed9bc4710302b77edc3,0.954736
c6a1eb4b8cc74dc0a3d818ef10b1b04e,f4b7e6e902e344859cb041126b69ce3c,0.785220
c6a1eb4b8cc74dc0a3d818ef10b1b04e,11e9586d6c7a443c8025278f8ef53b6d,0.770250
c6a1eb4b8cc74dc0a3d818ef10b1b04e,3f28365e18244eb28cc7d23de8895956,0.753207
f34c07d2f2ad4b4fb027ab3f4c68bffd,f4b7e6e902e344859cb041126b69ce3c,0.927728
f34c07d2f2ad4b4fb027ab3f4c68bffd,415641aa43724ed9bc4710302b77edc3,0.781157
f34c07d2f2ad4b4fb027ab3f4c68bffd,0e8487b2e6a2439b9e6623a1e2e5e19d,0.762744
f34c07d2f2ad4b4fb027ab3f4c68bffd,a7077a82d2c74518b96fb45e35f6e150,0.754993
bd6f2e8af94548da8676de16a6853e69,d87e5facd03b45f9829e8a1cd0fe0190,0.850419
bd6f2e8af94548da8676de16a6853e69,0568345606fa4a2c84ed4ea6c74639ee,0.832632
bd6f2e8af94548da8676de16a6853e69,7dd5e88dfdd24cafab2c765939757354,0.814206
bd6f2e8af94548da8676de16a6853e69,599feb1e512c43ad8c0a1845922acf78,0.759843
af596599aa804ad2bbe10c2ddf0b3e34,d87e5facd03b45f9829e8a1cd0fe0190,0.862227
af596599aa804ad2bbe10c2ddf0b3e34,0568345606fa4a2c84ed4ea6c74639ee,0.838790
af596599aa804ad2bbe10c2ddf0b3e34,7dd5e88dfdd24cafab2c765939757354,0.804207
af596599aa804ad2bbe10c2ddf0b3e34,599feb1e512c43ad8c0a1845922acf78,0.770317
680120b1438b42a3acd998a7e00f02ef,d87e5facd03b45f9829e8a1cd0fe0190,0.975116
680120b1438b42a3acd998a7e00f02ef,0568345606fa4a2c84ed4ea6c74639ee,0.804765
680120b1438b42a3acd998a7e00f02ef,7dd5e88dfdd24cafab2c765939757354,0.786971
680120b1438b42a3acd998a7e00f02ef,da61e0de396149208c9ebd0fd6d7415d,0.762098
5d17356d82d74aa3a6e6f979ef1796fd,d87e5facd03b45f9829e8a1cd0fe0190,0.990013
5d17356d82d74aa3a6e6f979ef1796fd,0568345606fa4a2c84ed4ea6c74639ee,0.809478
5d17356d82d74aa3a6e6f979ef1796fd,7dd5e88dfdd24cafab2c765939757354,0.791132
5d17356d82d74aa3a6e6f979ef1796fd,f5bcc6f48ed2447581b401d453039866,0.754579
6b3c7ce1b5524d3e98acc2312a661188,d7618b61a65a4bc1a0d0f2cc1bddc448,0.989324
6b3c7ce1b5524d3e98acc2312a661188,afac6ae28fac41dabae96696990c5555,0.867230
6b3c7ce1b5524d3e98acc2312a661188,a8904adcdd21495f890bc614bfdbf86f,0.857361
6b3c7ce1b5524d3e98acc2312a661188,4230775a9d51448396cacb9061f0e5f9,0.831665
6b3c7ce1b5524d3e98acc2312a661188,8ad1f345ca194b29bde0a924f27b2de5,0.828368
6b3c7ce1b5524d3e98acc2312a661188,bb6ecabbce1b43d997d00d7acdc95193,0.825431
6b3c7ce1b5524d3e98acc2312a661188,fe363cef357840fcb35f320fe7c27e4e,0.813658
6b3c7ce1b5524d3e98acc2312a661188,116f6c1f0cb54312986a0a729508a33e,0.812495
6b3c7ce1b5524d3e98acc2312a661188,fc70a4c2c4834e0eba1a14470f563b03,0.810186
6b3c7ce1b5524d3e98acc2312a661188,716a15d66b63424a8068da89e75733b4,0.806850
d31bba63f0c74cfd9135ddb2ec58f186,716a15d66b63424a8068da89e75733b4,0.985693
d31bba63f0c74cfd9135ddb2ec58f186,a8904adcdd21495f890bc614bfdbf86f,0.882197
d31bba63f0c74cfd9135ddb2ec58f186,8c5f38853679436ba434b6a696e43168,0.859567
d31bba63f0c74cfd9135ddb2ec58f186,91f0da6d71574ababd8e868bddec9310,0.854388
d31bba63f0c74cfd9135ddb2ec58f186,1d93c07de74c482ebf0a76ec564c3252,0.833335
d31bba63f0c74cfd9135ddb2ec58f186,33e2a95109e647cbb4ba2687631b169a,0.830376
d31bba63f0c74cfd9135ddb2ec58f186,d37bf09399d848df9a4d880fb097239c,0.827896
d31bba63f0c74cfd9135ddb2ec58f186,13aca0959cc948cabeee0d7255f55a65,0.824854
d31bba63f0c74cfd9135ddb2ec58f186,fc70a4c2c4834e0eba1a14470f563b03,0.819804
d31bba63f0c74cfd9135ddb2ec58f186,116f6c1f0cb54312986a0a729508a33e,0.818478
908351dacb5c427f88bd9aa375503388,b64cef9df31c4e92a7b7ecd42f74f396,0.799304
33683cdbfab14a3f8b56e5f75d2b3d00,76e41369a6794714a9fab6968839bfe6,0.969745
33683cdbfab14a3f8b56e5f75d2b3d00,7bbe3c76bcc04d73969f920d43fcc67d,0.761306
33683cdbfab14a3f8b56e5f75d2b3d00,25afb6f7e9314af09008644bca5955b9,0.754919
33683cdbfab14a3f8b56e5f75d2b3d00,ca544e6629b14e8fab5f7cb40d1ac88e,0.754855
cbb9562935ed4ec7b4fbd9c04a1c17c3,76e41369a6794714a9fab6968839bfe6,0.919105
cbb9562935ed4ec7b4fbd9c04a1c17c3,bb84a4cf60c84a8d8e23276b1863d293,0.780109
cbb9562935ed4ec7b4fbd9c04a1c17c3,67984873125e4a0f9562179c906d1b0f,0.776833
cbb9562935ed4ec7b4fbd9c04a1c17c3,25afb6f7e9314af09008644bca5955b9,0.767142
cbb9562935ed4ec7b4fbd9c04a1c17c3,e88ce4cd350f43398a5c0ab8629cee72,0.753737
2093ec4e54224ee59a6b3df761f52ad4,b64cef9df31c4e92a7b7ecd42f74f396,0.953727
2093ec4e54224ee59a6b3df761f52ad4,bb84a4cf60c84a8d8e23276b1863d293,0.767507
2093ec4e54224ee59a6b3df761f52ad4,b0236c76ae244fd8aacbea7da10e55ca,0.767059
2093ec4e54224ee59a6b3df761f52ad4,d37bf09399d848df9a4d880fb097239c,0.760543
034598db2c774843ae5b70f89a468dd1,8c7c9eaae41a44a3a4ebe39ce167d300,0.983387
034598db2c774843ae5b70f89a468dd1,b834c0b0c10b471b87ad3f11468de619,0.915120
034598db2c774843ae5b70f89a468dd1,db69f22fe72246ea85d33991961a649a,0.809747
034598db2c774843ae5b70f89a468dd1,be9e713988ba4bbba869885cad419259,0.803491
034598db2c774843ae5b70f89a468dd1,eeb3b60f34af40de850e065b475d8180,0.790002
034598db2c774843ae5b70f89a468dd1,8fdee0611965465eb45387b8c39f4136,0.777798
034598db2c774843ae5b70f89a468dd1,e2e0c8c96aff4c00896ac6986bbb20c2,0.772512
034598db2c774843ae5b70f89a468dd1,f92d16d3a970487094292439c3e00923,0.766723
034598db2c774843ae5b70f89a468dd1,8683a3ad55d84a78834fabe20cde5269,0.763839
034598db2c774843ae5b70f89a468dd1,b675be39e8ff421aa59811f146da945b,0.755781
e1b0c09a4b5745ba87cb45d6b31cc047,8c7c9eaae41a44a3a4ebe39ce167d300,0.890561
e1b0c09a4b5745ba87cb45d6b31cc047,b834c0b0c10b471b87ad3f11468de619,0.885195
e1b0c09a4b5745ba87cb45d6b31cc047,be9e713988ba4bbba869885cad419259,0.822007
e1b0c09a4b5745ba87cb45d6b31cc047,db69f22fe72246ea85d33991961a649a,0.818859
e1b0c09a4b5745ba87cb45d6b31cc047,eeb3b60f34af40de850e065b475d8180,0.793585
e1b0c09a4b5745ba87cb45d6b31cc047,e2e0c8c96aff4c00896ac6986bbb20c2,0.780896
e1b0c09a4b5745ba87cb45d6b31cc047,04fa591263664fb0a6868552ebd3590b,0.756906
e1b0c09a4b5745ba87cb45d6b31cc047,f92d16d3a970487094292439c3e00923,0.755867
e1b0c09a4b5745ba87cb45d6b31cc047,673aee19895b4d339ada93213d8874ac,0.754907
2ee4e4c157314893ac1677408acd1e13,8c7c9eaae41a44a3a4ebe39ce167d300,0.979269
2ee4e4c157314893ac1677408acd1e13,b834c0b0c10b471b87ad3f11468de619,0.907513
2ee4e4c157314893ac1677408acd1e13,db69f22fe72246ea85d33991961a649a,0.813306
2ee4e4c157314893ac1677408acd1e13,be9e713988ba4bbba869885cad419259,0.802564
2ee4e4c157314893ac1677408acd1e13,eeb3b60f34af40de850e065b475d8180,0.801213
2ee4e4c157314893ac1677408acd1e13,e2e0c8c96aff4c00896ac6986bbb20c2,0.783732
2ee4e4c157314893ac1677408acd1e13,f92d16d3a970487094292439c3e00923,0.777063
2ee4e4c157314893ac1677408acd1e13,8fdee0611965465eb45387b8c39f4136,0.768597
2ee4e4c157314893ac1677408acd1e13,b2bcb4d9456c4763a0159ffd1f3660bb,0.766772
2ee4e4c157314893ac1677408acd1e13,8683a3ad55d84a78834fabe20cde5269,0.766612
d2d1bfd6b701442bac97d11e1bcdcbff,b834c0b0c10b471b87ad3f11468de619,0.883306
d2d1bfd6b701442bac97d11e1bcdcbff,8c7c9eaae41a44a3a4ebe39ce167d300,0.874115
d2d1bfd6b701442bac97d11e1bcdcbff,db69f22fe72246ea85d33991961a649a,0.776077
d2d1bfd6b701442bac97d11e1bcdcbff,be9e713988ba4bbba869885cad419259,0.755726
d2d1bfd6b701442bac97d11e1bcdcbff,8fdee0611965465eb45387b8c39f4136,0.755095
d2d1bfd6b701442bac97d11e1bcdcbff,f92d16d3a970487094292439c3e00923,0.752792
6da4af4998924e888bc085da81c883e1,0f785440b29548e1a1968868262fd42e,0.991687
6da4af4998924e888bc085da81c883e1,01bbbf1caa554d94b5decb69cc1add41,0.772075
62a839f4213d46759d8133e354ae93a4,0f785440b29548e1a1968868262fd42e,0.987354
62a839f4213d46759d8133e354ae93a4,01bbbf1caa554d94b5decb69cc1add41,0.780228
f22180d73d204b929c77cc738c93dec8,c36ef11228124c438ed3256c9822b03d,0.949152
f22180d73d204b929c77cc738c93dec8,7627d5e28ba74cbeaf9225e88a7a44cc,0.755038
b43451e5261643dab9a0627813d31785,7627d5e28ba74cbeaf9225e88a7a44cc,0.848308
b43451e5261643dab9a0627813d31785,7c1126d46a934db6b951d1e98feae327,0.832720
89b4973e66414223af70d8648086e97c,7627d5e28ba74cbeaf9225e88a7a44cc,0.848844
89b4973e66414223af70d8648086e97c,7c1126d46a934db6b951d1e98feae327,0.833842
cca9ed42ea00433984410ed65b0435fb,7c1126d46a934db6b951d1e98feae327,0.942483
cca9ed42ea00433984410ed65b0435fb,8dfd98bb97584157b207e1f4be471a8e,0.781829
cca9ed42ea00433984410ed65b0435fb,2070754bb5dd4a248be9c2a6a1a9d381,0.776168
cca9ed42ea00433984410ed65b0435fb,7e190e3c05d74e6b9f103e39142c1684,0.773962
cca9ed42ea00433984410ed65b0435fb,f2cfa68a47ce4a43a0fe1cc7dc860418,0.768456
cca9ed42ea00433984410ed65b0435fb,ca5add3cbf044a95a5bec88a5841ce98,0.766031
cca9ed42ea00433984410ed65b0435fb,87fc1d6a57ea488786caaec8599c3b8b,0.763149
cca9ed42ea00433984410ed65b0435fb,a7077a82d2c74518b96fb45e35f6e150,0.756990
cca9ed42ea00433984410ed65b0435fb,2c8eafa0ff26437a862dc2224ab57073,0.756348
cca9ed42ea00433984410ed65b0435fb,714e47cd21e5416f864a4bc938850a72,0.756310
ca3ae3f2f83a4b709148933472566ca6,c36ef11228124c438ed3256c9822b03d,0.864433
ca3ae3f2f83a4b709148933472566ca6,ca5add3cbf044a95a5bec88a5841ce98,0.781496
bc19c9d3d882406886b4dc137c8085e0,2f0401170d104b47b0a8f087f69dee88,0.789099
bc19c9d3d882406886b4dc137c8085e0,f92d16d3a970487094292439c3e00923,0.771938
bc19c9d3d882406886b4dc137c8085e0,cb550e5ff4694fe9a19eaa6588cef250,0.766342
bc19c9d3d882406886b4dc137c8085e0,be9e713988ba4bbba869885cad419259,0.763738
bc19c9d3d882406886b4dc137c8085e0,24c55bb5cd694770ba895c7401da2ba5,0.761744
bc19c9d3d882406886b4dc137c8085e0,7ef653f7e5f64e1b8bba73b9518b87b7,0.760138
bc19c9d3d882406886b4dc137c8085e0,db69f22fe72246ea85d33991961a649a,0.757417
bc19c9d3d882406886b4dc137c8085e0,a0408a6462b24cf18e50a8616359d5ad,0.756374
bc19c9d3d882406886b4dc137c8085e0,e2e0c8c96aff4c00896ac6986bbb20c2,0.752847
77823865299d48ddbce6d7d7e199814f,02a3cd76ce534d188b4d5ac4778bd652,0.947493
77823865299d48ddbce6d7d7e199814f,24c55bb5cd694770ba895c7401da2ba5,0.775610
77823865299d48ddbce6d7d7e199814f,1d70bc69b2f84bef9aa5fb0d9917e38d,0.768994
77823865299d48ddbce6d7d7e199814f,cdd73e0289aa4e2b87cd14e6ff5bd75e,0.757062
77823865299d48ddbce6d7d7e199814f,0f785440b29548e1a1968868262fd42e,0.756005
5cfbbd42352245fb9ab4e93f0e17452a,,
4a03d80a56a24730b633957fa5195cf5,02a3cd76ce534d188b4d5ac4778bd652,0.929638
ca687051622e4c35823d965df0139509,e2e0c8c96aff4c00896ac6986bbb20c2,0.962609
ca687051622e4c35823d965df0139509,db69f22fe72246ea85d33991961a649a,0.800764
ca687051622e4c35823d965df0139509,724a3f6551e74ad585bdeac9a75fd639,0.797313
ca687051622e4c35823d965df0139509,8c7c9eaae41a44a3a4ebe39ce167d300,0.790478
ca687051622e4c35823d965df0139509,04fa591263664fb0a6868552ebd3590b,0.775236
ca687051622e4c35823d965df0139509,be9e713988ba4bbba869885cad419259,0.766575
ca687051622e4c35823d965df0139509,8683a3ad55d84a78834fabe20cde5269,0.765614
ca687051622e4c35823d965df0139509,4e4495962a9b4864882397042f1a2b3e,0.765250
ca687051622e4c35823d965df0139509,eeb3b60f34af40de850e065b475d8180,0.760266
ca687051622e4c35823d965df0139509,50a2129b83404b94889a01f4688ebafd,0.756936
62cb56b35d3847a2858dee237b0a7f1e,6252aa87531748e5bac5f6c65fc87e14,0.928114
ad43fc3957284bd78e7d7c9aa5ab29c0,f5a9583711fc4ff4a46e85c24886b234,0.935930
5871998e8d6c4a9090cdf17915017027,f5a9583711fc4ff4a46e85c24886b234,0.965495
102f600a8c1740ac8a06de1b28c5904e,268f8ec9f2734029a8e75857db56ccb3,0.930059
ae0903a7f3be40ce83442e458496fd29,30f654c6e69e48888f9f42dd95ab3c77,0.910707
f9be6242a66b4efabd439a28435cee95,7dd5e88dfdd24cafab2c765939757354,0.946791
f9be6242a66b4efabd439a28435cee95,d87e5facd03b45f9829e8a1cd0fe0190,0.811347
f9be6242a66b4efabd439a28435cee95,0568345606fa4a2c84ed4ea6c74639ee,0.807172
f9be6242a66b4efabd439a28435cee95,78d0265d47df4f4cb7153da919763730,0.801779
f9be6242a66b4efabd439a28435cee95,599feb1e512c43ad8c0a1845922acf78,0.798012
f9be6242a66b4efabd439a28435cee95,df0c94234d9d4890b5b4b95c441b3e9a,0.771991
f9be6242a66b4efabd439a28435cee95,6866efc8987a4ec8b04b7abd28fb5777,0.762525
f9be6242a66b4efabd439a28435cee95,b585a2970e9f421da236241f603883f2,0.756562
10ef6812f01b471a8e48fa8e99c81735,268f8ec9f2734029a8e75857db56ccb3,0.879726
fb5376db56af4ab4b8ea6d46d191ad26,225818abe99e45a0bf5b0b3ec30db76b,0.986108
fb5376db56af4ab4b8ea6d46d191ad26,b9228fdb5f0c413d81cffb51829d95c6,0.818262
fb5376db56af4ab4b8ea6d46d191ad26,df5ca61304074da1bec8f536ab50baf3,0.797328
fb5376db56af4ab4b8ea6d46d191ad26,fadf133e0e684a24ac79b5fa9515bac2,0.790162
fb5376db56af4ab4b8ea6d46d191ad26,75efe5ddef364f49865d9bb283492b48,0.789345
fb5376db56af4ab4b8ea6d46d191ad26,c756409435634fc48c643a64e73c93ce,0.785177
fb5376db56af4ab4b8ea6d46d191ad26,6f57d1175ad243edada61643d01fcd54,0.768562
fb5376db56af4ab4b8ea6d46d191ad26,0bd1cce9370a461089e25393086800a8,0.753340
a0e60ab432b94ba291505c129ee405df,225818abe99e45a0bf5b0b3ec30db76b,0.974909
a0e60ab432b94ba291505c129ee405df,b9228fdb5f0c413d81cffb51829d95c6,0.821636
a0e60ab432b94ba291505c129ee405df,c756409435634fc48c643a64e73c93ce,0.800176
a0e60ab432b94ba291505c129ee405df,df5ca61304074da1bec8f536ab50baf3,0.796263
a0e60ab432b94ba291505c129ee405df,75efe5ddef364f49865d9bb283492b48,0.782217
a0e60ab432b94ba291505c129ee405df,fadf133e0e684a24ac79b5fa9515bac2,0.775131
a0e60ab432b94ba291505c129ee405df,36ee1613abf245cdbe93fef69b5f981f,0.773176
0d29840b4f2a46659bf734b51438e6ac,cc243eebbb2b44a581745865a60c423a,0.946893
0d29840b4f2a46659bf734b51438e6ac,f439b5616ba24b7f82eccfa095a0eff8,0.873836
62865ed38c05470a8919d1070402fa6b,cc243eebbb2b44a581745865a60c423a,0.954571
62865ed38c05470a8919d1070402fa6b,f439b5616ba24b7f82eccfa095a0eff8,0.874337
09a6f25650ae474385eb70217f8c4843,01ffceddb5b34406a08bb982b424b3cf,0.976238
09a6f25650ae474385eb70217f8c4843,30c71719aed84c07ae21d0eff0deed72,0.791577
09a6f25650ae474385eb70217f8c4843,8889c114b071429cbe2418f5b0f2024b,0.789217
09a6f25650ae474385eb70217f8c4843,2b3ecf8be2b242f3b8a1e714390749fb,0.772338
09a6f25650ae474385eb70217f8c4843,57bcda73abab44ee930b20cdaee9d24b,0.770004
86e1bd5f53b148b9a9522847363630bf,01ffceddb5b34406a08bb982b424b3cf,0.991928
86e1bd5f53b148b9a9522847363630bf,30c71719aed84c07ae21d0eff0deed72,0.795593
86e1bd5f53b148b9a9522847363630bf,2b3ecf8be2b242f3b8a1e714390749fb,0.790018
86e1bd5f53b148b9a9522847363630bf,8889c114b071429cbe2418f5b0f2024b,0.782923
86e1bd5f53b148b9a9522847363630bf,57bcda73abab44ee930b20cdaee9d24b,0.752992
aa561064498b402993740579853c84fc,2b3ecf8be2b242f3b8a1e714390749fb,0.956170
aa561064498b402993740579853c84fc,e4e12f4711fd41e39075e26cc274df45,0.809185
aa561064498b402993740579853c84fc,01ffceddb5b34406a08bb982b424b3cf,0.788246
aa561064498b402993740579853c84fc,d8b3ad3b5c4e474db41a671ab286424f,0.761677
de4bd1f38ae04b8da3f5f36bea97276d,e4e12f4711fd41e39075e26cc274df45,0.955616
de4bd1f38ae04b8da3f5f36bea97276d,2b3ecf8be2b242f3b8a1e714390749fb,0.826665
3dc160c26fc64d45a5f1e9756e6b1025,04fa591263664fb0a6868552ebd3590b,0.783516
3dc160c26fc64d45a5f1e9756e6b1025,8b038cd0dafd45d8b1ce75177ca3a76b,0.783237
3dc160c26fc64d45a5f1e9756e6b1025,1419b2c686f44896a0ae2a43e93b5402,0.759546
3dc160c26fc64d45a5f1e9756e6b1025,19098957d8c24cab95daa30c2baefd8f,0.755425
f7cfc69b28204d1681a71216a3dafbff,0eb119aabc884795a4768c6d3e677ea1,0.888640
f7cfc69b28204d1681a71216a3dafbff,1419b2c686f44896a0ae2a43e93b5402,0.868470
f7cfc69b28204d1681a71216a3dafbff,50a2129b83404b94889a01f4688ebafd,0.803942
f7cfc69b28204d1681a71216a3dafbff,04fa591263664fb0a6868552ebd3590b,0.787706
f7cfc69b28204d1681a71216a3dafbff,8b038cd0dafd45d8b1ce75177ca3a76b,0.776762
f7cfc69b28204d1681a71216a3dafbff,7bbe3c76bcc04d73969f920d43fcc67d,0.771172
f7cfc69b28204d1681a71216a3dafbff,2f0401170d104b47b0a8f087f69dee88,0.766980
f7cfc69b28204d1681a71216a3dafbff,ef511457ee7c490c8e10eccf6e18fef6,0.763434
f7cfc69b28204d1681a71216a3dafbff,98fbdf945d0c4206a48a4f7260e56017,0.760930
f7cfc69b28204d1681a71216a3dafbff,19098957d8c24cab95daa30c2baefd8f,0.757722
7e5d9f74b6724f59ae0911894a898253,04fa591263664fb0a6868552ebd3590b,0.908987
7e5d9f74b6724f59ae0911894a898253,e2e0c8c96aff4c00896ac6986bbb20c2,0.821787
7e5d9f74b6724f59ae0911894a898253,0eb119aabc884795a4768c6d3e677ea1,0.811288
7e5d9f74b6724f59ae0911894a898253,db69f22fe72246ea85d33991961a649a,0.773279
7e5d9f74b6724f59ae0911894a898253,724a3f6551e74ad585bdeac9a75fd639,0.771292
7e5d9f74b6724f59ae0911894a898253,50a2129b83404b94889a01f4688ebafd,0.771104
7e5d9f74b6724f59ae0911894a898253,4e4495962a9b4864882397042f1a2b3e,0.767514
7e5d9f74b6724f59ae0911894a898253,eeb3b60f34af40de850e065b475d8180,0.764724
7e5d9f74b6724f59ae0911894a898253,40a95697730046dcbb0d7ba1fe2109a6,0.760209
7e5d9f74b6724f59ae0911894a898253,e88ce4cd350f43398a5c0ab8629cee72,0.759097
966a64e7651f4b2499587effd1600e97,04fa591263664fb0a6868552ebd3590b,0.844339
966a64e7651f4b2499587effd1600e97,40a95697730046dcbb0d7ba1fe2109a6,0.803958
966a64e7651f4b2499587effd1600e97,0eb119aabc884795a4768c6d3e677ea1,0.786916
966a64e7651f4b2499587effd1600e97,8b038cd0dafd45d8b1ce75177ca3a76b,0.786708
966a64e7651f4b2499587effd1600e97,e2e0c8c96aff4c00896ac6986bbb20c2,0.779161
966a64e7651f4b2499587effd1600e97,d43b0f94627d45918e18a80be127aa2c,0.768546
966a64e7651f4b2499587effd1600e97,556743bab70d4b75bafcf192fef95b16,0.765282
966a64e7651f4b2499587effd1600e97,19098957d8c24cab95daa30c2baefd8f,0.760637
966a64e7651f4b2499587effd1600e97,50a2129b83404b94889a01f4688ebafd,0.754782
966a64e7651f4b2499587effd1600e97,724a3f6551e74ad585bdeac9a75fd639,0.753417
296a868a499d46aa93fc77f8e589c254,7070715ef90743da8691dd4ad134eb0c,0.791485
296a868a499d46aa93fc77f8e589c254,08ecf89bc10942a4bd894482f6fcdfa7,0.779629
296a868a499d46aa93fc77f8e589c254,06b7dd1b701544ac80dd7ca54ed707cf,0.774848
296a868a499d46aa93fc77f8e589c254,de1102228a324428989533278cd482f6,0.759099
296a868a499d46aa93fc77f8e589c254,898eabaaa1a047e18aecbb1c5a8decbf,0.755702
296a868a499d46aa93fc77f8e589c254,64d9091426f9461c97c98a5428856bcf,0.753827
7b04ec5b87214c25bd25268652df3829,9452a2f21f7d4feeb2605d9b6647fc13,0.910904
7b04ec5b87214c25bd25268652df3829,06b7dd1b701544ac80dd7ca54ed707cf,0.794183
7b04ec5b87214c25bd25268652df3829,d5ecdd142b544edca1b16ee83a9cf908,0.793447
7b04ec5b87214c25bd25268652df3829,0a2c24dead204be9ae36be358e1223f9,0.792503
7b04ec5b87214c25bd25268652df3829,08ecf89bc10942a4bd894482f6fcdfa7,0.774225
7b04ec5b87214c25bd25268652df3829,77d8e01a914d4f4a8b87d407e0d741aa,0.760889
7b04ec5b87214c25bd25268652df3829,7070715ef90743da8691dd4ad134eb0c,0.752958
a03259710e6344d1b817f8dc53d9384e,7070715ef90743da8691dd4ad134eb0c,0.809702
a03259710e6344d1b817f8dc53d9384e,06b7dd1b701544ac80dd7ca54ed707cf,0.793684
a03259710e6344d1b817f8dc53d9384e,08ecf89bc10942a4bd894482f6fcdfa7,0.790033
a03259710e6344d1b817f8dc53d9384e,de1102228a324428989533278cd482f6,0.775006
a03259710e6344d1b817f8dc53d9384e,898eabaaa1a047e18aecbb1c5a8decbf,0.771522
a03259710e6344d1b817f8dc53d9384e,77d8e01a914d4f4a8b87d407e0d741aa,0.767994
a03259710e6344d1b817f8dc53d9384e,64d9091426f9461c97c98a5428856bcf,0.767949
a03259710e6344d1b817f8dc53d9384e,0e28ed072d6c444aa6f02e64955b44c6,0.759089
0e271b22304c40fe9884c63ee1fe1668,9d09e3cd382c4d0ea0f6f50261e3e4c8,0.791335
0e271b22304c40fe9884c63ee1fe1668,e511c40ca6324803b5021e47b4e777f8,0.757921
0e271b22304c40fe9884c63ee1fe1668,b3209c60460a437294e2b30a9e9d3f53,0.753925
43fd128c97194d88bbfe7be91fbc67ed,9d09e3cd382c4d0ea0f6f50261e3e4c8,0.959247
8c3f25890eab46379974ac593d629515,6c51b4f57ba0415f994756e944b11cee,0.838037
8c3f25890eab46379974ac593d629515,98b2022b2cb84af09ee8b789db928b13,0.798811
8c3f25890eab46379974ac593d629515,eff24b01b2f5428baa4c3fef6cb40d41,0.778444
8c3f25890eab46379974ac593d629515,3c0f3b44c0844df49b5898406fe9195a,0.773130
8c3f25890eab46379974ac593d629515,66690895454847fea5a000202fbfab2e,0.772112
8c3f25890eab46379974ac593d629515,afaf2edba0ee4d58860a5a04e4aabc5c,0.769452
8c3f25890eab46379974ac593d629515,c4b9d7a8d5d342459d2282589b3af293,0.767256
8c3f25890eab46379974ac593d629515,f37d285ad0de42f0b1546d0d1acfb221,0.763847
8c3f25890eab46379974ac593d629515,e53dd6188816429ab915de6f9649a026,0.756243
1dfd4a798f224e88a6b4c2980cb31c82,6c51b4f57ba0415f994756e944b11cee,0.863718
1dfd4a798f224e88a6b4c2980cb31c82,98b2022b2cb84af09ee8b789db928b13,0.811126
1dfd4a798f224e88a6b4c2980cb31c82,afaf2edba0ee4d58860a5a04e4aabc5c,0.806149
1dfd4a798f224e88a6b4c2980cb31c82,66690895454847fea5a000202fbfab2e,0.790211
1dfd4a798f224e88a6b4c2980cb31c82,3c0f3b44c0844df49b5898406fe9195a,0.781348
1dfd4a798f224e88a6b4c2980cb31c82,c4b9d7a8d5d342459d2282589b3af293,0.775370
1dfd4a798f224e88a6b4c2980cb31c82,eff24b01b2f5428baa4c3fef6cb40d41,0.767877
1dfd4a798f224e88a6b4c2980cb31c82,f37d285ad0de42f0b1546d0d1acfb221,0.767149
1dfd4a798f224e88a6b4c2980cb31c82,e53dd6188816429ab915de6f9649a026,0.760205
1dfd4a798f224e88a6b4c2980cb31c82,5760084aabef4d8095b2d21902151f64,0.752882
9174a7587e5048ec86bec7afe80e268e,e4fcd30261804b089efa940359057ba2,0.864203
9174a7587e5048ec86bec7afe80e268e,6fc7a2cf0684475a82f6ff9be2c8e850,0.809259
bcfc6cd4aea34c78891a701698ccb953,e4fcd30261804b089efa940359057ba2,0.797996
bcfc6cd4aea34c78891a701698ccb953,6fc7a2cf0684475a82f6ff9be2c8e850,0.782352
2a551336cc794909b0a09c92faf75f50,189a3b686ad14c24b5e1a495f76dd239,0.769537
2a551336cc794909b0a09c92faf75f50,d7c9dafddaf547159d366dacf7b68a7e,0.763980
2a551336cc794909b0a09c92faf75f50,bdb0d45caa2a4943959f8f501e51132b,0.753370
23e5bf15809d4629abd7ff7c344b1ce0,b98519f97e424c1389f5553f0869b15a,0.914987
f2a05ceedacf47b598b2cd3dbe003966,016e634d566b49c199d07357aae9bf33,0.941904
f2a05ceedacf47b598b2cd3dbe003966,0971af4212484a958eb0f60f93d1dfe0,0.770446
764c5cb76dcb4650b8b0a50cac981edc,b5f237fefb38465bb6a068c9cf75ba31,0.929768
c50ae9cd7ac5469daf32b2a1a1d81797,b5f237fefb38465bb6a068c9cf75ba31,0.818925
e9801f8810654cacbcd517b25b89767b,016e634d566b49c199d07357aae9bf33,0.949327
e9801f8810654cacbcd517b25b89767b,0971af4212484a958eb0f60f93d1dfe0,0.757454
f3c68b7ff0f344569399a04bbff5d1da,384f94503bcd4f4c863056ad69f45b43,0.873882
f3c68b7ff0f344569399a04bbff5d1da,40a95697730046dcbb0d7ba1fe2109a6,0.758463
ab0c7be344d7444bb59fb3b065a71c88,384f94503bcd4f4c863056ad69f45b43,0.857523
ab0c7be344d7444bb59fb3b065a71c88,40a95697730046dcbb0d7ba1fe2109a6,0.773554
b136a0d13d7e431a94e54f2a085d5f52,384b14b18c3c43b1a4dc1aa2f661e076,0.950347
b136a0d13d7e431a94e54f2a085d5f52,384f94503bcd4f4c863056ad69f45b43,0.814060
210a3e79a4a149179749cd7a5b127f63,384b14b18c3c43b1a4dc1aa2f661e076,0.954967
210a3e79a4a149179749cd7a5b127f63,384f94503bcd4f4c863056ad69f45b43,0.819254
2071beae14fe435b9e3943e22e8b430b,f6207eb593394ff78e2cb35057477422,0.987466
2071beae14fe435b9e3943e22e8b430b,ef8c056ecb524439a48c881089537951,0.760670
40eb15fd325c48bea6a7988ce40cc33b,f6207eb593394ff78e2cb35057477422,0.974389
40eb15fd325c48bea6a7988ce40cc33b,ef8c056ecb524439a48c881089537951,0.753538
7be90785152d4e01b53aa4b1f3c74097,ef8c056ecb524439a48c881089537951,0.984385
7be90785152d4e01b53aa4b1f3c74097,f6207eb593394ff78e2cb35057477422,0.761500
61e3c16563b44edb85bee0caf5de33b0,ef8c056ecb524439a48c881089537951,0.974030
61e3c16563b44edb85bee0caf5de33b0,f6207eb593394ff78e2cb35057477422,0.759470
79dc8e29d2a747c793ab1fe11ba6045b,43464ed6733f4642a0b90e7d995a5e40,0.863655
dfc436b508974e349cbf602bb7fe9b7a,00fb3a55134242769182c520d55681a2,0.983486
dcd99427d6e64ebcb3af1982854aa02c,00fb3a55134242769182c520d55681a2,0.871579
c59bf6abbde846999988749ad22b52d3,43464ed6733f4642a0b90e7d995a5e40,0.915491
a386f6b172a740989c390780b3b856d5,6732de8994744decbb3306c74aaa7882,0.984701
a386f6b172a740989c390780b3b856d5,3e4a54908dde405294869e30a92a7623,0.757967
ad563855246b46adaf5fdeecbfdc081b,3e4a54908dde405294869e30a92a7623,0.926563
ad563855246b46adaf5fdeecbfdc081b,6732de8994744decbb3306c74aaa7882,0.763307
0485db5bb76a491782e78c6e98f4c913,514537782f6549c488a1b932939b4128,0.982709
0485db5bb76a491782e78c6e98f4c913,636c21e19a5845e1b8d69a5fca928030,0.788400
38535cc9165a4684af9a3ee208dccb9a,b2992fe473124dd0b895cf81f59f6db6,0.860500
38535cc9165a4684af9a3ee208dccb9a,36ac84a73ad34261ad45cf569edb60af,0.782551
7812e64c9f5a45dea8c59e366c0a1b2c,67dd23cfd20f46dc82acc82c108a1dc6,0.929798
e0cdf7eb868e4cf28007a946c4dcedcd,36ac84a73ad34261ad45cf569edb60af,0.889449
e0cdf7eb868e4cf28007a946c4dcedcd,b2992fe473124dd0b895cf81f59f6db6,0.764776
966272e605644a9783d154f8e2038dbb,36ac84a73ad34261ad45cf569edb60af,0.896822
966272e605644a9783d154f8e2038dbb,b2992fe473124dd0b895cf81f59f6db6,0.768251
9fd9ddafbc6c43a9982d0ef0dcbca940,b2992fe473124dd0b895cf81f59f6db6,0.870622
9fd9ddafbc6c43a9982d0ef0dcbca940,36ac84a73ad34261ad45cf569edb60af,0.782631
4aa3ef7644b6471b805cdbce95bcc6b8,6866efc8987a4ec8b04b7abd28fb5777,0.987914
4aa3ef7644b6471b805cdbce95bcc6b8,ccb62901750b4d13a922fc161b607f83,0.860381
4aa3ef7644b6471b805cdbce95bcc6b8,797cc520b8c94d9bbef187818ab51647,0.773414
4aa3ef7644b6471b805cdbce95bcc6b8,b585a2970e9f421da236241f603883f2,0.760540
d19e7fd5a62e4d28bb80ac4eddf34d1c,ccb62901750b4d13a922fc161b607f83,0.974686
d19e7fd5a62e4d28bb80ac4eddf34d1c,6866efc8987a4ec8b04b7abd28fb5777,0.855686
d19e7fd5a62e4d28bb80ac4eddf34d1c,797cc520b8c94d9bbef187818ab51647,0.773904
26da5929257a4a70997444abb7ed9998,ccb62901750b4d13a922fc161b607f83,0.882857
26da5929257a4a70997444abb7ed9998,6866efc8987a4ec8b04b7abd28fb5777,0.877095
26da5929257a4a70997444abb7ed9998,797cc520b8c94d9bbef187818ab51647,0.797331
26da5929257a4a70997444abb7ed9998,b585a2970e9f421da236241f603883f2,0.783492
26da5929257a4a70997444abb7ed9998,27a0d24dc1e14b28a1f18456b29c93f1,0.766561
26da5929257a4a70997444abb7ed9998,87fc1d6a57ea488786caaec8599c3b8b,0.755229
9538feefe1d84c03874b872ae3f48947,6866efc8987a4ec8b04b7abd28fb5777,0.983658
9538feefe1d84c03874b872ae3f48947,ccb62901750b4d13a922fc161b607f83,0.865340
9538feefe1d84c03874b872ae3f48947,797cc520b8c94d9bbef187818ab51647,0.758270
9538feefe1d84c03874b872ae3f48947,b585a2970e9f421da236241f603883f2,0.753567
9538feefe1d84c03874b872ae3f48947,530b37164090408dbab4e6da51111b8a,0.753179
03b02260fc474ab29d5d6a1398847a2a,4285b02dc9164cb9bae36b0566bb42f0,0.976487
03b02260fc474ab29d5d6a1398847a2a,9a500a20b1ff4694acc31339a8d1349e,0.888402
03b02260fc474ab29d5d6a1398847a2a,e59dba65749140f4a1bdaf2695de2fc6,0.791432
03b02260fc474ab29d5d6a1398847a2a,b6da55bea1244cf0a753b258420946b2,0.758533
03b02260fc474ab29d5d6a1398847a2a,68aefc97056440af874039a28497cf98,0.757454
f19622c340af46aabec5a3eebfea35fa,9a500a20b1ff4694acc31339a8d1349e,0.902373
f19622c340af46aabec5a3eebfea35fa,4285b02dc9164cb9bae36b0566bb42f0,0.852676
f19622c340af46aabec5a3eebfea35fa,00614d60b3544ba790dfd23dd53992e0,0.779725
f19622c340af46aabec5a3eebfea35fa,f532294d68604bc2aa9ad8804a8c6d5f,0.773504
f19622c340af46aabec5a3eebfea35fa,e59dba65749140f4a1bdaf2695de2fc6,0.769718
f19622c340af46aabec5a3eebfea35fa,b6da55bea1244cf0a753b258420946b2,0.768597
f19622c340af46aabec5a3eebfea35fa,b7f5c165ea2242709a2fb71f3a3f1bcb,0.758444
b2c57f611c954c84ad5bc681d1798dee,4285b02dc9164cb9bae36b0566bb42f0,0.980974
b2c57f611c954c84ad5bc681d1798dee,9a500a20b1ff4694acc31339a8d1349e,0.888673
b2c57f611c954c84ad5bc681d1798dee,e59dba65749140f4a1bdaf2695de2fc6,0.790747
b2c57f611c954c84ad5bc681d1798dee,68aefc97056440af874039a28497cf98,0.765769
b2c57f611c954c84ad5bc681d1798dee,b6da55bea1244cf0a753b258420946b2,0.761589
98e31f0110bd4082b8a9c780c4658d5b,f439b5616ba24b7f82eccfa095a0eff8,0.954046
98e31f0110bd4082b8a9c780c4658d5b,cc243eebbb2b44a581745865a60c423a,0.876836
98e31f0110bd4082b8a9c780c4658d5b,75efe5ddef364f49865d9bb283492b48,0.763628
ba97c80ce0a5461d938b43cfdc812679,f439b5616ba24b7f82eccfa095a0eff8,0.931755
ba97c80ce0a5461d938b43cfdc812679,cc243eebbb2b44a581745865a60c423a,0.869542
ba97c80ce0a5461d938b43cfdc812679,75efe5ddef364f49865d9bb283492b48,0.759308
eef39c9128b1421cb4e7b9c83fee0c82,df5ca61304074da1bec8f536ab50baf3,0.954186
eef39c9128b1421cb4e7b9c83fee0c82,b9228fdb5f0c413d81cffb51829d95c6,0.868695
eef39c9128b1421cb4e7b9c83fee0c82,eafb3480db704d7baa8216ce857d1610,0.838776
eef39c9128b1421cb4e7b9c83fee0c82,4a6eba10a02a4ecdbb6b25e8651c3789,0.818074
eef39c9128b1421cb4e7b9c83fee0c82,225818abe99e45a0bf5b0b3ec30db76b,0.809577
eef39c9128b1421cb4e7b9c83fee0c82,fadf133e0e684a24ac79b5fa9515bac2,0.803073
eef39c9128b1421cb4e7b9c83fee0c82,c756409435634fc48c643a64e73c93ce,0.795125
eef39c9128b1421cb4e7b9c83fee0c82,6f57d1175ad243edada61643d01fcd54,0.781065
eef39c9128b1421cb4e7b9c83fee0c82,7ec1584e9a5b49eab9ef249143d9bb86,0.767795
eef39c9128b1421cb4e7b9c83fee0c82,25109e3a7df549e5b380aae716d71366,0.766259
8a738e1a32764f6aa0c264a4a08e2942,df5ca61304074da1bec8f536ab50baf3,0.946114
8a738e1a32764f6aa0c264a4a08e2942,b9228fdb5f0c413d81cffb51829d95c6,0.867484
8a738e1a32764f6aa0c264a4a08e2942,eafb3480db704d7baa8216ce857d1610,0.837018
8a738e1a32764f6aa0c264a4a08e2942,225818abe99e45a0bf5b0b3ec30db76b,0.819836
8a738e1a32764f6aa0c264a4a08e2942,4a6eba10a02a4ecdbb6b25e8651c3789,0.811779
8a738e1a32764f6aa0c264a4a08e2942,fadf133e0e684a24ac79b5fa9515bac2,0.808302
8a738e1a32764f6aa0c264a4a08e2942,c756409435634fc48c643a64e73c93ce,0.785882
8a738e1a32764f6aa0c264a4a08e2942,6f57d1175ad243edada61643d01fcd54,0.781801
8a738e1a32764f6aa0c264a4a08e2942,7ec1584e9a5b49eab9ef249143d9bb86,0.767719
8a738e1a32764f6aa0c264a4a08e2942,2c65a898314b42e6b2e93dca66fd15c2,0.759645
173559035aac478591718da5062ea4e7,5e2f1a45f7174f1aa39a194179985876,0.895545
173559035aac478591718da5062ea4e7,bf789f42ccfc42c5a330a3f6e30ddb83,0.757541
6fb705d0d2f04e52b810c48e7fc82a2e,5e2f1a45f7174f1aa39a194179985876,0.889898
6fb705d0d2f04e52b810c48e7fc82a2e,ab57f83304bc4005998bbd6bc063fb4f,0.760247
6fb705d0d2f04e52b810c48e7fc82a2e,bf789f42ccfc42c5a330a3f6e30ddb83,0.754224
709e314fe2f6437097221a6c9ab0dc69,c74557a980e2428a9ffcc245278df692,0.974091
f23420a6638046f4b1536f73bc2e0cb6,,
1d83fbe02659440394a32de73b6c18a3,e9428816b054499298745b742f128f65,0.989790
1d83fbe02659440394a32de73b6c18a3,d60986f4025d443ea58adba0e3d224a1,0.879506
1d83fbe02659440394a32de73b6c18a3,18ab15fbf00f42f7a410ec75f7592bea,0.841490
1d83fbe02659440394a32de73b6c18a3,5c8a8b7a59c54b9aa7b7136fd91b5869,0.816891
1d83fbe02659440394a32de73b6c18a3,be42a43f5186434db4f2815f768a9991,0.799119
1d83fbe02659440394a32de73b6c18a3,1c2b01416e3943e3b3c575e53c3f1d16,0.785694
1d83fbe02659440394a32de73b6c18a3,25afb6f7e9314af09008644bca5955b9,0.767779
1d83fbe02659440394a32de73b6c18a3,da88fa5efc674368b593444ca950dff9,0.763162
3cf470f9d76e42a68e48c748b6c793fb,d60986f4025d443ea58adba0e3d224a1,0.990989
3cf470f9d76e42a68e48c748b6c793fb,e9428816b054499298745b742f128f65,0.872042
3cf470f9d76e42a68e48c748b6c793fb,18ab15fbf00f42f7a410ec75f7592bea,0.868596
3cf470f9d76e42a68e48c748b6c793fb,5c8a8b7a59c54b9aa7b7136fd91b5869,0.794785
3cf470f9d76e42a68e48c748b6c793fb,be42a43f5186434db4f2815f768a9991,0.789347
3cf470f9d76e42a68e48c748b6c793fb,1c2b01416e3943e3b3c575e53c3f1d16,0.785929
3cf470f9d76e42a68e48c748b6c793fb,00e9d4081c2f45d1a818bfeab099863a,0.756793
168e52d4211e47f9b447e33469c72127,d60986f4025d443ea58adba0e3d224a1,0.996492
168e52d4211e47f9b447e33469c72127,e9428816b054499298745b742f128f65,0.874706
168e52d4211e47f9b447e33469c72127,18ab15fbf00f42f7a410ec75f7592bea,0.871927
168e52d4211e47f9b447e33469c72127,5c8a8b7a59c54b9aa7b7136fd91b5869,0.792182
168e52d4211e47f9b447e33469c72127,be42a43f5186434db4f2815f768a9991,0.787550
168e52d4211e47f9b447e33469c72127,1c2b01416e3943e3b3c575e53c3f1d16,0.786484
168e52d4211e47f9b447e33469c72127,00e9d4081c2f45d1a818bfeab099863a,0.757020
168e52d4211e47f9b447e33469c72127,7c061d36393540b49e20d98086bdb5bd,0.753614
168e52d4211e47f9b447e33469c72127,9500823cb050427696343b1ea5cf8881,0.752983
2cff6320a7ec4c2aafba5c1e3318ddee,d2bcc978e7aa49908919d9fc40138b27,0.851518
abadadc5b9f748f59edd8d3abb4d3a01,d2bcc978e7aa49908919d9fc40138b27,0.853388
2ea6bb0d68e4468e86828a584e75bb42,99830b8da7c24f909914f7bb167f3ea6,0.819982
2ea6bb0d68e4468e86828a584e75bb42,eff24b01b2f5428baa4c3fef6cb40d41,0.785149
983d22fb5ca14e8a9d33f205427d4934,511fe9c8b20b4fda94969745238c9474,0.769018
c601d5a9e45b400ab8ffe8a62cc6dd5b,99830b8da7c24f909914f7bb167f3ea6,0.862822
c601d5a9e45b400ab8ffe8a62cc6dd5b,eff24b01b2f5428baa4c3fef6cb40d41,0.792264
c601d5a9e45b400ab8ffe8a62cc6dd5b,e834bfbd30b247e899f0dc029ab9f072,0.776680
c601d5a9e45b400ab8ffe8a62cc6dd5b,3c0f3b44c0844df49b5898406fe9195a,0.760746
c601d5a9e45b400ab8ffe8a62cc6dd5b,6dc5832f0ac04df2bd99c6415b3ecf09,0.753579
af9775f02cb64e7a89d41bfd3138d87c,511fe9c8b20b4fda94969745238c9474,0.819999
6e03c908e766447c8bca6c98861b5a60,5363ae1c905d4879a63259de4954702e,0.975392
6e03c908e766447c8bca6c98861b5a60,6c79712e67b54dd0a11d426a91207939,0.926771
6e03c908e766447c8bca6c98861b5a60,295d0d40791245ff838c73a2aa27d065,0.875150
6e03c908e766447c8bca6c98861b5a60,33b5e2ae5ebe4f548bac3a00ab0a59eb,0.826581
6e03c908e766447c8bca6c98861b5a60,f464960d2dbc43c0970c60600bd7f1cd,0.762330
44483008955a408db228e36e7af53fdc,295d0d40791245ff838c73a2aa27d065,0.924268
44483008955a408db228e36e7af53fdc,5363ae1c905d4879a63259de4954702e,0.849767
44483008955a408db228e36e7af53fdc,6c79712e67b54dd0a11d426a91207939,0.846403
44483008955a408db228e36e7af53fdc,33b5e2ae5ebe4f548bac3a00ab0a59eb,0.789797
44483008955a408db228e36e7af53fdc,35c5a560ecdc4d6a9d20f057ed1fa0e6,0.762217
44483008955a408db228e36e7af53fdc,3aa003c1e31b476e999c3a808a1d5dc6,0.755307
42507e0cf2f146b4a2773c26d941610d,295d0d40791245ff838c73a2aa27d065,0.955305
42507e0cf2f146b4a2773c26d941610d,6c79712e67b54dd0a11d426a91207939,0.839182
42507e0cf2f146b4a2773c26d941610d,5363ae1c905d4879a63259de4954702e,0.838476
42507e0cf2f146b4a2773c26d941610d,33b5e2ae5ebe4f548bac3a00ab0a59eb,0.819860
42507e0cf2f146b4a2773c26d941610d,a94cb58f1ca8456b96e39b5b1ebfb7ea,0.763407
42507e0cf2f146b4a2773c26d941610d,521004289ebc4e6da6623381d40a5e73,0.759380
42507e0cf2f146b4a2773c26d941610d,35c5a560ecdc4d6a9d20f057ed1fa0e6,0.754913
fdd87abf600a4abaa1d0210384b5076f,5363ae1c905d4879a63259de4954702e,0.952249
fdd87abf600a4abaa1d0210384b5076f,6c79712e67b54dd0a11d426a91207939,0.936682
fdd87abf600a4abaa1d0210384b5076f,295d0d40791245ff838c73a2aa27d065,0.893299
fdd87abf600a4abaa1d0210384b5076f,33b5e2ae5ebe4f548bac3a00ab0a59eb,0.840070
fdd87abf600a4abaa1d0210384b5076f,f464960d2dbc43c0970c60600bd7f1cd,0.758108
bd2ab791b5d947aebc36dd63a25b782d,f65b6fb5b40a49d1896de7a115469d40,0.934963
bd2ab791b5d947aebc36dd63a25b782d,b6c493a3666c4db193e86c79faf099ab,0.793759
f97b6d6044f64e668c6bfa4856de6e2e,f65b6fb5b40a49d1896de7a115469d40,0.930818
f97b6d6044f64e668c6bfa4856de6e2e,b6c493a3666c4db193e86c79faf099ab,0.795297
dbdb837b049042bcb0b995828a1463d5,a70909d3ce0d4235913b5ce6a138dcce,0.875762
e4e8bbb77d39441f89e7899ac799567c,a70909d3ce0d4235913b5ce6a138dcce,0.890450
e4e8bbb77d39441f89e7899ac799567c,cb32ec9a538a4c0f8462771946ced93b,0.795650
e4e8bbb77d39441f89e7899ac799567c,b425f33c33ad4be89a12da266d131a86,0.758390
e4e8bbb77d39441f89e7899ac799567c,da9cfbdf124143b78bec89393dd5287a,0.754972
e4e8bbb77d39441f89e7899ac799567c,c24e3823376b436c8eb46eaeebbc7718,0.753642
884628be75bf4632adba41416b2dcb2d,b6c493a3666c4db193e86c79faf099ab,0.973542
884628be75bf4632adba41416b2dcb2d,f65b6fb5b40a49d1896de7a115469d40,0.778027
736b602483e04289bedcbe5e6082e394,,
46dfeacada264da795ae8f40feca0462,,
398185f5bc8c44629ec6d92103b2a26e,b52468fc0af2435f9ba91939f72bbf6a,0.983898
398185f5bc8c44629ec6d92103b2a26e,ad42c467d0fe43dbb328073f9a16bc4d,0.765314
398185f5bc8c44629ec6d92103b2a26e,9daaefe080b34656a0c7a54d2d6a1713,0.758802
7881cf6f764e4853ab524e92060b86db,b585a2970e9f421da236241f603883f2,0.953533
7881cf6f764e4853ab524e92060b86db,6866efc8987a4ec8b04b7abd28fb5777,0.775635
7881cf6f764e4853ab524e92060b86db,7dd5e88dfdd24cafab2c765939757354,0.774561
7881cf6f764e4853ab524e92060b86db,8fdee0611965465eb45387b8c39f4136,0.762578
7881cf6f764e4853ab524e92060b86db,ccb62901750b4d13a922fc161b607f83,0.761130
7881cf6f764e4853ab524e92060b86db,39e2b00e1cbd471488cf56f31d2cec7f,0.756843
7881cf6f764e4853ab524e92060b86db,84ff5144597241bba5cbd3d0b21d220d,0.755795
b5a0c3ca548c404e8f6ce3bddb0642d8,eeca68825e2a4bbdaa5ae962998fc33b,0.877857
16b427f91adb47be8f9ef97448bf84da,b585a2970e9f421da236241f603883f2,0.914140
16b427f91adb47be8f9ef97448bf84da,84ff5144597241bba5cbd3d0b21d220d,0.767182
16b427f91adb47be8f9ef97448bf84da,6866efc8987a4ec8b04b7abd28fb5777,0.758983
a9f8715606d84f499a84ad01589fc4b3,eeca68825e2a4bbdaa5ae962998fc33b,0.879301
fd6075f13adb4cdc8540f83b192abddc,2e7836ee5e5144f5b63e6629b969a362,0.967157
fd6075f13adb4cdc8540f83b192abddc,afaf2edba0ee4d58860a5a04e4aabc5c,0.754960
b7c34ab8ac2b44a993051b96fadef9cb,2e7836ee5e5144f5b63e6629b969a362,0.976932
5fe5888079644c41b966985f5b572f9c,,
e850e901ed844eacbf240b4358dadc9a,bdb0d45caa2a4943959f8f501e51132b,0.963906
e850e901ed844eacbf240b4358dadc9a,75801225047a4c019100660c13f1e0f1,0.764188
07a659cb697144d5b174a3c714670fcd,cd764fbfae774d068af7549c648a02c9,0.970524
07a659cb697144d5b174a3c714670fcd,f879b316413f45d2b64bb25e3f45a667,0.910009
07a659cb697144d5b174a3c714670fcd,2b039224b54142d185a406b31fe01de2,0.824427
07a659cb697144d5b174a3c714670fcd,3e6a4b65a1004c08a6f3f570cf986c2f,0.814629
07a659cb697144d5b174a3c714670fcd,f5d09519cf7647f8a107cd8fadd322e5,0.800558
07a659cb697144d5b174a3c714670fcd,31cf7db26a3249c5a6205b005662ddcf,0.792260
07a659cb697144d5b174a3c714670fcd,342aaa81ed004635bbf9cbc2592cd7b6,0.778394
1860486ceb1947ea93fe348ae75fe1f2,cd764fbfae774d068af7549c648a02c9,0.988063
1860486ceb1947ea93fe348ae75fe1f2,f879b316413f45d2b64bb25e3f45a667,0.927373
1860486ceb1947ea93fe348ae75fe1f2,2b039224b54142d185a406b31fe01de2,0.841289
1860486ceb1947ea93fe348ae75fe1f2,3e6a4b65a1004c08a6f3f570cf986c2f,0.813657
1860486ceb1947ea93fe348ae75fe1f2,f5d09519cf7647f8a107cd8fadd322e5,0.800952
1860486ceb1947ea93fe348ae75fe1f2,31cf7db26a3249c5a6205b005662ddcf,0.792754
1860486ceb1947ea93fe348ae75fe1f2,342aaa81ed004635bbf9cbc2592cd7b6,0.782462
1860486ceb1947ea93fe348ae75fe1f2,7ab9086baf99475d8c93862a7dd36344,0.767481
40f9434041994e2ca0b5307725fdd4bc,c24e3823376b436c8eb46eaeebbc7718,0.912499
40f9434041994e2ca0b5307725fdd4bc,da9cfbdf124143b78bec89393dd5287a,0.764981
40f9434041994e2ca0b5307725fdd4bc,2c65a898314b42e6b2e93dca66fd15c2,0.760172
75978aae26274d9b926b0b08cc16950a,66f4c650b7ca48f1bc27f9daff8d312a,0.966518
75978aae26274d9b926b0b08cc16950a,ee7c00877ae64dac87123a3d75251530,0.804464
75978aae26274d9b926b0b08cc16950a,22d9d5ad33e947fd857c5c4a8b7dfae1,0.776815
7fb1043e17c142cf8bc1704c263ae9b4,f5d09519cf7647f8a107cd8fadd322e5,0.978839
7fb1043e17c142cf8bc1704c263ae9b4,3e6a4b65a1004c08a6f3f570cf986c2f,0.829672
7fb1043e17c142cf8bc1704c263ae9b4,cd764fbfae774d068af7549c648a02c9,0.806459
7fb1043e17c142cf8bc1704c263ae9b4,2b039224b54142d185a406b31fe01de2,0.796823
7fb1043e17c142cf8bc1704c263ae9b4,701ac1447f5a414e81156a56c3593a31,0.795171
7fb1043e17c142cf8bc1704c263ae9b4,f879b316413f45d2b64bb25e3f45a667,0.790523
7fb1043e17c142cf8bc1704c263ae9b4,342aaa81ed004635bbf9cbc2592cd7b6,0.775677
7fb1043e17c142cf8bc1704c263ae9b4,bc607fd6000b43108e49b3d05688fe90,0.763407
7fb1043e17c142cf8bc1704c263ae9b4,31cf7db26a3249c5a6205b005662ddcf,0.758878
13a4af2eb59944b9926a2ceec4e169fa,f879b316413f45d2b64bb25e3f45a667,0.945025
13a4af2eb59944b9926a2ceec4e169fa,cd764fbfae774d068af7549c648a02c9,0.940780
13a4af2eb59944b9926a2ceec4e169fa,2b039224b54142d185a406b31fe01de2,0.828829
13a4af2eb59944b9926a2ceec4e169fa,31cf7db26a3249c5a6205b005662ddcf,0.799502
13a4af2eb59944b9926a2ceec4e169fa,3e6a4b65a1004c08a6f3f570cf986c2f,0.786474
13a4af2eb59944b9926a2ceec4e169fa,342aaa81ed004635bbf9cbc2592cd7b6,0.781746
13a4af2eb59944b9926a2ceec4e169fa,f5d09519cf7647f8a107cd8fadd322e5,0.777006
13a4af2eb59944b9926a2ceec4e169fa,7ab9086baf99475d8c93862a7dd36344,0.757058
7c0b316dd59246b4ba2bbf879d7c9d74,f5d09519cf7647f8a107cd8fadd322e5,0.966902
7c0b316dd59246b4ba2bbf879d7c9d74,3e6a4b65a1004c08a6f3f570cf986c2f,0.828599
7c0b316dd59246b4ba2bbf879d7c9d74,cd764fbfae774d068af7549c648a02c9,0.787116
7c0b316dd59246b4ba2bbf879d7c9d74,701ac1447f5a414e81156a56c3593a31,0.780233
7c0b316dd59246b4ba2bbf879d7c9d74,f879b316413f45d2b64bb25e3f45a667,0.777000
7c0b316dd59246b4ba2bbf879d7c9d74,2b039224b54142d185a406b31fe01de2,0.774246
7c0b316dd59246b4ba2bbf879d7c9d74,bc607fd6000b43108e49b3d05688fe90,0.767424
9adf6404c5364c9da78b1c60e57ed94b,f879b316413f45d2b64bb25e3f45a667,0.936018
9adf6404c5364c9da78b1c60e57ed94b,cd764fbfae774d068af7549c648a02c9,0.932315
9adf6404c5364c9da78b1c60e57ed94b,2b039224b54142d185a406b31fe01de2,0.824490
9adf6404c5364c9da78b1c60e57ed94b,31cf7db26a3249c5a6205b005662ddcf,0.805618
9adf6404c5364c9da78b1c60e57ed94b,3e6a4b65a1004c08a6f3f570cf986c2f,0.797217
9adf6404c5364c9da78b1c60e57ed94b,342aaa81ed004635bbf9cbc2592cd7b6,0.791256
9adf6404c5364c9da78b1c60e57ed94b,f5d09519cf7647f8a107cd8fadd322e5,0.782806
d1c6d2db55584c7e9425bce6b4029bcb,2fcf4a04d3654ffb9a5c1dfa3799e4f0,0.891253
d1c6d2db55584c7e9425bce6b4029bcb,3bd43a42811048e3b7a7d9740bdb1971,0.826271
6a4118df6def4cfeae3bb62650bcbfe1,2fcf4a04d3654ffb9a5c1dfa3799e4f0,0.964217
6a4118df6def4cfeae3bb62650bcbfe1,3bd43a42811048e3b7a7d9740bdb1971,0.794391
6a4118df6def4cfeae3bb62650bcbfe1,724a3f6551e74ad585bdeac9a75fd639,0.754950
70e2b8adca1a4fae93ba2708abc854fc,2fcf4a04d3654ffb9a5c1dfa3799e4f0,0.892091
70e2b8adca1a4fae93ba2708abc854fc,3bd43a42811048e3b7a7d9740bdb1971,0.819322
70e2b8adca1a4fae93ba2708abc854fc,724a3f6551e74ad585bdeac9a75fd639,0.753382
a14d78aab651419fbb973ee24df782f0,3bd43a42811048e3b7a7d9740bdb1971,0.797015
44b51300330643689a392e7b77ce78b9,d716ea165223433a8d49b93e96989482,0.915915
a59bcbf84ffb47d0abaf3c42791c4eeb,e7ee85dd47ca43eeb2fdcd70b802f0ec,0.976143
a59bcbf84ffb47d0abaf3c42791c4eeb,59f62d35b1ad451397b700b3dad25448,0.823169
a59bcbf84ffb47d0abaf3c42791c4eeb,bbdf9065122d499d9d8f80ad3e0ef6f3,0.811292
a59bcbf84ffb47d0abaf3c42791c4eeb,3766b26b53874893ae48693880e1942c,0.796639
a59bcbf84ffb47d0abaf3c42791c4eeb,b675be39e8ff421aa59811f146da945b,0.788322
a59bcbf84ffb47d0abaf3c42791c4eeb,2f0401170d104b47b0a8f087f69dee88,0.787940
a59bcbf84ffb47d0abaf3c42791c4eeb,fc430b7683934be2aba12468b2409bb8,0.781907
a59bcbf84ffb47d0abaf3c42791c4eeb,57bcda73abab44ee930b20cdaee9d24b,0.778695
a59bcbf84ffb47d0abaf3c42791c4eeb,27a0d24dc1e14b28a1f18456b29c93f1,0.777186
a59bcbf84ffb47d0abaf3c42791c4eeb,7daa434073604cb98a04fefb55468dda,0.776052
b0133b20a5a9444582fbb510d5158e94,3766b26b53874893ae48693880e1942c,0.890552
b0133b20a5a9444582fbb510d5158e94,e7ee85dd47ca43eeb2fdcd70b802f0ec,0.883363
b0133b20a5a9444582fbb510d5158e94,59f62d35b1ad451397b700b3dad25448,0.874329
b0133b20a5a9444582fbb510d5158e94,b675be39e8ff421aa59811f146da945b,0.837938
b0133b20a5a9444582fbb510d5158e94,2f0401170d104b47b0a8f087f69dee88,0.836215
b0133b20a5a9444582fbb510d5158e94,bbdf9065122d499d9d8f80ad3e0ef6f3,0.825060
b0133b20a5a9444582fbb510d5158e94,f92d16d3a970487094292439c3e00923,0.821244
b0133b20a5a9444582fbb510d5158e94,27a0d24dc1e14b28a1f18456b29c93f1,0.807706
b0133b20a5a9444582fbb510d5158e94,57bcda73abab44ee930b20cdaee9d24b,0.805374
b0133b20a5a9444582fbb510d5158e94,fc430b7683934be2aba12468b2409bb8,0.804992
0c4c0aa7638b46729b25d811b58820c2,1f3cf50fe1f947d8a56e02ebca441c4c,0.967193
077ba3ca8b4f4aafa1c3b07a9c81b87f,1f3cf50fe1f947d8a56e02ebca441c4c,0.937956
343fdc468034438c90562b6db6f39797,d756970269e9443fb9bbf645a96aa84e,0.986407
906efceb3d96448092f0c58433b87e1c,d756970269e9443fb9bbf645a96aa84e,0.993155
e1236162007c4212aaf19e0771d4b741,74644c8cc17449cf89379868e7b21398,0.980280
00d00578efec48fab535293ac554abc7,74644c8cc17449cf89379868e7b21398,0.982942
cb31998c075d450d95c9b67944dcbd76,13e659415ac84c7a81fc769111d43417,0.959503
b3ebec0b824f4a8a8fb8920f8441b6fd,dee9eddb2eac41bfaf36d3279d43674a,0.806227
4aa0e4f3efc14a9ea0bce80841eb621b,13e659415ac84c7a81fc769111d43417,0.969377
497a54d4f7074270862214aee7e64871,8dfe01febd46475ab5aef97033716ce1,0.984099
497a54d4f7074270862214aee7e64871,daed5458403e49e3aea72f4bcc6dd224,0.818367
497a54d4f7074270862214aee7e64871,f12e9e5805534d719f829332d1ea5d29,0.772418
497a54d4f7074270862214aee7e64871,db620271348d404a9a0b978d96c63f29,0.762786
497a54d4f7074270862214aee7e64871,6ea31a945d494834a3d243f1f90af02a,0.753852
497a54d4f7074270862214aee7e64871,d695b7afdc3841a28a56df578e56afce,0.753214
1916331efe4549b3be624c41a1538927,daed5458403e49e3aea72f4bcc6dd224,0.925817
1916331efe4549b3be624c41a1538927,8dfe01febd46475ab5aef97033716ce1,0.845149
1916331efe4549b3be624c41a1538927,6ea31a945d494834a3d243f1f90af02a,0.802536
1916331efe4549b3be624c41a1538927,f12e9e5805534d719f829332d1ea5d29,0.790422
1916331efe4549b3be624c41a1538927,f1c9c5051bdd4a11a064260bbb9d6d7b,0.772568
1916331efe4549b3be624c41a1538927,7226603f024c45c6a6e44b00e52e8aad,0.764977
1916331efe4549b3be624c41a1538927,e12ad1ce8e7940a999b9a4f91a95fab7,0.756087
5ac53d8e26eb4e318f26ab79a0321759,daed5458403e49e3aea72f4bcc6dd224,0.922334
5ac53d8e26eb4e318f26ab79a0321759,8dfe01febd46475ab5aef97033716ce1,0.815830
5ac53d8e26eb4e318f26ab79a0321759,f12e9e5805534d719f829332d1ea5d29,0.775165
5ac53d8e26eb4e318f26ab79a0321759,f1c9c5051bdd4a11a064260bbb9d6d7b,0.774138
5ac53d8e26eb4e318f26ab79a0321759,6ea31a945d494834a3d243f1f90af02a,0.766327
5ac53d8e26eb4e318f26ab79a0321759,7226603f024c45c6a6e44b00e52e8aad,0.753526
80c9830759ea407a88a5484659289f5d,f1c9c5051bdd4a11a064260bbb9d6d7b,0.895226
80c9830759ea407a88a5484659289f5d,7226603f024c45c6a6e44b00e52e8aad,0.782570
80c9830759ea407a88a5484659289f5d,d695b7afdc3841a28a56df578e56afce,0.776837
80c9830759ea407a88a5484659289f5d,f12e9e5805534d719f829332d1ea5d29,0.774086
80c9830759ea407a88a5484659289f5d,db620271348d404a9a0b978d96c63f29,0.772690
80c9830759ea407a88a5484659289f5d,daed5458403e49e3aea72f4bcc6dd224,0.764294
6d337f44e61147928e64eab798fe3328,f1c9c5051bdd4a11a064260bbb9d6d7b,0.873416
6d337f44e61147928e64eab798fe3328,d695b7afdc3841a28a56df578e56afce,0.789770
6d337f44e61147928e64eab798fe3328,7226603f024c45c6a6e44b00e52e8aad,0.771384
6d337f44e61147928e64eab798fe3328,714e47cd21e5416f864a4bc938850a72,0.759656
6d337f44e61147928e64eab798fe3328,a7077a82d2c74518b96fb45e35f6e150,0.754257
0cdbb3c4d2ac4c828901f6bd0a6a2b2f,434551fdf9e443ed91679a9557ae6fd5,0.920333
5f108ee31ee841e0a7a9c47cc18206be,4254f6eaaed746bea797c3522036fc12,0.863096
747ff46c283a4c069b67ffbf8e5a07cb,434551fdf9e443ed91679a9557ae6fd5,0.834126
8f0d666c50404645b13bfe3e66f42211,b90d74e80c37486eaee89b6fbab13671,0.940341
8f0d666c50404645b13bfe3e66f42211,5537ddec608a4ec586ea068fa27547ca,0.765126
6ebcf08b1bfb414a81cb644955467ddc,b90d74e80c37486eaee89b6fbab13671,0.983910
ba3cf143599441c69bb6e84716c550c1,3cb231e1167e45f9bf5771a4e0074092,0.903364
f9c6d687d22445a3a42bb5ef26f1efb1,4d0a737f396d4a95808085bd1306746c,0.950925
f9c6d687d22445a3a42bb5ef26f1efb1,e12ad1ce8e7940a999b9a4f91a95fab7,0.763934
55ff335679e94c7e9136c35ec45ffe08,aedd476072b345e9be46ebd7260e93a6,0.982075
55ff335679e94c7e9136c35ec45ffe08,797cc520b8c94d9bbef187818ab51647,0.760287
55ff335679e94c7e9136c35ec45ffe08,7e190e3c05d74e6b9f103e39142c1684,0.758645
2d18983b2c08444f9c28b8ff9d211b4b,4d0a737f396d4a95808085bd1306746c,0.987703
2d18983b2c08444f9c28b8ff9d211b4b,7584980704ae4617bb27ca162cc9c5db,0.760455
2d18983b2c08444f9c28b8ff9d211b4b,4c67cc7a1ccc496db132636e3f4853a2,0.756183
2d18983b2c08444f9c28b8ff9d211b4b,e12ad1ce8e7940a999b9a4f91a95fab7,0.755232
3ffce0f5b295425b9e8dcac59218f776,aedd476072b345e9be46ebd7260e93a6,0.938905
3ffce0f5b295425b9e8dcac59218f776,797cc520b8c94d9bbef187818ab51647,0.760881
3ffce0f5b295425b9e8dcac59218f776,f6061b71031b4ddb9384f86c103690a4,0.759870
d8a7ca9c214246edb53a05f963f18ae2,7fe9e665bf41491c9788941aa2894a10,0.932946
d8a7ca9c214246edb53a05f963f18ae2,d25e6f2fc8154dd7816f8f7a41bee12b,0.786760
57062952f9e74d028985df841b24f285,d25e6f2fc8154dd7816f8f7a41bee12b,0.969104
57062952f9e74d028985df841b24f285,7fe9e665bf41491c9788941aa2894a10,0.813161
5d12bfa69be74f498b42610ff9736913,d25e6f2fc8154dd7816f8f7a41bee12b,0.927436
5d12bfa69be74f498b42610ff9736913,7fe9e665bf41491c9788941aa2894a10,0.801909
1ac8ca7603544075954a8714e1990e7f,7fe9e665bf41491c9788941aa2894a10,0.957262
1ac8ca7603544075954a8714e1990e7f,d25e6f2fc8154dd7816f8f7a41bee12b,0.790445
5c82142a41eb4fa7a6f77361c5865f55,714e47cd21e5416f864a4bc938850a72,0.979869
5c82142a41eb4fa7a6f77361c5865f55,d695b7afdc3841a28a56df578e56afce,0.849743
5c82142a41eb4fa7a6f77361c5865f55,797cc520b8c94d9bbef187818ab51647,0.805334
5c82142a41eb4fa7a6f77361c5865f55,a7077a82d2c74518b96fb45e35f6e150,0.804794
5c82142a41eb4fa7a6f77361c5865f55,87fc1d6a57ea488786caaec8599c3b8b,0.789087
5c82142a41eb4fa7a6f77361c5865f55,e12ad1ce8e7940a999b9a4f91a95fab7,0.782566
5c82142a41eb4fa7a6f77361c5865f55,f1c9c5051bdd4a11a064260bbb9d6d7b,0.769570
7c97ff590ca246898e57f4f75c6d9880,714e47cd21e5416f864a4bc938850a72,0.980709
7c97ff590ca246898e57f4f75c6d9880,d695b7afdc3841a28a56df578e56afce,0.846656
7c97ff590ca246898e57f4f75c6d9880,a7077a82d2c74518b96fb45e35f6e150,0.811726
7c97ff590ca246898e57f4f75c6d9880,797cc520b8c94d9bbef187818ab51647,0.801442
7c97ff590ca246898e57f4f75c6d9880,87fc1d6a57ea488786caaec8599c3b8b,0.788873
7c97ff590ca246898e57f4f75c6d9880,e12ad1ce8e7940a999b9a4f91a95fab7,0.778706
7c97ff590ca246898e57f4f75c6d9880,f1c9c5051bdd4a11a064260bbb9d6d7b,0.774605
b439e61143bb452198ea7179e6153565,a7077a82d2c74518b96fb45e35f6e150,0.964639
b439e61143bb452198ea7179e6153565,714e47cd21e5416f864a4bc938850a72,0.829465
b439e61143bb452198ea7179e6153565,797cc520b8c94d9bbef187818ab51647,0.795292
b439e61143bb452198ea7179e6153565,d695b7afdc3841a28a56df578e56afce,0.786081
b439e61143bb452198ea7179e6153565,87fc1d6a57ea488786caaec8599c3b8b,0.783555
b439e61143bb452198ea7179e6153565,e12ad1ce8e7940a999b9a4f91a95fab7,0.781097
b439e61143bb452198ea7179e6153565,f1c9c5051bdd4a11a064260bbb9d6d7b,0.780375
fd60a3efb7074ef7b1e3aaf40201c970,a7077a82d2c74518b96fb45e35f6e150,0.954158
fd60a3efb7074ef7b1e3aaf40201c970,714e47cd21e5416f864a4bc938850a72,0.816762
fd60a3efb7074ef7b1e3aaf40201c970,797cc520b8c94d9bbef187818ab51647,0.785835
fd60a3efb7074ef7b1e3aaf40201c970,d695b7afdc3841a28a56df578e56afce,0.780675
fd60a3efb7074ef7b1e3aaf40201c970,87fc1d6a57ea488786caaec8599c3b8b,0.773335
fd60a3efb7074ef7b1e3aaf40201c970,e12ad1ce8e7940a999b9a4f91a95fab7,0.769316
fd60a3efb7074ef7b1e3aaf40201c970,f1c9c5051bdd4a11a064260bbb9d6d7b,0.768673
74279677b01649fe9c9330832c44e188,0daf8d5687b54d158f7f752884c42334,0.970966
74279677b01649fe9c9330832c44e188,bbdf9065122d499d9d8f80ad3e0ef6f3,0.835335
74279677b01649fe9c9330832c44e188,3aa003c1e31b476e999c3a808a1d5dc6,0.804887
74279677b01649fe9c9330832c44e188,65e30dd62cfa4dccb9ea4d908a9d6fab,0.804250
74279677b01649fe9c9330832c44e188,cb550e5ff4694fe9a19eaa6588cef250,0.789223
74279677b01649fe9c9330832c44e188,2f0401170d104b47b0a8f087f69dee88,0.783844
74279677b01649fe9c9330832c44e188,7359a1cc20d54f96aeea121d7247b88d,0.779269
74279677b01649fe9c9330832c44e188,4e4495962a9b4864882397042f1a2b3e,0.776920
74279677b01649fe9c9330832c44e188,4a7fa5a1bafe4b6995e2920444ac07c4,0.773158
74279677b01649fe9c9330832c44e188,0eb119aabc884795a4768c6d3e677ea1,0.769285
76f1a57141c141cf8c82961ec4686a1c,,
9fb4debf99ee489098c330310de8b65d,0daf8d5687b54d158f7f752884c42334,0.952482
9fb4debf99ee489098c330310de8b65d,bbdf9065122d499d9d8f80ad3e0ef6f3,0.823346
9fb4debf99ee489098c330310de8b65d,3aa003c1e31b476e999c3a808a1d5dc6,0.797834
9fb4debf99ee489098c330310de8b65d,65e30dd62cfa4dccb9ea4d908a9d6fab,0.791574
9fb4debf99ee489098c330310de8b65d,cb550e5ff4694fe9a19eaa6588cef250,0.782872
9fb4debf99ee489098c330310de8b65d,7359a1cc20d54f96aeea121d7247b88d,0.774390
9fb4debf99ee489098c330310de8b65d,8889c114b071429cbe2418f5b0f2024b,0.774131
9fb4debf99ee489098c330310de8b65d,4e4495962a9b4864882397042f1a2b3e,0.771696
9fb4debf99ee489098c330310de8b65d,2f0401170d104b47b0a8f087f69dee88,0.769882
9fb4debf99ee489098c330310de8b65d,24c55bb5cd694770ba895c7401da2ba5,0.754810
22afc0397a0a4324acedfe7a1e698dc5,bbdf9065122d499d9d8f80ad3e0ef6f3,0.957978
22afc0397a0a4324acedfe7a1e698dc5,0daf8d5687b54d158f7f752884c42334,0.833236
22afc0397a0a4324acedfe7a1e698dc5,e7ee85dd47ca43eeb2fdcd70b802f0ec,0.797455
22afc0397a0a4324acedfe7a1e698dc5,2d43cf91509846e29ab4febd7781919f,0.791975
22afc0397a0a4324acedfe7a1e698dc5,3aa003c1e31b476e999c3a808a1d5dc6,0.789342
22afc0397a0a4324acedfe7a1e698dc5,65e30dd62cfa4dccb9ea4d908a9d6fab,0.784746
22afc0397a0a4324acedfe7a1e698dc5,0accd1d0138b49049d437c0d9b1c23c3,0.781969
22afc0397a0a4324acedfe7a1e698dc5,27a0d24dc1e14b28a1f18456b29c93f1,0.777363
22afc0397a0a4324acedfe7a1e698dc5,7daa434073604cb98a04fefb55468dda,0.776852
22afc0397a0a4324acedfe7a1e698dc5,57bcda73abab44ee930b20cdaee9d24b,0.775957
8bb786e1ae9e46dbb6ebe4f36bb30022,fc430b7683934be2aba12468b2409bb8,0.934548
8bb786e1ae9e46dbb6ebe4f36bb30022,e8927e14983a43da900edd926dd35adb,0.833638
8bb786e1ae9e46dbb6ebe4f36bb30022,27a0d24dc1e14b28a1f18456b29c93f1,0.827353
8bb786e1ae9e46dbb6ebe4f36bb30022,59f62d35b1ad451397b700b3dad25448,0.820007
8bb786e1ae9e46dbb6ebe4f36bb30022,3766b26b53874893ae48693880e1942c,0.809572
8bb786e1ae9e46dbb6ebe4f36bb30022,e7ee85dd47ca43eeb2fdcd70b802f0ec,0.794137
8bb786e1ae9e46dbb6ebe4f36bb30022,2f0401170d104b47b0a8f087f69dee88,0.779175
8bb786e1ae9e46dbb6ebe4f36bb30022,a4af9472683c4df0a86f9400c99c2b61,0.768796
8bb786e1ae9e46dbb6ebe4f36bb30022,b675be39e8ff421aa59811f146da945b,0.764431
8bb786e1ae9e46dbb6ebe4f36bb30022,8c7c9eaae41a44a3a4ebe39ce167d300,0.759411
afdec97feacc44a4b83541c2e0c7a33e,fc430b7683934be2aba12468b2409bb8,0.955252
afdec97feacc44a4b83541c2e0c7a33e,59f62d35b1ad451397b700b3dad25448,0.831445
afdec97feacc44a4b83541c2e0c7a33e,27a0d24dc1e14b28a1f18456b29c93f1,0.817494
afdec97feacc44a4b83541c2e0c7a33e,e7ee85dd47ca43eeb2fdcd70b802f0ec,0.814439
afdec97feacc44a4b83541c2e0c7a33e,e8927e14983a43da900edd926dd35adb,0.808642
afdec97feacc44a4b83541c2e0c7a33e,3766b26b53874893ae48693880e1942c,0.781728
afdec97feacc44a4b83541c2e0c7a33e,a4af9472683c4df0a86f9400c99c2b61,0.766002
afdec97feacc44a4b83541c2e0c7a33e,2f0401170d104b47b0a8f087f69dee88,0.758674
afdec97feacc44a4b83541c2e0c7a33e,ccb62901750b4d13a922fc161b607f83,0.757678
afdec97feacc44a4b83541c2e0c7a33e,19098957d8c24cab95daa30c2baefd8f,0.755926
8756904ecec04706890eb72f81305ad8,dbb3fe11ad004895b302a84e7c066fcc,0.827936
8756904ecec04706890eb72f81305ad8,27a0d24dc1e14b28a1f18456b29c93f1,0.815164
8756904ecec04706890eb72f81305ad8,e8927e14983a43da900edd926dd35adb,0.810905
8756904ecec04706890eb72f81305ad8,59f62d35b1ad451397b700b3dad25448,0.771176
8756904ecec04706890eb72f81305ad8,3766b26b53874893ae48693880e1942c,0.765995
8756904ecec04706890eb72f81305ad8,68aefc97056440af874039a28497cf98,0.763906
8756904ecec04706890eb72f81305ad8,86179aff3df24ff59b11e9a34974a3f4,0.763393
8756904ecec04706890eb72f81305ad8,2d43cf91509846e29ab4febd7781919f,0.762649
8756904ecec04706890eb72f81305ad8,fc430b7683934be2aba12468b2409bb8,0.758868
8756904ecec04706890eb72f81305ad8,e7ee85dd47ca43eeb2fdcd70b802f0ec,0.754280
8b8151048f8d4951a310c33c9a5d2c43,fc430b7683934be2aba12468b2409bb8,0.885543
8b8151048f8d4951a310c33c9a5d2c43,27a0d24dc1e14b28a1f18456b29c93f1,0.861403
8b8151048f8d4951a310c33c9a5d2c43,e7ee85dd47ca43eeb2fdcd70b802f0ec,0.828243
8b8151048f8d4951a310c33c9a5d2c43,59f62d35b1ad451397b700b3dad25448,0.825500
8b8151048f8d4951a310c33c9a5d2c43,e8927e14983a43da900edd926dd35adb,0.822893
8b8151048f8d4951a310c33c9a5d2c43,3766b26b53874893ae48693880e1942c,0.809098
8b8151048f8d4951a310c33c9a5d2c43,26e55eb4d910464497d700bfdf5a36ca,0.779650
8b8151048f8d4951a310c33c9a5d2c43,2f0401170d104b47b0a8f087f69dee88,0.773872
8b8151048f8d4951a310c33c9a5d2c43,a4af9472683c4df0a86f9400c99c2b61,0.760872
8b8151048f8d4951a310c33c9a5d2c43,cb550e5ff4694fe9a19eaa6588cef250,0.758349
ef2a80861fc14e18ab15656a8a125c8c,b00b2395b49949508fade89bb3eac98b,0.861301
0df6b8fc44a3430782efcbe10851747b,b00b2395b49949508fade89bb3eac98b,0.864972
de8c81d294194b43ba2dcbc36eff8ff8,dd9e8283197b473d8ffd502561bdaaec,0.968414
c28da2f21daf4e57ac46e2bac9595e26,dd9e8283197b473d8ffd502561bdaaec,0.916885
e12c80d95476447dba9b11c911992609,71d4b4036e594d7399506e6fd9b88063,0.980743
e12c80d95476447dba9b11c911992609,f532294d68604bc2aa9ad8804a8c6d5f,0.793077
e12c80d95476447dba9b11c911992609,b6da55bea1244cf0a753b258420946b2,0.790571
7c7d36ea7b1242068efef6a72b998b95,71d4b4036e594d7399506e6fd9b88063,0.978310
7c7d36ea7b1242068efef6a72b998b95,f532294d68604bc2aa9ad8804a8c6d5f,0.787900
7c7d36ea7b1242068efef6a72b998b95,b6da55bea1244cf0a753b258420946b2,0.784646
b6031a4a73c94a459b6d26c1d8829bd0,f532294d68604bc2aa9ad8804a8c6d5f,0.993171
b6031a4a73c94a459b6d26c1d8829bd0,71d4b4036e594d7399506e6fd9b88063,0.783816
b6031a4a73c94a459b6d26c1d8829bd0,b6da55bea1244cf0a753b258420946b2,0.768394
b6031a4a73c94a459b6d26c1d8829bd0,b7f5c165ea2242709a2fb71f3a3f1bcb,0.760800
cade21dad7f74878b910ad5e0060d6e4,f532294d68604bc2aa9ad8804a8c6d5f,0.993651
cade21dad7f74878b910ad5e0060d6e4,71d4b4036e594d7399506e6fd9b88063,0.789854
cade21dad7f74878b910ad5e0060d6e4,b6da55bea1244cf0a753b258420946b2,0.775793
cade21dad7f74878b910ad5e0060d6e4,b7f5c165ea2242709a2fb71f3a3f1bcb,0.763458
21354b108cee4d5a8ea7b2d1459410d3,8c5f38853679436ba434b6a696e43168,0.979157
21354b108cee4d5a8ea7b2d1459410d3,fc70a4c2c4834e0eba1a14470f563b03,0.873041
21354b108cee4d5a8ea7b2d1459410d3,716a15d66b63424a8068da89e75733b4,0.861249
21354b108cee4d5a8ea7b2d1459410d3,1d93c07de74c482ebf0a76ec564c3252,0.847281
21354b108cee4d5a8ea7b2d1459410d3,a8904adcdd21495f890bc614bfdbf86f,0.841974
21354b108cee4d5a8ea7b2d1459410d3,bb6ecabbce1b43d997d00d7acdc95193,0.837310
21354b108cee4d5a8ea7b2d1459410d3,af648fa7ac6c4c50a246de470329cd83,0.832501
21354b108cee4d5a8ea7b2d1459410d3,afac6ae28fac41dabae96696990c5555,0.831556
21354b108cee4d5a8ea7b2d1459410d3,116f6c1f0cb54312986a0a729508a33e,0.823826
21354b108cee4d5a8ea7b2d1459410d3,b01fd4d037a84a7aa777e1fc345c73c5,0.815482
e5265fd04dc84392b38bfe8ab07708b7,8c5f38853679436ba434b6a696e43168,0.994041
e5265fd04dc84392b38bfe8ab07708b7,fc70a4c2c4834e0eba1a14470f563b03,0.861711
e5265fd04dc84392b38bfe8ab07708b7,716a15d66b63424a8068da89e75733b4,0.853518
e5265fd04dc84392b38bfe8ab07708b7,1d93c07de74c482ebf0a76ec564c3252,0.842366
e5265fd04dc84392b38bfe8ab07708b7,bb6ecabbce1b43d997d00d7acdc95193,0.837593
e5265fd04dc84392b38bfe8ab07708b7,a8904adcdd21495f890bc614bfdbf86f,0.835242
e5265fd04dc84392b38bfe8ab07708b7,afac6ae28fac41dabae96696990c5555,0.825540
e5265fd04dc84392b38bfe8ab07708b7,116f6c1f0cb54312986a0a729508a33e,0.825090
e5265fd04dc84392b38bfe8ab07708b7,af648fa7ac6c4c50a246de470329cd83,0.822853
e5265fd04dc84392b38bfe8ab07708b7,fe363cef357840fcb35f320fe7c27e4e,0.813669
abaa87591059401aa7cacf5863a34f32,1a842f077119475794cc2de48e154374,0.943712
abaa87591059401aa7cacf5863a34f32,88f796c14d184ecfaa5b0109161db259,0.834395
f94a7e7419784d4ebda0ff5f8ef3c9f5,88f796c14d184ecfaa5b0109161db259,0.944828
f94a7e7419784d4ebda0ff5f8ef3c9f5,1a842f077119475794cc2de48e154374,0.809486
cecbc55e0fe942e186be8064a4ad80bf,1a842f077119475794cc2de48e154374,0.919921
cecbc55e0fe942e186be8064a4ad80bf,88f796c14d184ecfaa5b0109161db259,0.823105
80d47a70768e407bb5a1cd495387e011,88f796c14d184ecfaa5b0109161db259,0.840440
80d47a70768e407bb5a1cd495387e011,1a842f077119475794cc2de48e154374,0.822474
d1c3c4008d3a458ca5c2438615c3a113,5e0a2bc284cf4002914ae4e6aaef41e8,0.917460
d1c3c4008d3a458ca5c2438615c3a113,3e923b6e3ceb4901b77c9a18729546eb,0.780244
86bed733c05f41519f76576710fcce05,,
cb1eb8a8b7594957b332dec5dc590436,3e923b6e3ceb4901b77c9a18729546eb,0.780951
7dfc06c380304101bd335775988b2fb2,5e0a2bc284cf4002914ae4e6aaef41e8,0.938476
7dfc06c380304101bd335775988b2fb2,3e923b6e3ceb4901b77c9a18729546eb,0.794585
999934829ec2429b967f27b051da6a53,c2b49382e2f34b1c90013236a5fbaef0,0.938288
ed4102db144043b6952d6cb9acdcc007,022e16490d1949b9ab2fc1de5a837031,0.998074
ed4102db144043b6952d6cb9acdcc007,7c061d36393540b49e20d98086bdb5bd,0.856994
ed4102db144043b6952d6cb9acdcc007,9ffa09a2b9bd4da0ba98fc537ca68802,0.760584
0020ab6d2078440b870ebf4a01c0351f,022e16490d1949b9ab2fc1de5a837031,0.993772
0020ab6d2078440b870ebf4a01c0351f,7c061d36393540b49e20d98086bdb5bd,0.858464
0020ab6d2078440b870ebf4a01c0351f,3574ab91c29940b3afc62354ae06b73b,0.756806
0020ab6d2078440b870ebf4a01c0351f,9ffa09a2b9bd4da0ba98fc537ca68802,0.753495
d3fc0aaff9224a678bb3210f1e8767ea,7c061d36393540b49e20d98086bdb5bd,0.982352
d3fc0aaff9224a678bb3210f1e8767ea,022e16490d1949b9ab2fc1de5a837031,0.845050
d3fc0aaff9224a678bb3210f1e8767ea,0228b1e9e3244da3a727930123ba7bda,0.797555
d3fc0aaff9224a678bb3210f1e8767ea,9aca522158f443fd8a9caaec38ae5e2c,0.774929
d3fc0aaff9224a678bb3210f1e8767ea,1004b33e3126472faa78e1929ed974e6,0.755728
8b37e7b8f87749c48d81e99c8d376700,7c061d36393540b49e20d98086bdb5bd,0.981775
8b37e7b8f87749c48d81e99c8d376700,022e16490d1949b9ab2fc1de5a837031,0.842940
8b37e7b8f87749c48d81e99c8d376700,0228b1e9e3244da3a727930123ba7bda,0.799590
8b37e7b8f87749c48d81e99c8d376700,9aca522158f443fd8a9caaec38ae5e2c,0.779676
8b37e7b8f87749c48d81e99c8d376700,1004b33e3126472faa78e1929ed974e6,0.755367
2e9248c10d1044a2a090d3fa4aa29fe5,91f9f8576e5142a49926bd623b0bc19c,0.979349
2e9248c10d1044a2a090d3fa4aa29fe5,f8856799293e49feab6368e794eb8b00,0.791935
2e9248c10d1044a2a090d3fa4aa29fe5,632cc2bc04034dd4848855fe6497262d,0.791430
2e9248c10d1044a2a090d3fa4aa29fe5,6c6de17135be4f8c9423be633eaefcd4,0.769825
2e9248c10d1044a2a090d3fa4aa29fe5,45e440d874a54bb591862ff441114cd3,0.759780
8d4f78a13e3e4f569761273ba212d220,a9573f188204436090fb4a5240e4eccd,0.803052
5487b0f31d2343fea0caab9f145c7a40,938147b72e9540da8513910871e0830a,0.759025
678907f3b26242c9b3555311ee9dbf79,91f9f8576e5142a49926bd623b0bc19c,0.961711
678907f3b26242c9b3555311ee9dbf79,f8856799293e49feab6368e794eb8b00,0.798479
678907f3b26242c9b3555311ee9dbf79,632cc2bc04034dd4848855fe6497262d,0.784321
678907f3b26242c9b3555311ee9dbf79,6c6de17135be4f8c9423be633eaefcd4,0.767765
678907f3b26242c9b3555311ee9dbf79,45e440d874a54bb591862ff441114cd3,0.756037
e69d128634c04bf0aebd7c02e123f5f6,119a6d7b4af3458b951fc1c5ab5e1738,0.975922
2b8cd6d21f1d45bb8ae377278a33d5c6,45e440d874a54bb591862ff441114cd3,0.797641
2b8cd6d21f1d45bb8ae377278a33d5c6,babbeca1f6a244a2a11ea77a3855e70f,0.770980
2b8cd6d21f1d45bb8ae377278a33d5c6,91f9f8576e5142a49926bd623b0bc19c,0.770649
73fbb300f6aa425590b0e4d909f7a1ae,119a6d7b4af3458b951fc1c5ab5e1738,0.950478
9d66c66d77b74f5da8cab53f98ae38b0,45e440d874a54bb591862ff441114cd3,0.803381
9d66c66d77b74f5da8cab53f98ae38b0,babbeca1f6a244a2a11ea77a3855e70f,0.776681
9d66c66d77b74f5da8cab53f98ae38b0,91f9f8576e5142a49926bd623b0bc19c,0.772188
56efccc089ce469697f14a0e2751fe90,be8953cc364d46cebbcc2c2da2c348ab,0.915300
56efccc089ce469697f14a0e2751fe90,e06d08ff594a4acbac12edf579743fcf,0.864929
56efccc089ce469697f14a0e2751fe90,7584980704ae4617bb27ca162cc9c5db,0.807180
56efccc089ce469697f14a0e2751fe90,403835bbf2f1447188bcc78e062b0028,0.800925
56efccc089ce469697f14a0e2751fe90,5e44915237fc4445b54b037e1c4e29a4,0.789715
56efccc089ce469697f14a0e2751fe90,0c889c151e094b948c13b0275e660a9c,0.765654
56efccc089ce469697f14a0e2751fe90,f335a944a27a4504a82ecf70c2d4a5e4,0.760906
56efccc089ce469697f14a0e2751fe90,baad022010b44fad8d8410869d909fd1,0.759093
56efccc089ce469697f14a0e2751fe90,4d0a737f396d4a95808085bd1306746c,0.758403
56efccc089ce469697f14a0e2751fe90,cd6ce920d00e4d17a6cf04f9f7e550b7,0.754246
e31088791958477299febc77d6975d33,7584980704ae4617bb27ca162cc9c5db,0.989446
e31088791958477299febc77d6975d33,be8953cc364d46cebbcc2c2da2c348ab,0.839439
e31088791958477299febc77d6975d33,5e44915237fc4445b54b037e1c4e29a4,0.836308
e31088791958477299febc77d6975d33,e06d08ff594a4acbac12edf579743fcf,0.767212
e31088791958477299febc77d6975d33,051d304b7139431fb3bff19b4e75aff7,0.766631
e31088791958477299febc77d6975d33,4e22dc65beb7450b9260cf27e50919e4,0.763268
e31088791958477299febc77d6975d33,403835bbf2f1447188bcc78e062b0028,0.756001
8dfe042169ed4a25b339fab1a8f0f16d,7584980704ae4617bb27ca162cc9c5db,0.985876
8dfe042169ed4a25b339fab1a8f0f16d,5e44915237fc4445b54b037e1c4e29a4,0.855161
8dfe042169ed4a25b339fab1a8f0f16d,be8953cc364d46cebbcc2c2da2c348ab,0.853435
8dfe042169ed4a25b339fab1a8f0f16d,e06d08ff594a4acbac12edf579743fcf,0.780607
8dfe042169ed4a25b339fab1a8f0f16d,4e22dc65beb7450b9260cf27e50919e4,0.772098
8dfe042169ed4a25b339fab1a8f0f16d,051d304b7139431fb3bff19b4e75aff7,0.769392
8dfe042169ed4a25b339fab1a8f0f16d,403835bbf2f1447188bcc78e062b0028,0.765627
8dfe042169ed4a25b339fab1a8f0f16d,0c889c151e094b948c13b0275e660a9c,0.763232
724bf6d6ea0d432996a6179d83a8742f,be8953cc364d46cebbcc2c2da2c348ab,0.910582
724bf6d6ea0d432996a6179d83a8742f,e06d08ff594a4acbac12edf579743fcf,0.855387
724bf6d6ea0d432996a6179d83a8742f,403835bbf2f1447188bcc78e062b0028,0.802675
724bf6d6ea0d432996a6179d83a8742f,5e44915237fc4445b54b037e1c4e29a4,0.789550
724bf6d6ea0d432996a6179d83a8742f,7584980704ae4617bb27ca162cc9c5db,0.788449
724bf6d6ea0d432996a6179d83a8742f,4d0a737f396d4a95808085bd1306746c,0.755992
724bf6d6ea0d432996a6179d83a8742f,f335a944a27a4504a82ecf70c2d4a5e4,0.753799
5110e733136c4f9e9e3e0388147c41d3,bfd1d441da734aad88cfacdab3ee4059,0.864548
5110e733136c4f9e9e3e0388147c41d3,98fbdf945d0c4206a48a4f7260e56017,0.763077
5110e733136c4f9e9e3e0388147c41d3,a4af9472683c4df0a86f9400c99c2b61,0.753919
d627c1b3e1d84eaf95b43f0b19887946,bfd1d441da734aad88cfacdab3ee4059,0.865853
d627c1b3e1d84eaf95b43f0b19887946,98fbdf945d0c4206a48a4f7260e56017,0.763092
d627c1b3e1d84eaf95b43f0b19887946,a4af9472683c4df0a86f9400c99c2b61,0.753907
62f80659cc834d849c6c533c0376e039,1ade4365590a4ac7865100d8c791e340,0.978072
62f80659cc834d849c6c533c0376e039,ef511457ee7c490c8e10eccf6e18fef6,0.782827
62f80659cc834d849c6c533c0376e039,bfd1d441da734aad88cfacdab3ee4059,0.759488
ed92bb218d234e48ac3d86b2aa76aab3,1ade4365590a4ac7865100d8c791e340,0.953851
ed92bb218d234e48ac3d86b2aa76aab3,ef511457ee7c490c8e10eccf6e18fef6,0.802456
ed92bb218d234e48ac3d86b2aa76aab3,bfd1d441da734aad88cfacdab3ee4059,0.777072
ed92bb218d234e48ac3d86b2aa76aab3,04d24d1cf42b4f7787d8d300cbad6d50,0.765245
ed92bb218d234e48ac3d86b2aa76aab3,94ed54abfdc74b04b0dcb19c278e66f4,0.762651
ff83f47b54ea45f188b7e4f0e1004b41,910827a15eac4e4b9005d8e46ad71f6e,0.839303
994020e88b914429981fbfe2cfa5e565,910827a15eac4e4b9005d8e46ad71f6e,0.763774
be1d69a178cf4f6eb0dd17f1c8ddaeec,a865b8d581b44104afe7c8508e3486f5,0.934626
95430a01e9424f2fb85d7c054d48b095,a865b8d581b44104afe7c8508e3486f5,0.906849
2a4d82a3bc464739aa7001ddadab5941,82d68ea370f8451aa16ea08f4601245c,0.954483
7edf2ee95e36433ab46c330e885c1d39,199647bd1328406c83c5a875154f97d9,0.971782
c471650b1b634a97a2a0fa5c4c193821,82d68ea370f8451aa16ea08f4601245c,0.945574
ea67a7776ad641bb96024eb085c8da08,0cc5015848a044b59fa4b290813f859c,0.783192
ea67a7776ad641bb96024eb085c8da08,8b4e9e3d234e4eec99a7651e246bbfa3,0.782069
86595c214b4d48e6bf56a1b3d810b7b4,64fc9fe3c8d5424ebc005e5cf4a608db,0.971321
7e0717d2a2af4dd4ba5e3dd3d3f400a0,64fc9fe3c8d5424ebc005e5cf4a608db,0.980675
5192a81fd8094f908c353ed7b3066200,fb8c2b83e46441c2aaa7c81d3642e2da,0.899598
5192a81fd8094f908c353ed7b3066200,e79ae27b52fa4d54aa37735fd275c66e,0.758396
19526db7bf344d92961055ab7ef1879f,c14e45f5201b4038bdddddb238d888a3,0.779854
85d7d994d8a648c5a59c2973bb1bc507,75efe5ddef364f49865d9bb283492b48,0.960131
85d7d994d8a648c5a59c2973bb1bc507,32aaca2a732f4272b237374d3cdeec90,0.843910
85d7d994d8a648c5a59c2973bb1bc507,225818abe99e45a0bf5b0b3ec30db76b,0.794242
85d7d994d8a648c5a59c2973bb1bc507,f439b5616ba24b7f82eccfa095a0eff8,0.764463
85d7d994d8a648c5a59c2973bb1bc507,36ee1613abf245cdbe93fef69b5f981f,0.763309
85d7d994d8a648c5a59c2973bb1bc507,cc243eebbb2b44a581745865a60c423a,0.759599
2103b437c3c1452a96d8e7e1e5e20cc9,32aaca2a732f4272b237374d3cdeec90,0.968803
2103b437c3c1452a96d8e7e1e5e20cc9,75efe5ddef364f49865d9bb283492b48,0.844828
2103b437c3c1452a96d8e7e1e5e20cc9,225818abe99e45a0bf5b0b3ec30db76b,0.755238
21b1c7bbd46b4c41a0df6625bd007760,32aaca2a732f4272b237374d3cdeec90,0.883322
21b1c7bbd46b4c41a0df6625bd007760,75efe5ddef364f49865d9bb283492b48,0.822362
21b1c7bbd46b4c41a0df6625bd007760,c756409435634fc48c643a64e73c93ce,0.759152
16176b85fa7d4eea8ca712599e1d734c,65e30dd62cfa4dccb9ea4d908a9d6fab,0.769509
16176b85fa7d4eea8ca712599e1d734c,84ff5144597241bba5cbd3d0b21d220d,0.759579
16176b85fa7d4eea8ca712599e1d734c,2d43cf91509846e29ab4febd7781919f,0.753910
44a899ade12146e4b8343990c9980025,,
bf6b8d38a56c4b30b5e752bb54b78f62,84ff5144597241bba5cbd3d0b21d220d,0.959054
bf6b8d38a56c4b30b5e752bb54b78f62,b585a2970e9f421da236241f603883f2,0.763469
bf6b8d38a56c4b30b5e752bb54b78f62,65e30dd62cfa4dccb9ea4d908a9d6fab,0.758047
b18687f1960d4a13bbb6477d2e14af49,63ba014f9cc747ac87013da6be0ceab9,0.975305
d40db3ad6f6e4cb6ade7fff2ae8e6902,01930613ce7d4a5f90ccf78d1e92a55d,0.976387
14ed0bcfd70f4e29b824ae027aa62fd7,01930613ce7d4a5f90ccf78d1e92a55d,0.938891
67d233f58d224956a6992019e5ee4e52,be8953cc364d46cebbcc2c2da2c348ab,0.813729
67d233f58d224956a6992019e5ee4e52,7584980704ae4617bb27ca162cc9c5db,0.808856
67d233f58d224956a6992019e5ee4e52,0c889c151e094b948c13b0275e660a9c,0.788213
67d233f58d224956a6992019e5ee4e52,5e44915237fc4445b54b037e1c4e29a4,0.773661
67d233f58d224956a6992019e5ee4e52,051d304b7139431fb3bff19b4e75aff7,0.766858
67d233f58d224956a6992019e5ee4e52,59e4dcf2794943b18fb902a6eb475ff8,0.762110
67d233f58d224956a6992019e5ee4e52,403835bbf2f1447188bcc78e062b0028,0.753018
a3afbfc200e74247b56879592dfebb6b,be8953cc364d46cebbcc2c2da2c348ab,0.828503
a3afbfc200e74247b56879592dfebb6b,7584980704ae4617bb27ca162cc9c5db,0.812382
a3afbfc200e74247b56879592dfebb6b,051d304b7139431fb3bff19b4e75aff7,0.791437
a3afbfc200e74247b56879592dfebb6b,0c889c151e094b948c13b0275e660a9c,0.790386
a3afbfc200e74247b56879592dfebb6b,5e44915237fc4445b54b037e1c4e29a4,0.766311
a3afbfc200e74247b56879592dfebb6b,e06d08ff594a4acbac12edf579743fcf,0.763883
a3afbfc200e74247b56879592dfebb6b,403835bbf2f1447188bcc78e062b0028,0.758375
a3afbfc200e74247b56879592dfebb6b,59e4dcf2794943b18fb902a6eb475ff8,0.755552
8d7604f278b740d4aeacdb8878c4346c,7e190e3c05d74e6b9f103e39142c1684,0.974943
8d7604f278b740d4aeacdb8878c4346c,aedd476072b345e9be46ebd7260e93a6,0.763070
8ec2127576a4485793b9d92153318d43,7e190e3c05d74e6b9f103e39142c1684,0.880931
626cb3b50e974ad681234aa162f908dc,097c30a7f39a4a3abf6da2ca80cad3a5,0.988463
94f452ef32d5484fb3f57a09817b9f1d,009be1c3430743ff9b054bdfcd6228d6,0.998752
94f452ef32d5484fb3f57a09817b9f1d,1c2b01416e3943e3b3c575e53c3f1d16,0.830285
94f452ef32d5484fb3f57a09817b9f1d,d2a03ea4b2d3439ca3dc6fe056ab0f04,0.764948
535a28e902f348a580ea213312ceb00c,097c30a7f39a4a3abf6da2ca80cad3a5,0.977569
e15e47a180cc428db81815b4d543f5b2,009be1c3430743ff9b054bdfcd6228d6,0.999557
e15e47a180cc428db81815b4d543f5b2,1c2b01416e3943e3b3c575e53c3f1d16,0.830852
e15e47a180cc428db81815b4d543f5b2,d2a03ea4b2d3439ca3dc6fe056ab0f04,0.764728
da51bfb867844c51948b40b82c100086,da61e0de396149208c9ebd0fd6d7415d,0.973956
da51bfb867844c51948b40b82c100086,530b37164090408dbab4e6da51111b8a,0.823184
da51bfb867844c51948b40b82c100086,f5bcc6f48ed2447581b401d453039866,0.808780
ac80730acb08455c893a3d869cfc6da4,da61e0de396149208c9ebd0fd6d7415d,0.922786
ac80730acb08455c893a3d869cfc6da4,f5bcc6f48ed2447581b401d453039866,0.810191
ac80730acb08455c893a3d869cfc6da4,530b37164090408dbab4e6da51111b8a,0.770813
f9840dbad6f34d8dafdf0b5c3bf04cb8,530b37164090408dbab4e6da51111b8a,0.910006
f9840dbad6f34d8dafdf0b5c3bf04cb8,f5bcc6f48ed2447581b401d453039866,0.793154
f9840dbad6f34d8dafdf0b5c3bf04cb8,da61e0de396149208c9ebd0fd6d7415d,0.791382
b5a9253e400f4be2a770d5cc396a168d,291130c42a884be2800e026bab5ddf53,0.957346
b5a9253e400f4be2a770d5cc396a168d,59e4dcf2794943b18fb902a6eb475ff8,0.792629
b5a9253e400f4be2a770d5cc396a168d,c4e79c8992e54866b0c6f26c55b1a774,0.771593
b5a9253e400f4be2a770d5cc396a168d,664da77d25e74df693eaad44a5e7617f,0.761932
7225852aa975430d8fdd288151e7f0b1,291130c42a884be2800e026bab5ddf53,0.914137
7225852aa975430d8fdd288151e7f0b1,59e4dcf2794943b18fb902a6eb475ff8,0.769699
7225852aa975430d8fdd288151e7f0b1,c4e79c8992e54866b0c6f26c55b1a774,0.755101
a96d696a72654ee6b6dc50fd558310c7,c4e79c8992e54866b0c6f26c55b1a774,0.967408
a96d696a72654ee6b6dc50fd558310c7,291130c42a884be2800e026bab5ddf53,0.763924
37b367fa65f74351b74612f813c76536,c4e79c8992e54866b0c6f26c55b1a774,0.948101
37b367fa65f74351b74612f813c76536,291130c42a884be2800e026bab5ddf53,0.784555
08f68074e69745d0a65e386ce21fddc8,1d93c07de74c482ebf0a76ec564c3252,0.901374
08f68074e69745d0a65e386ce21fddc8,a8904adcdd21495f890bc614bfdbf86f,0.808258
08f68074e69745d0a65e386ce21fddc8,716a15d66b63424a8068da89e75733b4,0.802443
08f68074e69745d0a65e386ce21fddc8,91f0da6d71574ababd8e868bddec9310,0.794474
08f68074e69745d0a65e386ce21fddc8,afac6ae28fac41dabae96696990c5555,0.790435
08f68074e69745d0a65e386ce21fddc8,13aca0959cc948cabeee0d7255f55a65,0.788459
08f68074e69745d0a65e386ce21fddc8,d7618b61a65a4bc1a0d0f2cc1bddc448,0.785359
08f68074e69745d0a65e386ce21fddc8,50aa0f56e00d4c23ac78b3e63bc0f0e1,0.784446
08f68074e69745d0a65e386ce21fddc8,8c5f38853679436ba434b6a696e43168,0.783384
08f68074e69745d0a65e386ce21fddc8,d37bf09399d848df9a4d880fb097239c,0.775516
68465053fe3d4c0bb46ce2dd5bd8a32b,13aca0959cc948cabeee0d7255f55a65,0.876337
68465053fe3d4c0bb46ce2dd5bd8a32b,1d93c07de74c482ebf0a76ec564c3252,0.876140
68465053fe3d4c0bb46ce2dd5bd8a32b,50aa0f56e00d4c23ac78b3e63bc0f0e1,0.865043
68465053fe3d4c0bb46ce2dd5bd8a32b,91f0da6d71574ababd8e868bddec9310,0.851783
68465053fe3d4c0bb46ce2dd5bd8a32b,716a15d66b63424a8068da89e75733b4,0.839423
68465053fe3d4c0bb46ce2dd5bd8a32b,b01fd4d037a84a7aa777e1fc345c73c5,0.832946
68465053fe3d4c0bb46ce2dd5bd8a32b,8c5f38853679436ba434b6a696e43168,0.826289
68465053fe3d4c0bb46ce2dd5bd8a32b,a8904adcdd21495f890bc614bfdbf86f,0.823227
68465053fe3d4c0bb46ce2dd5bd8a32b,af648fa7ac6c4c50a246de470329cd83,0.821486
68465053fe3d4c0bb46ce2dd5bd8a32b,8ad1f345ca194b29bde0a924f27b2de5,0.818541
893596ad13e54f2daf6287092d79d6ae,50aa0f56e00d4c23ac78b3e63bc0f0e1,0.885850
893596ad13e54f2daf6287092d79d6ae,1d93c07de74c482ebf0a76ec564c3252,0.885757
893596ad13e54f2daf6287092d79d6ae,13aca0959cc948cabeee0d7255f55a65,0.859349
893596ad13e54f2daf6287092d79d6ae,8c5f38853679436ba434b6a696e43168,0.837553
893596ad13e54f2daf6287092d79d6ae,716a15d66b63424a8068da89e75733b4,0.836196
893596ad13e54f2daf6287092d79d6ae,91f0da6d71574ababd8e868bddec9310,0.835328
893596ad13e54f2daf6287092d79d6ae,b01fd4d037a84a7aa777e1fc345c73c5,0.834879
893596ad13e54f2daf6287092d79d6ae,a8904adcdd21495f890bc614bfdbf86f,0.823638
893596ad13e54f2daf6287092d79d6ae,af648fa7ac6c4c50a246de470329cd83,0.823246
893596ad13e54f2daf6287092d79d6ae,afac6ae28fac41dabae96696990c5555,0.819662
603dd3df1374474d9bb550bfa01147e6,50aa0f56e00d4c23ac78b3e63bc0f0e1,0.844095
603dd3df1374474d9bb550bfa01147e6,1d93c07de74c482ebf0a76ec564c3252,0.824777
603dd3df1374474d9bb550bfa01147e6,af648fa7ac6c4c50a246de470329cd83,0.802633
603dd3df1374474d9bb550bfa01147e6,5e199f7727cc4910ad88dbd81ed1ec82,0.789526
603dd3df1374474d9bb550bfa01147e6,afac6ae28fac41dabae96696990c5555,0.777466
603dd3df1374474d9bb550bfa01147e6,8c5f38853679436ba434b6a696e43168,0.775849
603dd3df1374474d9bb550bfa01147e6,fe363cef357840fcb35f320fe7c27e4e,0.768928
603dd3df1374474d9bb550bfa01147e6,bb6ecabbce1b43d997d00d7acdc95193,0.768734
603dd3df1374474d9bb550bfa01147e6,8ad1f345ca194b29bde0a924f27b2de5,0.762939
603dd3df1374474d9bb550bfa01147e6,13aca0959cc948cabeee0d7255f55a65,0.761415
02de17a638f94e98ac7dce22ddde14ee,5c644b51b1394a7b8fa0a9a6275c422d,0.926271
02de17a638f94e98ac7dce22ddde14ee,8fca2e4873e946f7a788af2b846cebd7,0.811336
02de17a638f94e98ac7dce22ddde14ee,5455e62f52ae4e03b2a5d0e8b9899506,0.802806
02de17a638f94e98ac7dce22ddde14ee,a2612682d9854a30a7684c91c8619ec9,0.781264
02de17a638f94e98ac7dce22ddde14ee,039a871609044cb1b69f70c082fe61d8,0.755306
902d22a8d96c4f0ab484d880bfc2e287,5c644b51b1394a7b8fa0a9a6275c422d,0.930447
902d22a8d96c4f0ab484d880bfc2e287,8fca2e4873e946f7a788af2b846cebd7,0.778760
902d22a8d96c4f0ab484d880bfc2e287,5455e62f52ae4e03b2a5d0e8b9899506,0.771417
902d22a8d96c4f0ab484d880bfc2e287,ca544e6629b14e8fab5f7cb40d1ac88e,0.764902
902d22a8d96c4f0ab484d880bfc2e287,26b18153216b48d793b75598ddb54d77,0.756374
ae7ab0c6a5a14d8e8586a9699557a7fd,a2612682d9854a30a7684c91c8619ec9,0.970560
ae7ab0c6a5a14d8e8586a9699557a7fd,5c644b51b1394a7b8fa0a9a6275c422d,0.770885
ae7ab0c6a5a14d8e8586a9699557a7fd,50a2129b83404b94889a01f4688ebafd,0.759578
ae7ab0c6a5a14d8e8586a9699557a7fd,3574ab91c29940b3afc62354ae06b73b,0.758944
ae7ab0c6a5a14d8e8586a9699557a7fd,40a95697730046dcbb0d7ba1fe2109a6,0.755595
ae7ab0c6a5a14d8e8586a9699557a7fd,5455e62f52ae4e03b2a5d0e8b9899506,0.754968
b0bed57573cb454590995348d9c3451b,25afb6f7e9314af09008644bca5955b9,0.988585
b0bed57573cb454590995348d9c3451b,e88ce4cd350f43398a5c0ab8629cee72,0.878984
b0bed57573cb454590995348d9c3451b,7bbe3c76bcc04d73969f920d43fcc67d,0.826638
b0bed57573cb454590995348d9c3451b,04fa591263664fb0a6868552ebd3590b,0.794841
b0bed57573cb454590995348d9c3451b,40a95697730046dcbb0d7ba1fe2109a6,0.786995
b0bed57573cb454590995348d9c3451b,ef511457ee7c490c8e10eccf6e18fef6,0.786687
b0bed57573cb454590995348d9c3451b,b4dadb3ea3a04cc3932094471debce13,0.780453
b0bed57573cb454590995348d9c3451b,e9428816b054499298745b742f128f65,0.770163
b0bed57573cb454590995348d9c3451b,85d4175b563d48e5bc6a991b23662f24,0.767874
b0bed57573cb454590995348d9c3451b,5c8a8b7a59c54b9aa7b7136fd91b5869,0.767398
7599a56ef38f493d9ee1b47c9ae8fb02,25afb6f7e9314af09008644bca5955b9,0.986238
7599a56ef38f493d9ee1b47c9ae8fb02,e88ce4cd350f43398a5c0ab8629cee72,0.872813
7599a56ef38f493d9ee1b47c9ae8fb02,7bbe3c76bcc04d73969f920d43fcc67d,0.822871
7599a56ef38f493d9ee1b47c9ae8fb02,04fa591263664fb0a6868552ebd3590b,0.784503
7599a56ef38f493d9ee1b47c9ae8fb02,40a95697730046dcbb0d7ba1fe2109a6,0.781633
7599a56ef38f493d9ee1b47c9ae8fb02,ef511457ee7c490c8e10eccf6e18fef6,0.779660
7599a56ef38f493d9ee1b47c9ae8fb02,b4dadb3ea3a04cc3932094471debce13,0.773188
7599a56ef38f493d9ee1b47c9ae8fb02,85d4175b563d48e5bc6a991b23662f24,0.770279
7599a56ef38f493d9ee1b47c9ae8fb02,76e41369a6794714a9fab6968839bfe6,0.770216
7599a56ef38f493d9ee1b47c9ae8fb02,04d24d1cf42b4f7787d8d300cbad6d50,0.769810
165c7dbc2b894793b9fb4752c3092399,d476be2399b7424a88d242b771c32041,0.755334
5d809a0446e94ce08823b0be4c6e85f3,d476be2399b7424a88d242b771c32041,0.879107
92568b35bd5b40c6860861e28db2deb2,9948a890ef25479e834f70944cb42eae,0.848916
158d18f87a6b42b483a70835afe005fe,9948a890ef25479e834f70944cb42eae,0.939528
0c0e949f7e9b48398fe5eff0d7dd803e,26e55eb4d910464497d700bfdf5a36ca,0.971079
0c0e949f7e9b48398fe5eff0d7dd803e,092cb872c8724c7681c50da9c6cfa252,0.817238
0c0e949f7e9b48398fe5eff0d7dd803e,57bcda73abab44ee930b20cdaee9d24b,0.784123
0c0e949f7e9b48398fe5eff0d7dd803e,0eb119aabc884795a4768c6d3e677ea1,0.774233
0c0e949f7e9b48398fe5eff0d7dd803e,98fbdf945d0c4206a48a4f7260e56017,0.769259
0c0e949f7e9b48398fe5eff0d7dd803e,8889c114b071429cbe2418f5b0f2024b,0.768462
0c0e949f7e9b48398fe5eff0d7dd803e,27a0d24dc1e14b28a1f18456b29c93f1,0.766388
0c0e949f7e9b48398fe5eff0d7dd803e,59f62d35b1ad451397b700b3dad25448,0.765613
0c0e949f7e9b48398fe5eff0d7dd803e,d658e3a743af41899183fecff6b2628d,0.758374
0c0e949f7e9b48398fe5eff0d7dd803e,a5d5fb459a1844088e93ae557ab34afe,0.755463
4ea8b345742042fd848e678d308fa183,092cb872c8724c7681c50da9c6cfa252,0.924790
4ea8b345742042fd848e678d308fa183,57bcda73abab44ee930b20cdaee9d24b,0.800805
4ea8b345742042fd848e678d308fa183,26e55eb4d910464497d700bfdf5a36ca,0.791801
4ea8b345742042fd848e678d308fa183,e7ee85dd47ca43eeb2fdcd70b802f0ec,0.770616
4ea8b345742042fd848e678d308fa183,a5d5fb459a1844088e93ae557ab34afe,0.764238
4ea8b345742042fd848e678d308fa183,59f62d35b1ad451397b700b3dad25448,0.762854
4ea8b345742042fd848e678d308fa183,cb550e5ff4694fe9a19eaa6588cef250,0.758685
4ea8b345742042fd848e678d308fa183,27a0d24dc1e14b28a1f18456b29c93f1,0.757150
4ea8b345742042fd848e678d308fa183,3766b26b53874893ae48693880e1942c,0.756393
37bffb22be1b4b25a409e630b58bb3a7,a5d5fb459a1844088e93ae557ab34afe,0.840408
37bffb22be1b4b25a409e630b58bb3a7,3766b26b53874893ae48693880e1942c,0.769960
37bffb22be1b4b25a409e630b58bb3a7,57bcda73abab44ee930b20cdaee9d24b,0.760325
37bffb22be1b4b25a409e630b58bb3a7,092cb872c8724c7681c50da9c6cfa252,0.755050
fdff932278894d1885bfbc905009ea46,a5d5fb459a1844088e93ae557ab34afe,0.956865
fdff932278894d1885bfbc905009ea46,092cb872c8724c7681c50da9c6cfa252,0.778495
fdff932278894d1885bfbc905009ea46,57bcda73abab44ee930b20cdaee9d24b,0.775619
fdff932278894d1885bfbc905009ea46,bbdf9065122d499d9d8f80ad3e0ef6f3,0.775265
fdff932278894d1885bfbc905009ea46,2b3ecf8be2b242f3b8a1e714390749fb,0.775180
fdff932278894d1885bfbc905009ea46,98fbdf945d0c4206a48a4f7260e56017,0.761066
fdff932278894d1885bfbc905009ea46,0accd1d0138b49049d437c0d9b1c23c3,0.760801
fdff932278894d1885bfbc905009ea46,878e5c41be5c477e9f660ca361fdd727,0.757658
fdff932278894d1885bfbc905009ea46,7359a1cc20d54f96aeea121d7247b88d,0.755011
fdff932278894d1885bfbc905009ea46,35c5a560ecdc4d6a9d20f057ed1fa0e6,0.753427
55c258651d4f46ba879ad04a408ca3f8,092cb872c8724c7681c50da9c6cfa252,0.959028
55c258651d4f46ba879ad04a408ca3f8,57bcda73abab44ee930b20cdaee9d24b,0.804819
55c258651d4f46ba879ad04a408ca3f8,26e55eb4d910464497d700bfdf5a36ca,0.792973
55c258651d4f46ba879ad04a408ca3f8,8889c114b071429cbe2418f5b0f2024b,0.777949
55c258651d4f46ba879ad04a408ca3f8,a5d5fb459a1844088e93ae557ab34afe,0.772228
55c258651d4f46ba879ad04a408ca3f8,27a0d24dc1e14b28a1f18456b29c93f1,0.771955
55c258651d4f46ba879ad04a408ca3f8,3766b26b53874893ae48693880e1942c,0.765344
55c258651d4f46ba879ad04a408ca3f8,59f62d35b1ad451397b700b3dad25448,0.763241
55c258651d4f46ba879ad04a408ca3f8,e7ee85dd47ca43eeb2fdcd70b802f0ec,0.760514
173024800a4148a59d834a44d0998dbe,de1102228a324428989533278cd482f6,0.989333
173024800a4148a59d834a44d0998dbe,06b7dd1b701544ac80dd7ca54ed707cf,0.879134
173024800a4148a59d834a44d0998dbe,77d8e01a914d4f4a8b87d407e0d741aa,0.843772
173024800a4148a59d834a44d0998dbe,64d9091426f9461c97c98a5428856bcf,0.834471
173024800a4148a59d834a44d0998dbe,f6507bae2aaa4785842167f8320428b3,0.813891
173024800a4148a59d834a44d0998dbe,898eabaaa1a047e18aecbb1c5a8decbf,0.809576
173024800a4148a59d834a44d0998dbe,6bedb2d6ace34e18811b7f1206b2d1b0,0.793847
173024800a4148a59d834a44d0998dbe,b83013f4c5524232814efa0f8651867f,0.786683
173024800a4148a59d834a44d0998dbe,02641488de414b72b63f62b40200b101,0.783511
173024800a4148a59d834a44d0998dbe,27fe100af7884932a33bf30f10dacc55,0.783159
04f607a8dfdb4e6f8c795634b207e615,06b7dd1b701544ac80dd7ca54ed707cf,0.991668
04f607a8dfdb4e6f8c795634b207e615,de1102228a324428989533278cd482f6,0.880786
04f607a8dfdb4e6f8c795634b207e615,77d8e01a914d4f4a8b87d407e0d741aa,0.876872
04f607a8dfdb4e6f8c795634b207e615,f6507bae2aaa4785842167f8320428b3,0.837592
04f607a8dfdb4e6f8c795634b207e615,7070715ef90743da8691dd4ad134eb0c,0.831689
04f607a8dfdb4e6f8c795634b207e615,898eabaaa1a047e18aecbb1c5a8decbf,0.821655
04f607a8dfdb4e6f8c795634b207e615,b83013f4c5524232814efa0f8651867f,0.803080
04f607a8dfdb4e6f8c795634b207e615,0a2c24dead204be9ae36be358e1223f9,0.801634
04f607a8dfdb4e6f8c795634b207e615,02641488de414b72b63f62b40200b101,0.798786
04f607a8dfdb4e6f8c795634b207e615,6bedb2d6ace34e18811b7f1206b2d1b0,0.797833
29b78bc662074f5abb91b5e7ee16deb6,7070715ef90743da8691dd4ad134eb0c,0.882910
29b78bc662074f5abb91b5e7ee16deb6,06b7dd1b701544ac80dd7ca54ed707cf,0.872509
29b78bc662074f5abb91b5e7ee16deb6,08ecf89bc10942a4bd894482f6fcdfa7,0.820433
29b78bc662074f5abb91b5e7ee16deb6,898eabaaa1a047e18aecbb1c5a8decbf,0.807560
29b78bc662074f5abb91b5e7ee16deb6,de1102228a324428989533278cd482f6,0.806915
29b78bc662074f5abb91b5e7ee16deb6,77d8e01a914d4f4a8b87d407e0d741aa,0.799465
29b78bc662074f5abb91b5e7ee16deb6,0a2c24dead204be9ae36be358e1223f9,0.784349
29b78bc662074f5abb91b5e7ee16deb6,64d9091426f9461c97c98a5428856bcf,0.776175
29b78bc662074f5abb91b5e7ee16deb6,f6507bae2aaa4785842167f8320428b3,0.774458
29b78bc662074f5abb91b5e7ee16deb6,200f7fc78e4c403982f61b2894e50bad,0.761497
bf6af233a7fb4678bde3bcd210972057,06b7dd1b701544ac80dd7ca54ed707cf,0.996188
bf6af233a7fb4678bde3bcd210972057,de1102228a324428989533278cd482f6,0.880238
bf6af233a7fb4678bde3bcd210972057,77d8e01a914d4f4a8b87d407e0d741aa,0.872065
bf6af233a7fb4678bde3bcd210972057,f6507bae2aaa4785842167f8320428b3,0.838361
bf6af233a7fb4678bde3bcd210972057,7070715ef90743da8691dd4ad134eb0c,0.827946
bf6af233a7fb4678bde3bcd210972057,898eabaaa1a047e18aecbb1c5a8decbf,0.824569
bf6af233a7fb4678bde3bcd210972057,b83013f4c5524232814efa0f8651867f,0.812301
bf6af233a7fb4678bde3bcd210972057,6bedb2d6ace34e18811b7f1206b2d1b0,0.802608
bf6af233a7fb4678bde3bcd210972057,27fe100af7884932a33bf30f10dacc55,0.800035
bf6af233a7fb4678bde3bcd210972057,200f7fc78e4c403982f61b2894e50bad,0.797719
3444cb452c4d4832b75091f5da7012db,7070715ef90743da8691dd4ad134eb0c,0.895541
3444cb452c4d4832b75091f5da7012db,06b7dd1b701544ac80dd7ca54ed707cf,0.867015
3444cb452c4d4832b75091f5da7012db,08ecf89bc10942a4bd894482f6fcdfa7,0.815499
3444cb452c4d4832b75091f5da7012db,898eabaaa1a047e18aecbb1c5a8decbf,0.807883
3444cb452c4d4832b75091f5da7012db,de1102228a324428989533278cd482f6,0.807812
3444cb452c4d4832b75091f5da7012db,77d8e01a914d4f4a8b87d407e0d741aa,0.801163
3444cb452c4d4832b75091f5da7012db,0a2c24dead204be9ae36be358e1223f9,0.792383
3444cb452c4d4832b75091f5da7012db,64d9091426f9461c97c98a5428856bcf,0.779453
3444cb452c4d4832b75091f5da7012db,f6507bae2aaa4785842167f8320428b3,0.767708
3444cb452c4d4832b75091f5da7012db,3b37a4c34b6e4ca89a04da864e141422,0.764339
8f00737911424dcdbc5360702808b86e,0d0973762130427eaa2ce9a7a34517db,0.791063
8f00737911424dcdbc5360702808b86e,bdb0d45caa2a4943959f8f501e51132b,0.761841
8f00737911424dcdbc5360702808b86e,d7c9dafddaf547159d366dacf7b68a7e,0.761402
8f00737911424dcdbc5360702808b86e,c2b49382e2f34b1c90013236a5fbaef0,0.760807
8f00737911424dcdbc5360702808b86e,da9cfbdf124143b78bec89393dd5287a,0.757936
084019a95c9f43539a52748e0ee608d3,,
d7fcb70c976c46d3a977d1bd3acaa7b4,d7c9dafddaf547159d366dacf7b68a7e,0.876302
d7fcb70c976c46d3a977d1bd3acaa7b4,563043f180e54e238ad4876974e5db4c,0.762217
d7fcb70c976c46d3a977d1bd3acaa7b4,11e1e3cdfe214385a2c24d0f957dde9b,0.761348
d7fcb70c976c46d3a977d1bd3acaa7b4,bdb0d45caa2a4943959f8f501e51132b,0.752599
a44ce941098b4f6b948eb8588bd09fa7,11e1e3cdfe214385a2c24d0f957dde9b,0.864118
a44ce941098b4f6b948eb8588bd09fa7,d7c9dafddaf547159d366dacf7b68a7e,0.793636
a44ce941098b4f6b948eb8588bd09fa7,189a3b686ad14c24b5e1a495f76dd239,0.767904
a44ce941098b4f6b948eb8588bd09fa7,563043f180e54e238ad4876974e5db4c,0.752652
1778aabe52c7435187be3eb1461b918a,d7c9dafddaf547159d366dacf7b68a7e,0.877840
1778aabe52c7435187be3eb1461b918a,11e1e3cdfe214385a2c24d0f957dde9b,0.760811
1778aabe52c7435187be3eb1461b918a,563043f180e54e238ad4876974e5db4c,0.757963
172e27e7700f4ca399b42d88a4f1c140,1c2b01416e3943e3b3c575e53c3f1d16,0.944416
172e27e7700f4ca399b42d88a4f1c140,009be1c3430743ff9b054bdfcd6228d6,0.820156
172e27e7700f4ca399b42d88a4f1c140,e9428816b054499298745b742f128f65,0.797616
172e27e7700f4ca399b42d88a4f1c140,18ab15fbf00f42f7a410ec75f7592bea,0.794500
172e27e7700f4ca399b42d88a4f1c140,d60986f4025d443ea58adba0e3d224a1,0.793404
172e27e7700f4ca399b42d88a4f1c140,be42a43f5186434db4f2815f768a9991,0.790458
7790838dcafa4412a5fc14b1cf3e7e95,1c2b01416e3943e3b3c575e53c3f1d16,0.927523
7790838dcafa4412a5fc14b1cf3e7e95,009be1c3430743ff9b054bdfcd6228d6,0.820386
7790838dcafa4412a5fc14b1cf3e7e95,be42a43f5186434db4f2815f768a9991,0.799575
7790838dcafa4412a5fc14b1cf3e7e95,18ab15fbf00f42f7a410ec75f7592bea,0.796433
7790838dcafa4412a5fc14b1cf3e7e95,e9428816b054499298745b742f128f65,0.788646
7790838dcafa4412a5fc14b1cf3e7e95,d60986f4025d443ea58adba0e3d224a1,0.787506
3106ad6941604756bf3bd61f1cd9709b,18ab15fbf00f42f7a410ec75f7592bea,0.978148
3106ad6941604756bf3bd61f1cd9709b,d60986f4025d443ea58adba0e3d224a1,0.863603
3106ad6941604756bf3bd61f1cd9709b,e9428816b054499298745b742f128f65,0.812441
3106ad6941604756bf3bd61f1cd9709b,1c2b01416e3943e3b3c575e53c3f1d16,0.786317
3106ad6941604756bf3bd61f1cd9709b,7c061d36393540b49e20d98086bdb5bd,0.775281
3106ad6941604756bf3bd61f1cd9709b,5c8a8b7a59c54b9aa7b7136fd91b5869,0.774033
3106ad6941604756bf3bd61f1cd9709b,be42a43f5186434db4f2815f768a9991,0.773681
3106ad6941604756bf3bd61f1cd9709b,022e16490d1949b9ab2fc1de5a837031,0.770056
3106ad6941604756bf3bd61f1cd9709b,00e9d4081c2f45d1a818bfeab099863a,0.757966
a2efa66a925344b8b896a8a0cfbb2661,f464960d2dbc43c0970c60600bd7f1cd,0.907133
a2efa66a925344b8b896a8a0cfbb2661,39e2b00e1cbd471488cf56f31d2cec7f,0.789221
a2efa66a925344b8b896a8a0cfbb2661,bb5c7d03a54647d08b8c62deeb803271,0.775340
a2efa66a925344b8b896a8a0cfbb2661,3574ab91c29940b3afc62354ae06b73b,0.769005
a2efa66a925344b8b896a8a0cfbb2661,26b18153216b48d793b75598ddb54d77,0.755496
a2efa66a925344b8b896a8a0cfbb2661,0f785440b29548e1a1968868262fd42e,0.753321
e4c0fba56e824b5cb4b6aeb4700f2d76,8f0e477fc779414e9b47995c0b25a87d,0.952419
6242d18df5cd4f5cb63a1105ffbd971e,8f0e477fc779414e9b47995c0b25a87d,0.948349
dc46278e6e01447e8c262d2884fdd9bb,6c79712e67b54dd0a11d426a91207939,0.788559
dc46278e6e01447e8c262d2884fdd9bb,295d0d40791245ff838c73a2aa27d065,0.778612
dc46278e6e01447e8c262d2884fdd9bb,5363ae1c905d4879a63259de4954702e,0.778243
8ba5ddc596414a9695e18a68ace669d5,6c79712e67b54dd0a11d426a91207939,0.794048
8ba5ddc596414a9695e18a68ace669d5,5363ae1c905d4879a63259de4954702e,0.784443
8ba5ddc596414a9695e18a68ace669d5,295d0d40791245ff838c73a2aa27d065,0.782404
bc709d8a81a346b5aca36d4ffb49d234,13cda6e8f2d948eeb5508288a172e76f,0.754146
93bbe46e371c44f284f4487aa854a903,20297482a5014732a843c9fdafba548e,0.868008
cd3c7eb34f6f4d45bcd3a71dd304f187,20297482a5014732a843c9fdafba548e,0.843814
cd3c7eb34f6f4d45bcd3a71dd304f187,e8f18e4bdf054390a1768978dca8e430,0.760944
c900c56e641f49749087f609b8ab6f4b,13cda6e8f2d948eeb5508288a172e76f,0.820563
f747d567755a4d7a83b918fcff6e4b5c,db69f22fe72246ea85d33991961a649a,0.957334
f747d567755a4d7a83b918fcff6e4b5c,8c7c9eaae41a44a3a4ebe39ce167d300,0.786280
f747d567755a4d7a83b918fcff6e4b5c,04fa591263664fb0a6868552ebd3590b,0.783214
f747d567755a4d7a83b918fcff6e4b5c,eeb3b60f34af40de850e065b475d8180,0.773151
f747d567755a4d7a83b918fcff6e4b5c,bfd1d441da734aad88cfacdab3ee4059,0.771668
f747d567755a4d7a83b918fcff6e4b5c,b834c0b0c10b471b87ad3f11468de619,0.771516
f747d567755a4d7a83b918fcff6e4b5c,e2e0c8c96aff4c00896ac6986bbb20c2,0.770799
f747d567755a4d7a83b918fcff6e4b5c,361f2b7f3f044907b3a331872fb18755,0.767434
f747d567755a4d7a83b918fcff6e4b5c,7bbe3c76bcc04d73969f920d43fcc67d,0.766606
f747d567755a4d7a83b918fcff6e4b5c,ef511457ee7c490c8e10eccf6e18fef6,0.761961
b52c282983934e3699bf0c6b64dc8d7c,db69f22fe72246ea85d33991961a649a,0.930126
b52c282983934e3699bf0c6b64dc8d7c,04fa591263664fb0a6868552ebd3590b,0.807406
b52c282983934e3699bf0c6b64dc8d7c,eeb3b60f34af40de850e065b475d8180,0.799214
b52c282983934e3699bf0c6b64dc8d7c,8c7c9eaae41a44a3a4ebe39ce167d300,0.796318
b52c282983934e3699bf0c6b64dc8d7c,7bbe3c76bcc04d73969f920d43fcc67d,0.783477
b52c282983934e3699bf0c6b64dc8d7c,e2e0c8c96aff4c00896ac6986bbb20c2,0.777678
b52c282983934e3699bf0c6b64dc8d7c,a4af9472683c4df0a86f9400c99c2b61,0.773620
b52c282983934e3699bf0c6b64dc8d7c,b4dadb3ea3a04cc3932094471debce13,0.773611
b52c282983934e3699bf0c6b64dc8d7c,b834c0b0c10b471b87ad3f11468de619,0.773202
b52c282983934e3699bf0c6b64dc8d7c,b675be39e8ff421aa59811f146da945b,0.773093
cb43fab6f1b147acbb71f39df054f667,,
c0ca3c37cd574f37a90afbcab9554fb9,3b37a4c34b6e4ca89a04da864e141422,0.918859
c0ca3c37cd574f37a90afbcab9554fb9,0a2c24dead204be9ae36be358e1223f9,0.773246
c0ca3c37cd574f37a90afbcab9554fb9,64d9091426f9461c97c98a5428856bcf,0.772228
c0ca3c37cd574f37a90afbcab9554fb9,898eabaaa1a047e18aecbb1c5a8decbf,0.768382
c0ca3c37cd574f37a90afbcab9554fb9,08ecf89bc10942a4bd894482f6fcdfa7,0.766831
c0ca3c37cd574f37a90afbcab9554fb9,de1102228a324428989533278cd482f6,0.759813
c0ca3c37cd574f37a90afbcab9554fb9,77d8e01a914d4f4a8b87d407e0d741aa,0.757523
0520b04de7b946fb84e99b6ae1269a1f,de1102228a324428989533278cd482f6,0.827917
0520b04de7b946fb84e99b6ae1269a1f,08ecf89bc10942a4bd894482f6fcdfa7,0.823202
0520b04de7b946fb84e99b6ae1269a1f,06b7dd1b701544ac80dd7ca54ed707cf,0.822867
0520b04de7b946fb84e99b6ae1269a1f,3b37a4c34b6e4ca89a04da864e141422,0.819799
0520b04de7b946fb84e99b6ae1269a1f,77d8e01a914d4f4a8b87d407e0d741aa,0.816177
0520b04de7b946fb84e99b6ae1269a1f,0a2c24dead204be9ae36be358e1223f9,0.814412
0520b04de7b946fb84e99b6ae1269a1f,7070715ef90743da8691dd4ad134eb0c,0.808737
0520b04de7b946fb84e99b6ae1269a1f,64d9091426f9461c97c98a5428856bcf,0.802688
0520b04de7b946fb84e99b6ae1269a1f,f6507bae2aaa4785842167f8320428b3,0.797251
0520b04de7b946fb84e99b6ae1269a1f,d445ccdb4cda497e9f0343a3298022d2,0.784302
c7dcc094c48b40fd94db148562b6f0e9,0a2c24dead204be9ae36be358e1223f9,0.899552
c7dcc094c48b40fd94db148562b6f0e9,77d8e01a914d4f4a8b87d407e0d741aa,0.842045
c7dcc094c48b40fd94db148562b6f0e9,08ecf89bc10942a4bd894482f6fcdfa7,0.840752
c7dcc094c48b40fd94db148562b6f0e9,06b7dd1b701544ac80dd7ca54ed707cf,0.830562
c7dcc094c48b40fd94db148562b6f0e9,f6507bae2aaa4785842167f8320428b3,0.815532
c7dcc094c48b40fd94db148562b6f0e9,7070715ef90743da8691dd4ad134eb0c,0.813769
c7dcc094c48b40fd94db148562b6f0e9,d445ccdb4cda497e9f0343a3298022d2,0.812653
c7dcc094c48b40fd94db148562b6f0e9,898eabaaa1a047e18aecbb1c5a8decbf,0.807692
c7dcc094c48b40fd94db148562b6f0e9,3b37a4c34b6e4ca89a04da864e141422,0.801281
c7dcc094c48b40fd94db148562b6f0e9,de1102228a324428989533278cd482f6,0.788617
ddd81e0cf0bf473caeae21db037c05f3,476ce3ffff564a5aa985808e7d2cab17,0.933152
c7a7fb2ef38346cab2c63eb4b30f835b,243dbbcdc67c42bfa6f32c47477adf6d,0.897991
c7a7fb2ef38346cab2c63eb4b30f835b,476ce3ffff564a5aa985808e7d2cab17,0.778766
53bb342b2fbb403cbc5546f80ef1cf70,476ce3ffff564a5aa985808e7d2cab17,0.872601
320e73d1bf40458380ad0ac60af40a94,243dbbcdc67c42bfa6f32c47477adf6d,0.896231
320e73d1bf40458380ad0ac60af40a94,476ce3ffff564a5aa985808e7d2cab17,0.779963
4a790fe3c73f4c1f9565d50067722fbf,eabdd2813a954f9aa01f0eb8212ee387,0.903658
4a790fe3c73f4c1f9565d50067722fbf,0cdb0f32850f4585a16de4886462bbe0,0.837812
4a790fe3c73f4c1f9565d50067722fbf,6bde760ad5d4485db9889b1bdc074005,0.813192
4a790fe3c73f4c1f9565d50067722fbf,5fc200cab89346658c9c91cce27e85fe,0.794248
4a790fe3c73f4c1f9565d50067722fbf,7e190e3c05d74e6b9f103e39142c1684,0.772377
4a790fe3c73f4c1f9565d50067722fbf,6b7b5d28293d4a5a8075f7f7dd231ddb,0.762908
4a790fe3c73f4c1f9565d50067722fbf,cd6ce920d00e4d17a6cf04f9f7e550b7,0.753299
b374c835abb74519904d89a6f4367ea2,d0e41bf891254ba0872f1641139f84f6,0.883645
b374c835abb74519904d89a6f4367ea2,5fc200cab89346658c9c91cce27e85fe,0.791829
b374c835abb74519904d89a6f4367ea2,0b57f893483647c3aed811775a4c4c04,0.784223
b374c835abb74519904d89a6f4367ea2,0cdb0f32850f4585a16de4886462bbe0,0.777730
b374c835abb74519904d89a6f4367ea2,0c889c151e094b948c13b0275e660a9c,0.761915
b374c835abb74519904d89a6f4367ea2,db620271348d404a9a0b978d96c63f29,0.761583
b374c835abb74519904d89a6f4367ea2,6bde760ad5d4485db9889b1bdc074005,0.754382
358dc33d74d3427697ddadedc1d2a83e,5fc200cab89346658c9c91cce27e85fe,0.978869
358dc33d74d3427697ddadedc1d2a83e,076e2669c305401fb3afcfafdd6c79c7,0.826446
358dc33d74d3427697ddadedc1d2a83e,6bde760ad5d4485db9889b1bdc074005,0.823639
358dc33d74d3427697ddadedc1d2a83e,0cdb0f32850f4585a16de4886462bbe0,0.810320
358dc33d74d3427697ddadedc1d2a83e,d0e41bf891254ba0872f1641139f84f6,0.799124
358dc33d74d3427697ddadedc1d2a83e,f2cfa68a47ce4a43a0fe1cc7dc860418,0.781747
358dc33d74d3427697ddadedc1d2a83e,2c8eafa0ff26437a862dc2224ab57073,0.770769
358dc33d74d3427697ddadedc1d2a83e,da14e9dc2c3d4963b725de8102de5028,0.770667
358dc33d74d3427697ddadedc1d2a83e,cd6ce920d00e4d17a6cf04f9f7e550b7,0.766528
358dc33d74d3427697ddadedc1d2a83e,f8e7f9688fd546829da579434180ffee,0.764156
1840d3d379eb48cc97d68a3c7ece76a0,ef511457ee7c490c8e10eccf6e18fef6,0.956935
1840d3d379eb48cc97d68a3c7ece76a0,04d24d1cf42b4f7787d8d300cbad6d50,0.808963
1840d3d379eb48cc97d68a3c7ece76a0,7bbe3c76bcc04d73969f920d43fcc67d,0.800860
1840d3d379eb48cc97d68a3c7ece76a0,14f4db886cca4104877ac7d1d7a64133,0.791198
1840d3d379eb48cc97d68a3c7ece76a0,b4dadb3ea3a04cc3932094471debce13,0.787282
1840d3d379eb48cc97d68a3c7ece76a0,3e59b61eb70146308db2308b988b54cf,0.784221
1840d3d379eb48cc97d68a3c7ece76a0,1ade4365590a4ac7865100d8c791e340,0.783662
1840d3d379eb48cc97d68a3c7ece76a0,4a7fa5a1bafe4b6995e2920444ac07c4,0.774977
1840d3d379eb48cc97d68a3c7ece76a0,25afb6f7e9314af09008644bca5955b9,0.774217
1840d3d379eb48cc97d68a3c7ece76a0,94ed54abfdc74b04b0dcb19c278e66f4,0.768891
11c35b811aae4a88b9417172320999bb,74de04f31db94a99b757685c91779412,0.901862
11c35b811aae4a88b9417172320999bb,dd36cc0867b94d55a43b82c1c9a0e95c,0.778482
11c35b811aae4a88b9417172320999bb,94ed54abfdc74b04b0dcb19c278e66f4,0.775481
6dbd11275bf1493ca16a6492ba2f511c,ef511457ee7c490c8e10eccf6e18fef6,0.971132
6dbd11275bf1493ca16a6492ba2f511c,04d24d1cf42b4f7787d8d300cbad6d50,0.809477
6dbd11275bf1493ca16a6492ba2f511c,7bbe3c76bcc04d73969f920d43fcc67d,0.807238
6dbd11275bf1493ca16a6492ba2f511c,b4dadb3ea3a04cc3932094471debce13,0.792616
6dbd11275bf1493ca16a6492ba2f511c,1ade4365590a4ac7865100d8c791e340,0.789072
6dbd11275bf1493ca16a6492ba2f511c,14f4db886cca4104877ac7d1d7a64133,0.787624
6dbd11275bf1493ca16a6492ba2f511c,3e59b61eb70146308db2308b988b54cf,0.786109
6dbd11275bf1493ca16a6492ba2f511c,4a7fa5a1bafe4b6995e2920444ac07c4,0.780690
6dbd11275bf1493ca16a6492ba2f511c,94ed54abfdc74b04b0dcb19c278e66f4,0.778104
6dbd11275bf1493ca16a6492ba2f511c,25afb6f7e9314af09008644bca5955b9,0.777176
26f693acd01d492bae2384f853a7924a,74de04f31db94a99b757685c91779412,0.900634
26f693acd01d492bae2384f853a7924a,dd36cc0867b94d55a43b82c1c9a0e95c,0.816044
26f693acd01d492bae2384f853a7924a,94ed54abfdc74b04b0dcb19c278e66f4,0.767420
26f693acd01d492bae2384f853a7924a,ef511457ee7c490c8e10eccf6e18fef6,0.753357
9ec6567a98fa4b3bb0c40f6580f8688e,7199f2fe77824236a392e1f00a5bdfc3,0.947936
9ec6567a98fa4b3bb0c40f6580f8688e,3aaea7fa41fd43cdb88f8ef59062c5df,0.915475
9ec6567a98fa4b3bb0c40f6580f8688e,ff276acede2f4c14876ef47257758ae8,0.891271
9ec6567a98fa4b3bb0c40f6580f8688e,f6507bae2aaa4785842167f8320428b3,0.762223
d16732c065604317b9457f0f53b9e356,3aaea7fa41fd43cdb88f8ef59062c5df,0.963833
d16732c065604317b9457f0f53b9e356,7199f2fe77824236a392e1f00a5bdfc3,0.904135
d16732c065604317b9457f0f53b9e356,ff276acede2f4c14876ef47257758ae8,0.888540
d16732c065604317b9457f0f53b9e356,f6507bae2aaa4785842167f8320428b3,0.775450
805041534e3944d4bf48b927f4e971e1,ff276acede2f4c14876ef47257758ae8,0.895343
805041534e3944d4bf48b927f4e971e1,3aaea7fa41fd43cdb88f8ef59062c5df,0.826427
805041534e3944d4bf48b927f4e971e1,7199f2fe77824236a392e1f00a5bdfc3,0.803481
f25d93d4fff845dbba58d34a9ba4da56,7199f2fe77824236a392e1f00a5bdfc3,0.960067
f25d93d4fff845dbba58d34a9ba4da56,3aaea7fa41fd43cdb88f8ef59062c5df,0.918692
f25d93d4fff845dbba58d34a9ba4da56,ff276acede2f4c14876ef47257758ae8,0.891990
f25d93d4fff845dbba58d34a9ba4da56,f6507bae2aaa4785842167f8320428b3,0.775884
ae2ef12666344157a4a58eb1012bea10,7ef653f7e5f64e1b8bba73b9518b87b7,0.954905
ae2ef12666344157a4a58eb1012bea10,878e5c41be5c477e9f660ca361fdd727,0.804292
ae2ef12666344157a4a58eb1012bea10,cb550e5ff4694fe9a19eaa6588cef250,0.793217
ae2ef12666344157a4a58eb1012bea10,0accd1d0138b49049d437c0d9b1c23c3,0.767481
ae2ef12666344157a4a58eb1012bea10,a0408a6462b24cf18e50a8616359d5ad,0.763010
ae2ef12666344157a4a58eb1012bea10,f3fddb55448a46778b5d807642cceb71,0.762507
c007e0935fe7472a9ef764a15c2bae1a,7ef653f7e5f64e1b8bba73b9518b87b7,0.784920
ca758fdcdecf418c8193105975e32b5a,7ef653f7e5f64e1b8bba73b9518b87b7,0.757707
62d4e090de42404b884cdf0aeea36d2d,cf290994a83e4909aec30077477b9d04,0.910270
4a90414f82f14268928f92849227e3e4,8c674a7b65e24114a45dd3c861a7ccfc,0.959980
8b1b59a271e64b7d92225d1479ab0fa0,8c674a7b65e24114a45dd3c861a7ccfc,0.958469
31555c3dbb51459eb52da0ce111a5382,cf290994a83e4909aec30077477b9d04,0.966193
bb7eb4ba9b5943b6a61ff124ef6239b4,716a15d66b63424a8068da89e75733b4,0.804802
bb7eb4ba9b5943b6a61ff124ef6239b4,33e2a95109e647cbb4ba2687631b169a,0.774541
bb7eb4ba9b5943b6a61ff124ef6239b4,fc70a4c2c4834e0eba1a14470f563b03,0.766163
bb7eb4ba9b5943b6a61ff124ef6239b4,a8904adcdd21495f890bc614bfdbf86f,0.765080
bb7eb4ba9b5943b6a61ff124ef6239b4,116f6c1f0cb54312986a0a729508a33e,0.763720
bb7eb4ba9b5943b6a61ff124ef6239b4,8c5f38853679436ba434b6a696e43168,0.761036
bb7eb4ba9b5943b6a61ff124ef6239b4,8af25c7ae8e14435a6e27a5671968f50,0.757764
bb7eb4ba9b5943b6a61ff124ef6239b4,bb6ecabbce1b43d997d00d7acdc95193,0.755519
bb7eb4ba9b5943b6a61ff124ef6239b4,1d93c07de74c482ebf0a76ec564c3252,0.755309
bb7eb4ba9b5943b6a61ff124ef6239b4,af648fa7ac6c4c50a246de470329cd83,0.752703
e1d35002bf604e59a1a055673b110d7b,64d9091426f9461c97c98a5428856bcf,0.960433
e1d35002bf604e59a1a055673b110d7b,de1102228a324428989533278cd482f6,0.844908
e1d35002bf604e59a1a055673b110d7b,77d8e01a914d4f4a8b87d407e0d741aa,0.819677
e1d35002bf604e59a1a055673b110d7b,898eabaaa1a047e18aecbb1c5a8decbf,0.808633
e1d35002bf604e59a1a055673b110d7b,06b7dd1b701544ac80dd7ca54ed707cf,0.805497
e1d35002bf604e59a1a055673b110d7b,0e28ed072d6c444aa6f02e64955b44c6,0.803697
e1d35002bf604e59a1a055673b110d7b,08ecf89bc10942a4bd894482f6fcdfa7,0.792923
e1d35002bf604e59a1a055673b110d7b,02641488de414b72b63f62b40200b101,0.783337
e1d35002bf604e59a1a055673b110d7b,d445ccdb4cda497e9f0343a3298022d2,0.775487
e1d35002bf604e59a1a055673b110d7b,f6507bae2aaa4785842167f8320428b3,0.774562
409ee169523c45b0935d17521c001655,77d8e01a914d4f4a8b87d407e0d741aa,0.896291
409ee169523c45b0935d17521c001655,06b7dd1b701544ac80dd7ca54ed707cf,0.850256
409ee169523c45b0935d17521c001655,de1102228a324428989533278cd482f6,0.844169
409ee169523c45b0935d17521c001655,898eabaaa1a047e18aecbb1c5a8decbf,0.840378
409ee169523c45b0935d17521c001655,b83013f4c5524232814efa0f8651867f,0.831445
409ee169523c45b0935d17521c001655,64d9091426f9461c97c98a5428856bcf,0.829362
409ee169523c45b0935d17521c001655,d445ccdb4cda497e9f0343a3298022d2,0.821391
409ee169523c45b0935d17521c001655,08ecf89bc10942a4bd894482f6fcdfa7,0.813352
409ee169523c45b0935d17521c001655,f6507bae2aaa4785842167f8320428b3,0.808980
409ee169523c45b0935d17521c001655,27fe100af7884932a33bf30f10dacc55,0.803544
3c0da2e0535d4efab77b6201db1866d3,5760084aabef4d8095b2d21902151f64,0.953306
1693abbd511b40648b18f87e485be585,19b81e71e7f04ebcbfade9daa899ed3d,0.878997
1693abbd511b40648b18f87e485be585,796eade2ee4f466781d9f6669db43e48,0.752950
220c7fef1fe54586b4f4c4ac80924512,3c0f3b44c0844df49b5898406fe9195a,0.798629
220c7fef1fe54586b4f4c4ac80924512,7326afe68eb64b63993b3dae022c645d,0.767206
995e4d102a3b41e3b4c81d2e30253554,f2ef424352f14dda92691047ee9f15fa,0.835512
995e4d102a3b41e3b4c81d2e30253554,5760084aabef4d8095b2d21902151f64,0.819445
995e4d102a3b41e3b4c81d2e30253554,eff24b01b2f5428baa4c3fef6cb40d41,0.784909
995e4d102a3b41e3b4c81d2e30253554,3c0f3b44c0844df49b5898406fe9195a,0.774355
995e4d102a3b41e3b4c81d2e30253554,e834bfbd30b247e899f0dc029ab9f072,0.758885
32b2409ee0304c6f8c633cf2838fc107,d9b70c4ed8bb4fc5957ecebf102528ee,0.890594
38393c2659214de8b744a8747b3060da,0a61f52258f643b6a6436a1ec234e197,0.912561
38393c2659214de8b744a8747b3060da,b626eb67c2e14afeae2846bb150976f3,0.759604
38393c2659214de8b744a8747b3060da,d9b70c4ed8bb4fc5957ecebf102528ee,0.753470
b1fb22cca72c471fbf933b076b3ba471,0a61f52258f643b6a6436a1ec234e197,0.874650
b1fb22cca72c471fbf933b076b3ba471,df7ea50171af48df81584ab7e8107d15,0.782240
b1fb22cca72c471fbf933b076b3ba471,d9b70c4ed8bb4fc5957ecebf102528ee,0.752999
c425735cc2d645f89ae700274561ff76,fadf133e0e684a24ac79b5fa9515bac2,0.945664
c425735cc2d645f89ae700274561ff76,0bd1cce9370a461089e25393086800a8,0.802937
c425735cc2d645f89ae700274561ff76,df5ca61304074da1bec8f536ab50baf3,0.802065
c425735cc2d645f89ae700274561ff76,225818abe99e45a0bf5b0b3ec30db76b,0.795790
c425735cc2d645f89ae700274561ff76,c756409435634fc48c643a64e73c93ce,0.790242
c425735cc2d645f89ae700274561ff76,6f57d1175ad243edada61643d01fcd54,0.772353
c425735cc2d645f89ae700274561ff76,b9228fdb5f0c413d81cffb51829d95c6,0.765226
c425735cc2d645f89ae700274561ff76,c24e3823376b436c8eb46eaeebbc7718,0.753606
d37fad90466d41fb99cc1281af258b44,56272326c7e94e419ea8c69fb634f610,0.849067
d37fad90466d41fb99cc1281af258b44,d9ac372330a4446886fa19bac0d19877,0.839644
d37fad90466d41fb99cc1281af258b44,f59a3ee5387440d981754b6595e8664c,0.759988
8f59b2636caf43f29362aad398734e84,fadf133e0e684a24ac79b5fa9515bac2,0.971996
8f59b2636caf43f29362aad398734e84,df5ca61304074da1bec8f536ab50baf3,0.812861
8f59b2636caf43f29362aad398734e84,0bd1cce9370a461089e25393086800a8,0.799783
8f59b2636caf43f29362aad398734e84,225818abe99e45a0bf5b0b3ec30db76b,0.791530
8f59b2636caf43f29362aad398734e84,6f57d1175ad243edada61643d01fcd54,0.778437
8f59b2636caf43f29362aad398734e84,c756409435634fc48c643a64e73c93ce,0.763064
8f59b2636caf43f29362aad398734e84,b9228fdb5f0c413d81cffb51829d95c6,0.762364
92e239ee1c9942eda10a987e5a192aad,d9ac372330a4446886fa19bac0d19877,0.956937
92e239ee1c9942eda10a987e5a192aad,56272326c7e94e419ea8c69fb634f610,0.774562
92e239ee1c9942eda10a987e5a192aad,eafb3480db704d7baa8216ce857d1610,0.759875
92e239ee1c9942eda10a987e5a192aad,df5ca61304074da1bec8f536ab50baf3,0.758413
92e239ee1c9942eda10a987e5a192aad,4a6eba10a02a4ecdbb6b25e8651c3789,0.753100
6ca76ef7aa7d4121a75374b29ba7d263,56272326c7e94e419ea8c69fb634f610,0.868930
6ca76ef7aa7d4121a75374b29ba7d263,d9ac372330a4446886fa19bac0d19877,0.837738
6ca76ef7aa7d4121a75374b29ba7d263,f59a3ee5387440d981754b6595e8664c,0.762866
6ca76ef7aa7d4121a75374b29ba7d263,2c65a898314b42e6b2e93dca66fd15c2,0.758977
2cdba5196ffe4c8797018ef98b7a52c4,3d3e8565d2f84e0cad5ae622f2909765,0.981889
2cdba5196ffe4c8797018ef98b7a52c4,19098957d8c24cab95daa30c2baefd8f,0.780749
2cdba5196ffe4c8797018ef98b7a52c4,39e2b00e1cbd471488cf56f31d2cec7f,0.766672
2cdba5196ffe4c8797018ef98b7a52c4,25afb6f7e9314af09008644bca5955b9,0.758194
2cdba5196ffe4c8797018ef98b7a52c4,8fdee0611965465eb45387b8c39f4136,0.757824
2cdba5196ffe4c8797018ef98b7a52c4,84ff5144597241bba5cbd3d0b21d220d,0.756979
2cdba5196ffe4c8797018ef98b7a52c4,ef511457ee7c490c8e10eccf6e18fef6,0.755397
8e69932dfcf247039202e839e2e4ad92,2471f23cb9b64d35a72deed09c9c8975,0.958702
8e69932dfcf247039202e839e2e4ad92,0daf8d5687b54d158f7f752884c42334,0.753802
c876e09aeff84624b8a01d61b99fed1f,3d3e8565d2f84e0cad5ae622f2909765,0.972093
c876e09aeff84624b8a01d61b99fed1f,19098957d8c24cab95daa30c2baefd8f,0.777445
c876e09aeff84624b8a01d61b99fed1f,39e2b00e1cbd471488cf56f31d2cec7f,0.770771
c876e09aeff84624b8a01d61b99fed1f,8fdee0611965465eb45387b8c39f4136,0.766311
c876e09aeff84624b8a01d61b99fed1f,bbdf9065122d499d9d8f80ad3e0ef6f3,0.761346
c876e09aeff84624b8a01d61b99fed1f,8c7c9eaae41a44a3a4ebe39ce167d300,0.760598
c876e09aeff84624b8a01d61b99fed1f,25afb6f7e9314af09008644bca5955b9,0.759437
c876e09aeff84624b8a01d61b99fed1f,27a0d24dc1e14b28a1f18456b29c93f1,0.758779
c876e09aeff84624b8a01d61b99fed1f,e88ce4cd350f43398a5c0ab8629cee72,0.757831
c876e09aeff84624b8a01d61b99fed1f,7daa434073604cb98a04fefb55468dda,0.756618
660e576505194cfbb8e673b09a078b98,2471f23cb9b64d35a72deed09c9c8975,0.967445
660e576505194cfbb8e673b09a078b98,0daf8d5687b54d158f7f752884c42334,0.758792
795efbe9c2fe4b3dbc173c89167f9163,3c0f3b44c0844df49b5898406fe9195a,0.925732
795efbe9c2fe4b3dbc173c89167f9163,98b2022b2cb84af09ee8b789db928b13,0.780704
795efbe9c2fe4b3dbc173c89167f9163,c4b9d7a8d5d342459d2282589b3af293,0.766895
795efbe9c2fe4b3dbc173c89167f9163,e429a2e164a24919a12edcc8d4ea8f09,0.758084
795efbe9c2fe4b3dbc173c89167f9163,e834bfbd30b247e899f0dc029ab9f072,0.757250
2be3682989f94c34b19ee0da04571f91,3c0f3b44c0844df49b5898406fe9195a,0.975511
2be3682989f94c34b19ee0da04571f91,98b2022b2cb84af09ee8b789db928b13,0.763735
2be3682989f94c34b19ee0da04571f91,e834bfbd30b247e899f0dc029ab9f072,0.763618
2be3682989f94c34b19ee0da04571f91,e429a2e164a24919a12edcc8d4ea8f09,0.753760
68215d17cd25495b93f219bc1621c8aa,7d0190486da540718e4dc4ca4bd1f573,0.983125
701794a02e204afbbbd3a8689e7eb5f0,7d0190486da540718e4dc4ca4bd1f573,0.988136
fc791f8358f54a66be0e95f809bc8e2d,84581d81d46d44bc99ffb8f871646a7a,0.970104
fc791f8358f54a66be0e95f809bc8e2d,db13ed5446be46269dff3de3c1bf2660,0.850274
fc791f8358f54a66be0e95f809bc8e2d,7aceed0dbea645b091207f4a53d879f2,0.816803
fc791f8358f54a66be0e95f809bc8e2d,1099cb6f4fac4eb8a1fb6db50e18296b,0.779290
24729e6784174289859f89243ee3228c,db13ed5446be46269dff3de3c1bf2660,0.968144
24729e6784174289859f89243ee3228c,84581d81d46d44bc99ffb8f871646a7a,0.841895
24729e6784174289859f89243ee3228c,1099cb6f4fac4eb8a1fb6db50e18296b,0.770839
24729e6784174289859f89243ee3228c,7aceed0dbea645b091207f4a53d879f2,0.764679
ca6805db708f46198fe4e47abb975231,,
98ab5e0cc5f8413e993869c9729b464d,8987ceafff324f9599b842542e37eddd,0.991450
98ab5e0cc5f8413e993869c9729b464d,503d2f067a8a4f5798b1c64b07ab0bc5,0.775333
98ab5e0cc5f8413e993869c9729b464d,4c67cc7a1ccc496db132636e3f4853a2,0.773148
98ab5e0cc5f8413e993869c9729b464d,a055f8188384479a8bad418f7dffd9a5,0.761331
98ab5e0cc5f8413e993869c9729b464d,f4b7e6e902e344859cb041126b69ce3c,0.758200
98ab5e0cc5f8413e993869c9729b464d,ca5add3cbf044a95a5bec88a5841ce98,0.757361
6cd0e8707bc64b2a808ed3479ee223ab,acbf8eae7e064c11bab7adf66f216990,0.958156
6cd0e8707bc64b2a808ed3479ee223ab,597aab8bb15240f89fd1b24a8e38258d,0.917645
6cd0e8707bc64b2a808ed3479ee223ab,6af17cec494c4373a95865d270a29171,0.896902
dbec5198890f4c209fd8ef08d73c40ce,597aab8bb15240f89fd1b24a8e38258d,0.955878
dbec5198890f4c209fd8ef08d73c40ce,acbf8eae7e064c11bab7adf66f216990,0.932591
dbec5198890f4c209fd8ef08d73c40ce,6af17cec494c4373a95865d270a29171,0.902553
ee7c4fd5b21848a380cf4e90f9f5cdca,acbf8eae7e064c11bab7adf66f216990,0.942174
ee7c4fd5b21848a380cf4e90f9f5cdca,597aab8bb15240f89fd1b24a8e38258d,0.918989
ee7c4fd5b21848a380cf4e90f9f5cdca,6af17cec494c4373a95865d270a29171,0.910493
b0a8fa5a4b474306b97fd69abcdc245f,6af17cec494c4373a95865d270a29171,0.952696
b0a8fa5a4b474306b97fd69abcdc245f,acbf8eae7e064c11bab7adf66f216990,0.907694
b0a8fa5a4b474306b97fd69abcdc245f,597aab8bb15240f89fd1b24a8e38258d,0.854976
2c22ed57d17c4aa097b37805a50b9294,2c82919b038847fabbf5d13ca5ac55a7,0.993390
ee0bdf8b7e3142509f97816c8fae19bd,09f4970dfe684b809bc0959fb62f41bf,0.978929
ee0bdf8b7e3142509f97816c8fae19bd,d0b6e9c1cc5341faba9e03c17767bc2e,0.808370
ee0bdf8b7e3142509f97816c8fae19bd,86f59bd78b424260b0cf356f2f9ae734,0.802906
ee0bdf8b7e3142509f97816c8fae19bd,31a2675a2e944a1ab3b810cfb92ebd34,0.775427
a0b880f475f147f08f11e0a27dc48fde,2b039224b54142d185a406b31fe01de2,0.987201
a0b880f475f147f08f11e0a27dc48fde,7ab9086baf99475d8c93862a7dd36344,0.872575
a0b880f475f147f08f11e0a27dc48fde,342aaa81ed004635bbf9cbc2592cd7b6,0.867568
a0b880f475f147f08f11e0a27dc48fde,cd764fbfae774d068af7549c648a02c9,0.820047
a0b880f475f147f08f11e0a27dc48fde,f879b316413f45d2b64bb25e3f45a667,0.801246
a0b880f475f147f08f11e0a27dc48fde,f5d09519cf7647f8a107cd8fadd322e5,0.781297
a0b880f475f147f08f11e0a27dc48fde,3e6a4b65a1004c08a6f3f570cf986c2f,0.771465
a0b880f475f147f08f11e0a27dc48fde,31cf7db26a3249c5a6205b005662ddcf,0.762602
a0b880f475f147f08f11e0a27dc48fde,5e2f1a45f7174f1aa39a194179985876,0.755171
a0b880f475f147f08f11e0a27dc48fde,bf789f42ccfc42c5a330a3f6e30ddb83,0.753485
fad484e776d145428e5c2ae92aec4908,342aaa81ed004635bbf9cbc2592cd7b6,0.968220
fad484e776d145428e5c2ae92aec4908,7ab9086baf99475d8c93862a7dd36344,0.895521
fad484e776d145428e5c2ae92aec4908,2b039224b54142d185a406b31fe01de2,0.876761
fad484e776d145428e5c2ae92aec4908,cd764fbfae774d068af7549c648a02c9,0.791849
fad484e776d145428e5c2ae92aec4908,f5d09519cf7647f8a107cd8fadd322e5,0.789602
fad484e776d145428e5c2ae92aec4908,f879b316413f45d2b64bb25e3f45a667,0.777684
fad484e776d145428e5c2ae92aec4908,701ac1447f5a414e81156a56c3593a31,0.767826
fad484e776d145428e5c2ae92aec4908,31cf7db26a3249c5a6205b005662ddcf,0.753877
f2b99340a8304f42a058a44fd793927c,2b039224b54142d185a406b31fe01de2,0.986079
f2b99340a8304f42a058a44fd793927c,7ab9086baf99475d8c93862a7dd36344,0.878251
f2b99340a8304f42a058a44fd793927c,342aaa81ed004635bbf9cbc2592cd7b6,0.866967
f2b99340a8304f42a058a44fd793927c,cd764fbfae774d068af7549c648a02c9,0.820483
f2b99340a8304f42a058a44fd793927c,f879b316413f45d2b64bb25e3f45a667,0.801944
f2b99340a8304f42a058a44fd793927c,f5d09519cf7647f8a107cd8fadd322e5,0.789260
f2b99340a8304f42a058a44fd793927c,3e6a4b65a1004c08a6f3f570cf986c2f,0.773709
f2b99340a8304f42a058a44fd793927c,31cf7db26a3249c5a6205b005662ddcf,0.763659
9ad1273ff93d4e9fb7ade33dd8e0ed98,342aaa81ed004635bbf9cbc2592cd7b6,0.910484
9ad1273ff93d4e9fb7ade33dd8e0ed98,7ab9086baf99475d8c93862a7dd36344,0.858684
9ad1273ff93d4e9fb7ade33dd8e0ed98,2b039224b54142d185a406b31fe01de2,0.838246
9ad1273ff93d4e9fb7ade33dd8e0ed98,f5d09519cf7647f8a107cd8fadd322e5,0.786705
9ad1273ff93d4e9fb7ade33dd8e0ed98,701ac1447f5a414e81156a56c3593a31,0.771459
9ad1273ff93d4e9fb7ade33dd8e0ed98,cd764fbfae774d068af7549c648a02c9,0.766898
9ad1273ff93d4e9fb7ade33dd8e0ed98,f879b316413f45d2b64bb25e3f45a667,0.760720
50cb33eef1b94f6c82103b39c1b98881,36ee1613abf245cdbe93fef69b5f981f,0.942640
50cb33eef1b94f6c82103b39c1b98881,47eb17da319d440aa52da8008c26327a,0.803142
50cb33eef1b94f6c82103b39c1b98881,b9228fdb5f0c413d81cffb51829d95c6,0.775032
50cb33eef1b94f6c82103b39c1b98881,1004b33e3126472faa78e1929ed974e6,0.771567
50cb33eef1b94f6c82103b39c1b98881,eafb3480db704d7baa8216ce857d1610,0.764048
50cb33eef1b94f6c82103b39c1b98881,3b7d56c26da14b3a9b1cd52b5b35891b,0.762142
50cb33eef1b94f6c82103b39c1b98881,9ffa09a2b9bd4da0ba98fc537ca68802,0.761241
50cb33eef1b94f6c82103b39c1b98881,236c362d8b664c93b41882c119df9706,0.760902
50cb33eef1b94f6c82103b39c1b98881,93dc50abd35349f7923100dca2f41002,0.759334
50cb33eef1b94f6c82103b39c1b98881,ce4fdd5499f8498793c11e586f7da70c,0.758350
7990224cfabd448689a4ce3026d9fe41,47eb17da319d440aa52da8008c26327a,0.837268
fde89e1ecf8840fdbb45c55139eec70f,47eb17da319d440aa52da8008c26327a,0.842007
7141972968b840058e50af9c047f1975,36ee1613abf245cdbe93fef69b5f981f,0.988098
7141972968b840058e50af9c047f1975,47eb17da319d440aa52da8008c26327a,0.805708
7141972968b840058e50af9c047f1975,1004b33e3126472faa78e1929ed974e6,0.798646
7141972968b840058e50af9c047f1975,9ffa09a2b9bd4da0ba98fc537ca68802,0.786881
7141972968b840058e50af9c047f1975,236c362d8b664c93b41882c119df9706,0.782932
7141972968b840058e50af9c047f1975,b9228fdb5f0c413d81cffb51829d95c6,0.781525
7141972968b840058e50af9c047f1975,3b7d56c26da14b3a9b1cd52b5b35891b,0.771920
7141972968b840058e50af9c047f1975,eafb3480db704d7baa8216ce857d1610,0.762847
7141972968b840058e50af9c047f1975,9aca522158f443fd8a9caaec38ae5e2c,0.761866
7141972968b840058e50af9c047f1975,0228b1e9e3244da3a727930123ba7bda,0.760223
978ff949184e4cfcaa6168bf5ec8b635,ca5add3cbf044a95a5bec88a5841ce98,0.953742
978ff949184e4cfcaa6168bf5ec8b635,7c1126d46a934db6b951d1e98feae327,0.785501
978ff949184e4cfcaa6168bf5ec8b635,8dfd98bb97584157b207e1f4be471a8e,0.762451
978ff949184e4cfcaa6168bf5ec8b635,d9096650c434432c871effeca9acd5c6,0.760415
978ff949184e4cfcaa6168bf5ec8b635,7e190e3c05d74e6b9f103e39142c1684,0.758406
e8d5f4039a4c41ca879ab577cb031ff6,8dfd98bb97584157b207e1f4be471a8e,0.981719
e8d5f4039a4c41ca879ab577cb031ff6,7c1126d46a934db6b951d1e98feae327,0.787023
e8d5f4039a4c41ca879ab577cb031ff6,ca5add3cbf044a95a5bec88a5841ce98,0.777793
e8d5f4039a4c41ca879ab577cb031ff6,d695b7afdc3841a28a56df578e56afce,0.753416
652ddece31c14123bb00ca0f797d5627,c3502ff31ce6459a96164c934f297562,0.786115
35b575c8f0a94d4691d7fa9a39e399be,ca5add3cbf044a95a5bec88a5841ce98,0.968795
35b575c8f0a94d4691d7fa9a39e399be,7c1126d46a934db6b951d1e98feae327,0.784503
35b575c8f0a94d4691d7fa9a39e399be,8dfd98bb97584157b207e1f4be471a8e,0.773586
9137d9f3709b476a856868040dd81177,2c8eafa0ff26437a862dc2224ab57073,0.973895
9137d9f3709b476a856868040dd81177,dbf0926f9f344f1d88b114660db4d2eb,0.808687
9137d9f3709b476a856868040dd81177,75bf181ea5dc490e95d364a5f5c7af1d,0.785969
9137d9f3709b476a856868040dd81177,3fce01bbc56d49d39f61cba3d17648f2,0.780789
9137d9f3709b476a856868040dd81177,5e44915237fc4445b54b037e1c4e29a4,0.762920
9137d9f3709b476a856868040dd81177,5fc200cab89346658c9c91cce27e85fe,0.761642
19e0f2444bd641bb81c4b9604f3c5b79,2c8eafa0ff26437a862dc2224ab57073,0.842687
19e0f2444bd641bb81c4b9604f3c5b79,75bf181ea5dc490e95d364a5f5c7af1d,0.783161
f8922388774b4a008a6c8d856099d30f,5fc200cab89346658c9c91cce27e85fe,0.841358
f8922388774b4a008a6c8d856099d30f,6bde760ad5d4485db9889b1bdc074005,0.833864
f8922388774b4a008a6c8d856099d30f,d0e41bf891254ba0872f1641139f84f6,0.780848
f8922388774b4a008a6c8d856099d30f,eabdd2813a954f9aa01f0eb8212ee387,0.757528
f8922388774b4a008a6c8d856099d30f,0cdb0f32850f4585a16de4886462bbe0,0.752695
d6305586e401475b931a4998caeab35e,6bde760ad5d4485db9889b1bdc074005,0.854968
d6305586e401475b931a4998caeab35e,5fc200cab89346658c9c91cce27e85fe,0.828533
d6305586e401475b931a4998caeab35e,d0e41bf891254ba0872f1641139f84f6,0.782705
b1b3c914d57442e687d0d798f678582d,3f28365e18244eb28cc7d23de8895956,0.987330
b1b3c914d57442e687d0d798f678582d,0e8487b2e6a2439b9e6623a1e2e5e19d,0.823841
b1b3c914d57442e687d0d798f678582d,15b7b988bba143989cfd98d5c6c4d203,0.761575
1e71c6d2af1b4a24867e8235df8f68be,0e8487b2e6a2439b9e6623a1e2e5e19d,0.990136
1e71c6d2af1b4a24867e8235df8f68be,3f28365e18244eb28cc7d23de8895956,0.812291
1e71c6d2af1b4a24867e8235df8f68be,15b7b988bba143989cfd98d5c6c4d203,0.769875
1e71c6d2af1b4a24867e8235df8f68be,cf7476d6c96b4dcdb6f025b9291eb62b,0.768109
10a5c96cf3974eb4a43ee1190f555041,0e8487b2e6a2439b9e6623a1e2e5e19d,0.929658
10a5c96cf3974eb4a43ee1190f555041,3f28365e18244eb28cc7d23de8895956,0.819957
e06807ddbe0f47fbb2131d40df566c5d,3f28365e18244eb28cc7d23de8895956,0.985571
e06807ddbe0f47fbb2131d40df566c5d,0e8487b2e6a2439b9e6623a1e2e5e19d,0.820778
e06807ddbe0f47fbb2131d40df566c5d,15b7b988bba143989cfd98d5c6c4d203,0.759472
e06807ddbe0f47fbb2131d40df566c5d,415641aa43724ed9bc4710302b77edc3,0.753264
f191bbfff07e4252b111e35c94ed290e,40a95697730046dcbb0d7ba1fe2109a6,0.977242
f191bbfff07e4252b111e35c94ed290e,d43b0f94627d45918e18a80be127aa2c,0.790240
f191bbfff07e4252b111e35c94ed290e,25afb6f7e9314af09008644bca5955b9,0.783396
f191bbfff07e4252b111e35c94ed290e,a2612682d9854a30a7684c91c8619ec9,0.773289
f191bbfff07e4252b111e35c94ed290e,04fa591263664fb0a6868552ebd3590b,0.767672
f191bbfff07e4252b111e35c94ed290e,3f23eafbd9cc4e209aca631fd6fc9dfd,0.764849
f191bbfff07e4252b111e35c94ed290e,e2e0c8c96aff4c00896ac6986bbb20c2,0.754332
f191bbfff07e4252b111e35c94ed290e,85d4175b563d48e5bc6a991b23662f24,0.753702
3933d083cd9e45fdb173f91329f16538,40a95697730046dcbb0d7ba1fe2109a6,0.961214
3933d083cd9e45fdb173f91329f16538,d43b0f94627d45918e18a80be127aa2c,0.796469
3933d083cd9e45fdb173f91329f16538,25afb6f7e9314af09008644bca5955b9,0.783826
3933d083cd9e45fdb173f91329f16538,04fa591263664fb0a6868552ebd3590b,0.783021
3933d083cd9e45fdb173f91329f16538,3f23eafbd9cc4e209aca631fd6fc9dfd,0.760855
3933d083cd9e45fdb173f91329f16538,a2612682d9854a30a7684c91c8619ec9,0.759365
643c0eec1efd4728b8264ce4fed0d3d8,3ec67e948e15423fac23fdd38a7d4cca,0.988485
643c0eec1efd4728b8264ce4fed0d3d8,8350ea8cd6514c2c8d7b625abe7e895b,0.818676
643c0eec1efd4728b8264ce4fed0d3d8,3827ad869b3740278b98db4e65c40e0c,0.771176
effe6696627f429091a6dd53f02eefb5,a35fecee62a9432da0c413f65e895e8c,0.991940
8fb15d3cacbd407bb226320c3829b9d1,3827ad869b3740278b98db4e65c40e0c,0.989635
8fb15d3cacbd407bb226320c3829b9d1,8350ea8cd6514c2c8d7b625abe7e895b,0.793364
8fb15d3cacbd407bb226320c3829b9d1,3ec67e948e15423fac23fdd38a7d4cca,0.775066
9c535651e4904df1a59b82bd2baf303f,aaab880f032a4e00904cf50566164044,0.997920
9c535651e4904df1a59b82bd2baf303f,40f040fd5c824c8e8e710af1fdf70b5f,0.955880
9c535651e4904df1a59b82bd2baf303f,10b152bdafe94db8a93f7c374226a071,0.914037
9c535651e4904df1a59b82bd2baf303f,beccee3a988f48c1ad207e2380766fa4,0.883516
9c535651e4904df1a59b82bd2baf303f,ec5fe0d3a2a2426ea4e49a5c0ad44e04,0.835793
9c535651e4904df1a59b82bd2baf303f,7f5b658239034d35b7f4cf1c63cb388c,0.823763
9c535651e4904df1a59b82bd2baf303f,27fe100af7884932a33bf30f10dacc55,0.815538
9c535651e4904df1a59b82bd2baf303f,b83013f4c5524232814efa0f8651867f,0.803039
9c535651e4904df1a59b82bd2baf303f,898eabaaa1a047e18aecbb1c5a8decbf,0.792568
9c535651e4904df1a59b82bd2baf303f,de1102228a324428989533278cd482f6,0.757655
aa2f3a01706344a289a355c547d3ba1f,aaab880f032a4e00904cf50566164044,0.998085
aa2f3a01706344a289a355c547d3ba1f,40f040fd5c824c8e8e710af1fdf70b5f,0.953846
aa2f3a01706344a289a355c547d3ba1f,10b152bdafe94db8a93f7c374226a071,0.912092
aa2f3a01706344a289a355c547d3ba1f,beccee3a988f48c1ad207e2380766fa4,0.882848
aa2f3a01706344a289a355c547d3ba1f,ec5fe0d3a2a2426ea4e49a5c0ad44e04,0.833068
aa2f3a01706344a289a355c547d3ba1f,7f5b658239034d35b7f4cf1c63cb388c,0.824456
aa2f3a01706344a289a355c547d3ba1f,27fe100af7884932a33bf30f10dacc55,0.816851
aa2f3a01706344a289a355c547d3ba1f,b83013f4c5524232814efa0f8651867f,0.802373
aa2f3a01706344a289a355c547d3ba1f,898eabaaa1a047e18aecbb1c5a8decbf,0.793277
aa2f3a01706344a289a355c547d3ba1f,de1102228a324428989533278cd482f6,0.761615
67c8a3a3a76f47dca5dffc57df701923,40f040fd5c824c8e8e710af1fdf70b5f,0.991615
67c8a3a3a76f47dca5dffc57df701923,aaab880f032a4e00904cf50566164044,0.960648
67c8a3a3a76f47dca5dffc57df701923,10b152bdafe94db8a93f7c374226a071,0.892721
67c8a3a3a76f47dca5dffc57df701923,beccee3a988f48c1ad207e2380766fa4,0.869690
67c8a3a3a76f47dca5dffc57df701923,27fe100af7884932a33bf30f10dacc55,0.833406
67c8a3a3a76f47dca5dffc57df701923,ec5fe0d3a2a2426ea4e49a5c0ad44e04,0.819903
67c8a3a3a76f47dca5dffc57df701923,7f5b658239034d35b7f4cf1c63cb388c,0.811230
67c8a3a3a76f47dca5dffc57df701923,898eabaaa1a047e18aecbb1c5a8decbf,0.795302
67c8a3a3a76f47dca5dffc57df701923,b83013f4c5524232814efa0f8651867f,0.782741
67c8a3a3a76f47dca5dffc57df701923,de1102228a324428989533278cd482f6,0.761811
517a4c8e0e5e4627b780d2ab38493bcc,d9b97376c5e44d8786f861a5788af644,0.987123
80e36297d12e404b9094dc65f4ffd3d4,,
b5f4062f90b440998365198d9656fe97,,
0471ac805c4b456db243f0805797f2dc,595e438d2b394bb3a3259f47efd37ae8,0.993215
0471ac805c4b456db243f0805797f2dc,e0d8aee46b1d4d998858cd05027251b6,0.821883
0471ac805c4b456db243f0805797f2dc,7ee65b33f8f44852ada468b1fed83433,0.818455
0471ac805c4b456db243f0805797f2dc,2d812431f07c44f1a56a71c72766e0b0,0.759041
0471ac805c4b456db243f0805797f2dc,033f1514c78b49dd82148b94f6bcbeba,0.753864
72d5e8cd4b71425f86534cb71655d3a0,595e438d2b394bb3a3259f47efd37ae8,0.955836
72d5e8cd4b71425f86534cb71655d3a0,e0d8aee46b1d4d998858cd05027251b6,0.826311
72d5e8cd4b71425f86534cb71655d3a0,7ee65b33f8f44852ada468b1fed83433,0.820267
72d5e8cd4b71425f86534cb71655d3a0,2d812431f07c44f1a56a71c72766e0b0,0.761735
7c6759369d574b4cadfde359fe6eb481,e0d8aee46b1d4d998858cd05027251b6,0.987223
7c6759369d574b4cadfde359fe6eb481,595e438d2b394bb3a3259f47efd37ae8,0.825719
7c6759369d574b4cadfde359fe6eb481,7ee65b33f8f44852ada468b1fed83433,0.769352
7c6759369d574b4cadfde359fe6eb481,2d812431f07c44f1a56a71c72766e0b0,0.758430
bba1dbc4ebc4401eb489ace7cdfe3d62,e0d8aee46b1d4d998858cd05027251b6,0.970572
bba1dbc4ebc4401eb489ace7cdfe3d62,595e438d2b394bb3a3259f47efd37ae8,0.829712
bba1dbc4ebc4401eb489ace7cdfe3d62,7ee65b33f8f44852ada468b1fed83433,0.763924
bba1dbc4ebc4401eb489ace7cdfe3d62,2d812431f07c44f1a56a71c72766e0b0,0.755405
fb8a64be87ed4691b554bac222e157ab,6ae72ad649c54129b992d321f8f29122,0.968575
fb8a64be87ed4691b554bac222e157ab,503d2f067a8a4f5798b1c64b07ab0bc5,0.786660
af9351fd1bff4f5bb9e89603c818f703,503d2f067a8a4f5798b1c64b07ab0bc5,0.799658
9a2ba0ba753c40439a29734968bde279,503d2f067a8a4f5798b1c64b07ab0bc5,0.802543
b92407443bc54ed2805842ca07219659,6ae72ad649c54129b992d321f8f29122,0.955431
b92407443bc54ed2805842ca07219659,503d2f067a8a4f5798b1c64b07ab0bc5,0.788145
b92407443bc54ed2805842ca07219659,8987ceafff324f9599b842542e37eddd,0.752854
79f37cf5db664eceb1acbe56e59fdba2,c756409435634fc48c643a64e73c93ce,0.951111
79f37cf5db664eceb1acbe56e59fdba2,b9228fdb5f0c413d81cffb51829d95c6,0.823958
79f37cf5db664eceb1acbe56e59fdba2,225818abe99e45a0bf5b0b3ec30db76b,0.807617
79f37cf5db664eceb1acbe56e59fdba2,df5ca61304074da1bec8f536ab50baf3,0.794448
79f37cf5db664eceb1acbe56e59fdba2,eafb3480db704d7baa8216ce857d1610,0.763391
79f37cf5db664eceb1acbe56e59fdba2,75efe5ddef364f49865d9bb283492b48,0.756733
79f37cf5db664eceb1acbe56e59fdba2,32aaca2a732f4272b237374d3cdeec90,0.754971
79f37cf5db664eceb1acbe56e59fdba2,4a6eba10a02a4ecdbb6b25e8651c3789,0.754613
79f37cf5db664eceb1acbe56e59fdba2,fadf133e0e684a24ac79b5fa9515bac2,0.754297
8d3b90a569d64372a82d9a26b511d43b,b9228fdb5f0c413d81cffb51829d95c6,0.956525
8d3b90a569d64372a82d9a26b511d43b,df5ca61304074da1bec8f536ab50baf3,0.832820
8d3b90a569d64372a82d9a26b511d43b,225818abe99e45a0bf5b0b3ec30db76b,0.796753
8d3b90a569d64372a82d9a26b511d43b,4a6eba10a02a4ecdbb6b25e8651c3789,0.786843
8d3b90a569d64372a82d9a26b511d43b,c756409435634fc48c643a64e73c93ce,0.785582
8d3b90a569d64372a82d9a26b511d43b,93dc50abd35349f7923100dca2f41002,0.778653
8d3b90a569d64372a82d9a26b511d43b,36ee1613abf245cdbe93fef69b5f981f,0.775784
8d3b90a569d64372a82d9a26b511d43b,7ec1584e9a5b49eab9ef249143d9bb86,0.770826
8d3b90a569d64372a82d9a26b511d43b,6f57d1175ad243edada61643d01fcd54,0.764861
8d3b90a569d64372a82d9a26b511d43b,eafb3480db704d7baa8216ce857d1610,0.763423
9203f26b661c4f00976012cebd86ad3e,b9228fdb5f0c413d81cffb51829d95c6,0.963761
9203f26b661c4f00976012cebd86ad3e,df5ca61304074da1bec8f536ab50baf3,0.843109
9203f26b661c4f00976012cebd86ad3e,4a6eba10a02a4ecdbb6b25e8651c3789,0.815158
9203f26b661c4f00976012cebd86ad3e,93dc50abd35349f7923100dca2f41002,0.808713
9203f26b661c4f00976012cebd86ad3e,225818abe99e45a0bf5b0b3ec30db76b,0.798141
9203f26b661c4f00976012cebd86ad3e,eafb3480db704d7baa8216ce857d1610,0.795871
9203f26b661c4f00976012cebd86ad3e,36ee1613abf245cdbe93fef69b5f981f,0.789608
9203f26b661c4f00976012cebd86ad3e,7ec1584e9a5b49eab9ef249143d9bb86,0.786594
9203f26b661c4f00976012cebd86ad3e,c756409435634fc48c643a64e73c93ce,0.779558
9203f26b661c4f00976012cebd86ad3e,6f57d1175ad243edada61643d01fcd54,0.774601
bbfbeffe205f44cd8c5bd867f70dc0cf,c756409435634fc48c643a64e73c93ce,0.959293
bbfbeffe205f44cd8c5bd867f70dc0cf,b9228fdb5f0c413d81cffb51829d95c6,0.812142
bbfbeffe205f44cd8c5bd867f70dc0cf,df5ca61304074da1bec8f536ab50baf3,0.798150
bbfbeffe205f44cd8c5bd867f70dc0cf,225818abe99e45a0bf5b0b3ec30db76b,0.797400
bbfbeffe205f44cd8c5bd867f70dc0cf,fadf133e0e684a24ac79b5fa9515bac2,0.772382
bbfbeffe205f44cd8c5bd867f70dc0cf,0bd1cce9370a461089e25393086800a8,0.756286
bbfbeffe205f44cd8c5bd867f70dc0cf,32aaca2a732f4272b237374d3cdeec90,0.753425
24b76ac90a84462d903374be9d0b2c6f,7d6cdff8c9ac434196df803628fe9f62,0.880825
eeabc5200c23495e9decc640bc81697b,7d6cdff8c9ac434196df803628fe9f62,0.808580
f7df9ff1967f4b5aad8cb6deb163fa95,dcfb738ebbc24f09bb680fe3a52b702e,0.764984
f7df9ff1967f4b5aad8cb6deb163fa95,af532d6e5090478ba520505d5f9107f2,0.755869
f7df9ff1967f4b5aad8cb6deb163fa95,2d812431f07c44f1a56a71c72766e0b0,0.753852
aa188e907acd4beab124f5f8ad0694d1,,
dcab7d1f66534e95aab82c2040294de9,ac5a760b45c146ec840193371cfb2d30,0.980606
dcab7d1f66534e95aab82c2040294de9,9bf3b77eb9874f5f9e006a9cff111ea9,0.857522
dcab7d1f66534e95aab82c2040294de9,c66c6f1449d44728a2ef72de53dd6d5e,0.766200
432081bba65f4c408b3f3783b0d361dc,ac5a760b45c146ec840193371cfb2d30,0.927513
432081bba65f4c408b3f3783b0d361dc,9bf3b77eb9874f5f9e006a9cff111ea9,0.833367
c385a042fa734b73b1bcbec2e14a9dd0,9bf3b77eb9874f5f9e006a9cff111ea9,0.934820
c385a042fa734b73b1bcbec2e14a9dd0,ac5a760b45c146ec840193371cfb2d30,0.843084
0b33aed54f7445caadc031f47ad62603,9bf3b77eb9874f5f9e006a9cff111ea9,0.978757
0b33aed54f7445caadc031f47ad62603,ac5a760b45c146ec840193371cfb2d30,0.872271
0b33aed54f7445caadc031f47ad62603,13e659415ac84c7a81fc769111d43417,0.756839
8954e57cd5544eba8d9fec1e8cc5ea3c,1578afd6ce694d46ab6e24f965f51fd6,0.950456
8954e57cd5544eba8d9fec1e8cc5ea3c,9dd98c9126c44642a20711729f2e731e,0.771241
8954e57cd5544eba8d9fec1e8cc5ea3c,7d5c0a2bfccf4255a43d9bd0f84a6d3a,0.766613
8954e57cd5544eba8d9fec1e8cc5ea3c,2c3599a1611644f4908562f8fb8870d3,0.759620
285ed58a8d154d748bba60ef4ef0123d,9dd98c9126c44642a20711729f2e731e,0.791083
285ed58a8d154d748bba60ef4ef0123d,b8da01ceddcb45a491a288ddbc658e90,0.762396
9a11a8c9bd5f451c8babd3c4dde3d9ba,c78547bdc2e64ac8935559f7de2efd41,0.977274
9a11a8c9bd5f451c8babd3c4dde3d9ba,5605fa1188974644937bbf92fec50e21,0.762675
9a11a8c9bd5f451c8babd3c4dde3d9ba,fb8c2b83e46441c2aaa7c81d3642e2da,0.753667
68931fb463ea43e2b4aaebfa95817d2c,c78547bdc2e64ac8935559f7de2efd41,0.979639
68931fb463ea43e2b4aaebfa95817d2c,5605fa1188974644937bbf92fec50e21,0.753597
ee38dd3bcc4543afa6668b1cb7f04db9,191b01e1728e4583a8ead5a86db27370,0.966421
0c11c50aaac54a2c8cc725ff6073ce3c,e903085a3f944ad2a41c37306b4e6ab4,0.900370
b092fbf434e14ff3911418a406a68bd4,e903085a3f944ad2a41c37306b4e6ab4,0.865717
76d9f443399e491c9b01f4bb0f487d6c,7e17bbd109dc486c8f0a76f913782180,0.976174
76d9f443399e491c9b01f4bb0f487d6c,67984873125e4a0f9562179c906d1b0f,0.767856
1479ab485d6f4065a6b3679d81d7e6a8,7e17bbd109dc486c8f0a76f913782180,0.975293
1479ab485d6f4065a6b3679d81d7e6a8,67984873125e4a0f9562179c906d1b0f,0.772548
1479ab485d6f4065a6b3679d81d7e6a8,7879fa4d4db046a2a8d195311b6e5789,0.761123
1479ab485d6f4065a6b3679d81d7e6a8,88353d1136d24836816b073de62e5f50,0.755987
1479ab485d6f4065a6b3679d81d7e6a8,ca544e6629b14e8fab5f7cb40d1ac88e,0.754663
ff9cb85ab2634f23a327ccaa9cf1e87f,,
041fe9a0e0e3466eaee94e0c5058d4dd,ad054da7e1704a53931a341173f0605f,0.947311
041fe9a0e0e3466eaee94e0c5058d4dd,48c31b1e2ce94de8968fab433813fa91,0.814324
041fe9a0e0e3466eaee94e0c5058d4dd,f1eecad10a61421eb16b1be7435d9c19,0.801232
63ce6205810547c2adaa5dc2398e9bf7,eb21a4e2b7bd43efbdf0c365415e7fef,0.783664
63ce6205810547c2adaa5dc2398e9bf7,f1eecad10a61421eb16b1be7435d9c19,0.777611
701bc8401f56437f823f5613549de41d,0971af4212484a958eb0f60f93d1dfe0,0.865188
f9d2d9f3c3fb4720ba92d227f72aeef0,25109e3a7df549e5b380aae716d71366,0.951420
f9d2d9f3c3fb4720ba92d227f72aeef0,eafb3480db704d7baa8216ce857d1610,0.780022
f9d2d9f3c3fb4720ba92d227f72aeef0,1232f20e710b448e8c0538b9e84dab1c,0.766245
f9d2d9f3c3fb4720ba92d227f72aeef0,4a6eba10a02a4ecdbb6b25e8651c3789,0.761936
f9d2d9f3c3fb4720ba92d227f72aeef0,eb21a4e2b7bd43efbdf0c365415e7fef,0.755418
127069977daa41d78cd4642f658c4171,0971af4212484a958eb0f60f93d1dfe0,0.941320
11d8ba0cbe2c48568a2d0196a1573e16,25109e3a7df549e5b380aae716d71366,0.948310
11d8ba0cbe2c48568a2d0196a1573e16,eafb3480db704d7baa8216ce857d1610,0.785438
11d8ba0cbe2c48568a2d0196a1573e16,4a6eba10a02a4ecdbb6b25e8651c3789,0.757486
11d8ba0cbe2c48568a2d0196a1573e16,1232f20e710b448e8c0538b9e84dab1c,0.756522
e1b3f03ec240460c895264f738a709ec,6fc7a2cf0684475a82f6ff9be2c8e850,0.925090
e1b3f03ec240460c895264f738a709ec,e4fcd30261804b089efa940359057ba2,0.828166
e1b3f03ec240460c895264f738a709ec,a0b4d283f12a407286dbeaa3a4d128a5,0.762733
e1b3f03ec240460c895264f738a709ec,9460474d89704a68aaa6ccb62310ae3d,0.762094
e8ef2c2c7af746118efa2021eab8a25a,eee7f32249c5452ea36c8ed3a3540010,0.830155
e8ef2c2c7af746118efa2021eab8a25a,0d0973762130427eaa2ce9a7a34517db,0.761969
eeb2317fd71541c38fd867e246a9ff44,eee7f32249c5452ea36c8ed3a3540010,0.985994
842dd9ced22a40a896de94a19a1d2d4c,6fc7a2cf0684475a82f6ff9be2c8e850,0.981398
842dd9ced22a40a896de94a19a1d2d4c,e4fcd30261804b089efa940359057ba2,0.787955
eb6b0705f8744b46a462efa41f20a89a,fe363cef357840fcb35f320fe7c27e4e,0.968521
eb6b0705f8744b46a462efa41f20a89a,8ad1f345ca194b29bde0a924f27b2de5,0.886735
eb6b0705f8744b46a462efa41f20a89a,116f6c1f0cb54312986a0a729508a33e,0.860401
eb6b0705f8744b46a462efa41f20a89a,afac6ae28fac41dabae96696990c5555,0.831901
eb6b0705f8744b46a462efa41f20a89a,a8904adcdd21495f890bc614bfdbf86f,0.825475
eb6b0705f8744b46a462efa41f20a89a,fc70a4c2c4834e0eba1a14470f563b03,0.823007
eb6b0705f8744b46a462efa41f20a89a,4230775a9d51448396cacb9061f0e5f9,0.822550
eb6b0705f8744b46a462efa41f20a89a,8c5f38853679436ba434b6a696e43168,0.820196
eb6b0705f8744b46a462efa41f20a89a,bb6ecabbce1b43d997d00d7acdc95193,0.812121
eb6b0705f8744b46a462efa41f20a89a,887e323cc38f4cf8adc5970617f1c286,0.807128
482dd5c933c94587b3946517c235aea3,13aca0959cc948cabeee0d7255f55a65,0.991490
482dd5c933c94587b3946517c235aea3,1d93c07de74c482ebf0a76ec564c3252,0.841953
482dd5c933c94587b3946517c235aea3,b01fd4d037a84a7aa777e1fc345c73c5,0.823755
482dd5c933c94587b3946517c235aea3,91f0da6d71574ababd8e868bddec9310,0.823650
482dd5c933c94587b3946517c235aea3,af648fa7ac6c4c50a246de470329cd83,0.819889
482dd5c933c94587b3946517c235aea3,716a15d66b63424a8068da89e75733b4,0.818694
482dd5c933c94587b3946517c235aea3,8af25c7ae8e14435a6e27a5671968f50,0.812104
482dd5c933c94587b3946517c235aea3,8ad1f345ca194b29bde0a924f27b2de5,0.811547
482dd5c933c94587b3946517c235aea3,8c5f38853679436ba434b6a696e43168,0.809187
482dd5c933c94587b3946517c235aea3,a8904adcdd21495f890bc614bfdbf86f,0.808053
714cfd813314481cb74ce1598ae2d695,13aca0959cc948cabeee0d7255f55a65,0.992549
714cfd813314481cb74ce1598ae2d695,1d93c07de74c482ebf0a76ec564c3252,0.841140
714cfd813314481cb74ce1598ae2d695,b01fd4d037a84a7aa777e1fc345c73c5,0.828400
714cfd813314481cb74ce1598ae2d695,91f0da6d71574ababd8e868bddec9310,0.824099
714cfd813314481cb74ce1598ae2d695,716a15d66b63424a8068da89e75733b4,0.818354
714cfd813314481cb74ce1598ae2d695,a8904adcdd21495f890bc614bfdbf86f,0.815810
714cfd813314481cb74ce1598ae2d695,af648fa7ac6c4c50a246de470329cd83,0.814294
714cfd813314481cb74ce1598ae2d695,8af25c7ae8e14435a6e27a5671968f50,0.813985
714cfd813314481cb74ce1598ae2d695,8c5f38853679436ba434b6a696e43168,0.808629
714cfd813314481cb74ce1598ae2d695,8ad1f345ca194b29bde0a924f27b2de5,0.804393
1905289530434d1ea5a686725d2aa4a7,200f7fc78e4c403982f61b2894e50bad,0.947514
1905289530434d1ea5a686725d2aa4a7,06b7dd1b701544ac80dd7ca54ed707cf,0.760037
1905289530434d1ea5a686725d2aa4a7,f6507bae2aaa4785842167f8320428b3,0.753085
c939d86a19284f6485029452c1dd5906,200f7fc78e4c403982f61b2894e50bad,0.958362
c939d86a19284f6485029452c1dd5906,06b7dd1b701544ac80dd7ca54ed707cf,0.784822
c939d86a19284f6485029452c1dd5906,f6507bae2aaa4785842167f8320428b3,0.772391
c939d86a19284f6485029452c1dd5906,7070715ef90743da8691dd4ad134eb0c,0.766349
14683a06fc90460097ce4e4db0e55f16,44b3bc5953364d72a53edcf9fc4f1fed,0.976805
14683a06fc90460097ce4e4db0e55f16,6bedb2d6ace34e18811b7f1206b2d1b0,0.759197
14683a06fc90460097ce4e4db0e55f16,02641488de414b72b63f62b40200b101,0.754225
ba76e2fc0cc240a293e65f918ef3f29b,44b3bc5953364d72a53edcf9fc4f1fed,0.776175
56178bece80e4c44a6a45d630a70742c,1b827db6f6cf4ecb850928c2f9e41de2,0.982887
56178bece80e4c44a6a45d630a70742c,bce599075dfd4fac8dd78626106e3071,0.808555
56178bece80e4c44a6a45d630a70742c,7f0a68d19d2e4850846ffc08c47ed87d,0.793878
56178bece80e4c44a6a45d630a70742c,b33a0f5b564a4942b04046ab7a8e2aae,0.779387
60ae797aa8bb4341829f83d0b771ab36,1b827db6f6cf4ecb850928c2f9e41de2,0.983863
60ae797aa8bb4341829f83d0b771ab36,bce599075dfd4fac8dd78626106e3071,0.797746
60ae797aa8bb4341829f83d0b771ab36,7f0a68d19d2e4850846ffc08c47ed87d,0.784150
60ae797aa8bb4341829f83d0b771ab36,b33a0f5b564a4942b04046ab7a8e2aae,0.778588
539bac7dd76e434db2fec777565e0d2e,41047823f2cb4194ba1e0709443c719a,0.755591
5305b4e53d154b1890d851d40a749099,41047823f2cb4194ba1e0709443c719a,0.813149
5305b4e53d154b1890d851d40a749099,af532d6e5090478ba520505d5f9107f2,0.759206
a7570f9b55c24fb0bac3c9e4edf6d60e,41047823f2cb4194ba1e0709443c719a,0.959493
a7570f9b55c24fb0bac3c9e4edf6d60e,250d411ae270441085be3501b7b55d86,0.758750
a7570f9b55c24fb0bac3c9e4edf6d60e,452d645d5bf4485185e996dcec9523e5,0.753076
5ad1f88ed9ed488dafbdf8181733f084,41047823f2cb4194ba1e0709443c719a,0.906865
0e302f85dcbe44f1bc67317ce56268d8,f4474150010f4021a4620372062f3797,0.961136
0e302f85dcbe44f1bc67317ce56268d8,e834bfbd30b247e899f0dc029ab9f072,0.771962
0e302f85dcbe44f1bc67317ce56268d8,984058b7165d4c6385bec3c94afa9fb2,0.770716
0e302f85dcbe44f1bc67317ce56268d8,7960902edf4b47d686f704441aa56b0e,0.766901
0e302f85dcbe44f1bc67317ce56268d8,35d06fce2df446569702778e2250bd82,0.755340
392705089c6b4b8cbcde900d0fff9622,f4474150010f4021a4620372062f3797,0.968849
392705089c6b4b8cbcde900d0fff9622,984058b7165d4c6385bec3c94afa9fb2,0.760034
3d450234080f488aa71b15f195d1b4f1,d75a52d716984f318f976bbfc7bee787,0.805808
7adb641772574f79bca7f5c97071108e,00614d60b3544ba790dfd23dd53992e0,0.997978
7adb641772574f79bca7f5c97071108e,b6da55bea1244cf0a753b258420946b2,0.823412
7adb641772574f79bca7f5c97071108e,07d869789eda4445a1ecfe59c331db0d,0.816951
7adb641772574f79bca7f5c97071108e,8ebbcf8e4e6f400ba1839e9d75806274,0.798902
7adb641772574f79bca7f5c97071108e,b7f5c165ea2242709a2fb71f3a3f1bcb,0.787241
7adb641772574f79bca7f5c97071108e,68aefc97056440af874039a28497cf98,0.757643
470a0e2305e5411f992154553c12bfcd,00614d60b3544ba790dfd23dd53992e0,0.860028
470a0e2305e5411f992154553c12bfcd,07d869789eda4445a1ecfe59c331db0d,0.824247
470a0e2305e5411f992154553c12bfcd,b7f5c165ea2242709a2fb71f3a3f1bcb,0.805880
470a0e2305e5411f992154553c12bfcd,8350ea8cd6514c2c8d7b625abe7e895b,0.787490
470a0e2305e5411f992154553c12bfcd,b6da55bea1244cf0a753b258420946b2,0.776764
470a0e2305e5411f992154553c12bfcd,d37bf09399d848df9a4d880fb097239c,0.767347
470a0e2305e5411f992154553c12bfcd,7f0b453cc8c14156802497f5cbae9d62,0.766172
470a0e2305e5411f992154553c12bfcd,761a3a01495143f0a86beac4234cae3a,0.763250
470a0e2305e5411f992154553c12bfcd,8af25c7ae8e14435a6e27a5671968f50,0.759781
470a0e2305e5411f992154553c12bfcd,8ebbcf8e4e6f400ba1839e9d75806274,0.754335
f82f3fa0a3af48208d53dbf813b19b11,00614d60b3544ba790dfd23dd53992e0,0.996244
f82f3fa0a3af48208d53dbf813b19b11,b6da55bea1244cf0a753b258420946b2,0.824250
f82f3fa0a3af48208d53dbf813b19b11,07d869789eda4445a1ecfe59c331db0d,0.817698
f82f3fa0a3af48208d53dbf813b19b11,8ebbcf8e4e6f400ba1839e9d75806274,0.800167
f82f3fa0a3af48208d53dbf813b19b11,b7f5c165ea2242709a2fb71f3a3f1bcb,0.789590
f82f3fa0a3af48208d53dbf813b19b11,68aefc97056440af874039a28497cf98,0.761402
cbd2d2ff355d4f0399b9fc51697c9fd7,8ebbcf8e4e6f400ba1839e9d75806274,0.989411
cbd2d2ff355d4f0399b9fc51697c9fd7,00614d60b3544ba790dfd23dd53992e0,0.799473
355a18bf4bbe449086bfbd70b9b66961,00614d60b3544ba790dfd23dd53992e0,0.877905
355a18bf4bbe449086bfbd70b9b66961,07d869789eda4445a1ecfe59c331db0d,0.825481
355a18bf4bbe449086bfbd70b9b66961,b7f5c165ea2242709a2fb71f3a3f1bcb,0.802972
355a18bf4bbe449086bfbd70b9b66961,8350ea8cd6514c2c8d7b625abe7e895b,0.793881
355a18bf4bbe449086bfbd70b9b66961,b6da55bea1244cf0a753b258420946b2,0.793322
355a18bf4bbe449086bfbd70b9b66961,8ebbcf8e4e6f400ba1839e9d75806274,0.762433
355a18bf4bbe449086bfbd70b9b66961,7f0b453cc8c14156802497f5cbae9d62,0.757572
8801a0c028fe4b9b9621b539d7950e08,4c8476482736459881e2a3b0509ee103,0.843025
8801a0c028fe4b9b9621b539d7950e08,133bfbe9a7c741fcb638ecf1b0088213,0.837857
8801a0c028fe4b9b9621b539d7950e08,7070715ef90743da8691dd4ad134eb0c,0.768436
8801a0c028fe4b9b9621b539d7950e08,64d9091426f9461c97c98a5428856bcf,0.759951
ce2ca433804e44b4be720751273b782a,4c8476482736459881e2a3b0509ee103,0.925668
ce2ca433804e44b4be720751273b782a,133bfbe9a7c741fcb638ecf1b0088213,0.834160
ce2ca433804e44b4be720751273b782a,5e199f7727cc4910ad88dbd81ed1ec82,0.792008
ce2ca433804e44b4be720751273b782a,8ad1f345ca194b29bde0a924f27b2de5,0.783741
ce2ca433804e44b4be720751273b782a,93bf0b86be094f68a9d308ca5ecfb4e3,0.781683
ce2ca433804e44b4be720751273b782a,ee337b5c1ef3431e9c120250bfec4cac,0.765624
ce2ca433804e44b4be720751273b782a,fe363cef357840fcb35f320fe7c27e4e,0.764562
ce2ca433804e44b4be720751273b782a,af648fa7ac6c4c50a246de470329cd83,0.761596
ce2ca433804e44b4be720751273b782a,50aa0f56e00d4c23ac78b3e63bc0f0e1,0.758488
ce2ca433804e44b4be720751273b782a,afac6ae28fac41dabae96696990c5555,0.757963
4ea609e9602a4aaa8629b2aa624b0175,133bfbe9a7c741fcb638ecf1b0088213,0.911211
4ea609e9602a4aaa8629b2aa624b0175,4c8476482736459881e2a3b0509ee103,0.843407
4ea609e9602a4aaa8629b2aa624b0175,50aa0f56e00d4c23ac78b3e63bc0f0e1,0.767538
cfb9a2cee2044f5e9cab9a1ec0394c33,133bfbe9a7c741fcb638ecf1b0088213,0.904254
cfb9a2cee2044f5e9cab9a1ec0394c33,4c8476482736459881e2a3b0509ee103,0.858328
cfb9a2cee2044f5e9cab9a1ec0394c33,50aa0f56e00d4c23ac78b3e63bc0f0e1,0.771825
cfb9a2cee2044f5e9cab9a1ec0394c33,8ad1f345ca194b29bde0a924f27b2de5,0.753651
91753f317b7d415d93dfbb79291ce529,b8da01ceddcb45a491a288ddbc658e90,0.863703
91753f317b7d415d93dfbb79291ce529,99a52c93a3304ec18dab9206f98f2a8b,0.790024
91753f317b7d415d93dfbb79291ce529,9dd98c9126c44642a20711729f2e731e,0.761298
91753f317b7d415d93dfbb79291ce529,2c3599a1611644f4908562f8fb8870d3,0.758688
91753f317b7d415d93dfbb79291ce529,b98519f97e424c1389f5553f0869b15a,0.755949
0f94a6fec9304d4991a954ceb031f5ae,d65e3a3657ae455e954b6d7221afc84c,0.951682
0f94a6fec9304d4991a954ceb031f5ae,a0b4d283f12a407286dbeaa3a4d128a5,0.756815
15a8c430cba44785961873a3dd5bc77f,d65e3a3657ae455e954b6d7221afc84c,0.939042
15a8c430cba44785961873a3dd5bc77f,8a9dc60359ba49cd8ac170cfb4ac3913,0.763558
15a8c430cba44785961873a3dd5bc77f,a0b4d283f12a407286dbeaa3a4d128a5,0.755048
fd824af093e04ae187700d37404ce512,b8da01ceddcb45a491a288ddbc658e90,0.982630
fd824af093e04ae187700d37404ce512,b98519f97e424c1389f5553f0869b15a,0.764256
fd824af093e04ae187700d37404ce512,a865b8d581b44104afe7c8508e3486f5,0.757133
fd824af093e04ae187700d37404ce512,2c3599a1611644f4908562f8fb8870d3,0.755513
fd824af093e04ae187700d37404ce512,772cb9726861451d9972604da6f65c55,0.754050
c9d75d71736c41ca808c70e38aff6b5a,85d4175b563d48e5bc6a991b23662f24,0.975885
c9d75d71736c41ca808c70e38aff6b5a,da88fa5efc674368b593444ca950dff9,0.885815
c9d75d71736c41ca808c70e38aff6b5a,25afb6f7e9314af09008644bca5955b9,0.765942
c9d75d71736c41ca808c70e38aff6b5a,3f23eafbd9cc4e209aca631fd6fc9dfd,0.754685
743f1b2f252548d7910b99d0870f6c67,da88fa5efc674368b593444ca950dff9,0.984926
743f1b2f252548d7910b99d0870f6c67,85d4175b563d48e5bc6a991b23662f24,0.883263
743f1b2f252548d7910b99d0870f6c67,9500823cb050427696343b1ea5cf8881,0.818392
743f1b2f252548d7910b99d0870f6c67,e9428816b054499298745b742f128f65,0.772978
743f1b2f252548d7910b99d0870f6c67,a2612682d9854a30a7684c91c8619ec9,0.762510
743f1b2f252548d7910b99d0870f6c67,5455e62f52ae4e03b2a5d0e8b9899506,0.762416
743f1b2f252548d7910b99d0870f6c67,3f23eafbd9cc4e209aca631fd6fc9dfd,0.757588
743f1b2f252548d7910b99d0870f6c67,25afb6f7e9314af09008644bca5955b9,0.754846
743f1b2f252548d7910b99d0870f6c67,84ff5144597241bba5cbd3d0b21d220d,0.753389
27bcdf10465e4c54869c9ceb59013b81,3574ab91c29940b3afc62354ae06b73b,0.959026
27bcdf10465e4c54869c9ceb59013b81,f464960d2dbc43c0970c60600bd7f1cd,0.764470
27bcdf10465e4c54869c9ceb59013b81,a2612682d9854a30a7684c91c8619ec9,0.763128
27bcdf10465e4c54869c9ceb59013b81,2c82919b038847fabbf5d13ca5ac55a7,0.753295
52cd37fed829421d91356a3fb87f1ae3,da88fa5efc674368b593444ca950dff9,0.988223
52cd37fed829421d91356a3fb87f1ae3,85d4175b563d48e5bc6a991b23662f24,0.887364
52cd37fed829421d91356a3fb87f1ae3,9500823cb050427696343b1ea5cf8881,0.814497
52cd37fed829421d91356a3fb87f1ae3,a2612682d9854a30a7684c91c8619ec9,0.764268
52cd37fed829421d91356a3fb87f1ae3,25afb6f7e9314af09008644bca5955b9,0.762316
52cd37fed829421d91356a3fb87f1ae3,e9428816b054499298745b742f128f65,0.757510
52cd37fed829421d91356a3fb87f1ae3,3f23eafbd9cc4e209aca631fd6fc9dfd,0.753935
52cd37fed829421d91356a3fb87f1ae3,5455e62f52ae4e03b2a5d0e8b9899506,0.752631
f3cba92d050b4d8e9432cb0cc14c3d63,3574ab91c29940b3afc62354ae06b73b,0.935389
e0ffc5f5610740569aedc8c74ed17c47,5abf57d57d84440e94d0d2e2ffb37575,0.948403
e0ffc5f5610740569aedc8c74ed17c47,cf293392122347a180cf2126f4589acb,0.788351
e0ffc5f5610740569aedc8c74ed17c47,3c1b91a23b694da1973dbc5f75f2f3ed,0.765109
fd29df6e377f40b981cba18434381065,5abf57d57d84440e94d0d2e2ffb37575,0.984337
fd29df6e377f40b981cba18434381065,cf293392122347a180cf2126f4589acb,0.797103
fd29df6e377f40b981cba18434381065,3c1b91a23b694da1973dbc5f75f2f3ed,0.770892
f5ff08722abb413e9e24fa4eee6d5b60,3c1b91a23b694da1973dbc5f75f2f3ed,0.886742
f5ff08722abb413e9e24fa4eee6d5b60,5abf57d57d84440e94d0d2e2ffb37575,0.801071
f5ff08722abb413e9e24fa4eee6d5b60,cf293392122347a180cf2126f4589acb,0.772166
574036f38fb84293ae0fbe592c3c6f3a,cf293392122347a180cf2126f4589acb,0.987602
574036f38fb84293ae0fbe592c3c6f3a,3c1b91a23b694da1973dbc5f75f2f3ed,0.827399
574036f38fb84293ae0fbe592c3c6f3a,5abf57d57d84440e94d0d2e2ffb37575,0.801653
35f36e3994484147bfac89ac7f1ef8ef,cf293392122347a180cf2126f4589acb,0.942357
35f36e3994484147bfac89ac7f1ef8ef,5abf57d57d84440e94d0d2e2ffb37575,0.784700
35f36e3994484147bfac89ac7f1ef8ef,3c1b91a23b694da1973dbc5f75f2f3ed,0.784621
84ef3ef2feb84347bac472fb9e9d5906,c84deec0ecf843c39f52d4cb8e7300f8,0.953107
84ef3ef2feb84347bac472fb9e9d5906,e7aaa514f6f64a258a640ea341aa1a18,0.887387
84ef3ef2feb84347bac472fb9e9d5906,77cecb221149474896d9b2eb848bf150,0.884759
84ef3ef2feb84347bac472fb9e9d5906,039f8e63b273472d8f1d99d9a5de5cf5,0.842455
84ef3ef2feb84347bac472fb9e9d5906,07958f43551e459eb30638b632e3cd64,0.837985
84ef3ef2feb84347bac472fb9e9d5906,34b736136487439389c10cc6bd4e9f4e,0.789128
84ef3ef2feb84347bac472fb9e9d5906,97959d02a64f4a3fbbebe7cbece6c012,0.760842
84ef3ef2feb84347bac472fb9e9d5906,dee9eddb2eac41bfaf36d3279d43674a,0.755950
398defcf45ad43ed8e2633186eaa33ba,de72d25d08da4b03ac6f6411ce30e07c,0.808658
398defcf45ad43ed8e2633186eaa33ba,5b588e34588940788a22036b775ecc2f,0.767771
ea57953406604eb083a4fecc3606c662,baf841bad27c456c9de7227555ea3ef8,0.928436
6d7cfa2d06f64b22aeffa8b5f5294bdb,de72d25d08da4b03ac6f6411ce30e07c,0.810834
6d7cfa2d06f64b22aeffa8b5f5294bdb,5b588e34588940788a22036b775ecc2f,0.768160
b81d6cfb08b3460182252d604820144b,baf841bad27c456c9de7227555ea3ef8,0.846999
b81d6cfb08b3460182252d604820144b,66690895454847fea5a000202fbfab2e,0.800357
b81d6cfb08b3460182252d604820144b,0ecfdd96e0054841883acba75e83b232,0.754717
d9348c713e8144f791dd2fc990a3cbb6,30578712823948b086e3781343982938,0.968964
961885b72b8b4073afa543195a48050c,250d411ae270441085be3501b7b55d86,0.767759
961885b72b8b4073afa543195a48050c,6dc5832f0ac04df2bd99c6415b3ecf09,0.752741
06e690975e524b9089b8d4f9317a1558,250d411ae270441085be3501b7b55d86,0.814244
06e690975e524b9089b8d4f9317a1558,bcfa4a4177d44d8b8cda17b7a23196b0,0.797817
06e690975e524b9089b8d4f9317a1558,99a52c93a3304ec18dab9206f98f2a8b,0.761901
06e690975e524b9089b8d4f9317a1558,f1eecad10a61421eb16b1be7435d9c19,0.754984
a5bc160edec74fb7a50b0debceb4ff1d,1aef014473b84ef9a0f799114fe516c9,0.982559
77a31fe5e10e44c38270d85e569068f5,30578712823948b086e3781343982938,0.982433
a508b4ed8aa64d2c8930b9e0f5588144,9db7d32d79024ba6a73c55fde6f55968,0.959421
a508b4ed8aa64d2c8930b9e0f5588144,00e9d4081c2f45d1a818bfeab099863a,0.805693
a508b4ed8aa64d2c8930b9e0f5588144,3574ab91c29940b3afc62354ae06b73b,0.755997
58f407c23b424ad7858fe02688d1f729,00e9d4081c2f45d1a818bfeab099863a,0.968854
58f407c23b424ad7858fe02688d1f729,9db7d32d79024ba6a73c55fde6f55968,0.786525
58f407c23b424ad7858fe02688d1f729,d60986f4025d443ea58adba0e3d224a1,0.758990
58f407c23b424ad7858fe02688d1f729,18ab15fbf00f42f7a410ec75f7592bea,0.753728
6a195a5109304e06ae0423987650f0e5,9db7d32d79024ba6a73c55fde6f55968,0.870032
6a195a5109304e06ae0423987650f0e5,00e9d4081c2f45d1a818bfeab099863a,0.780777
df7a3b9a04ad4297aadb288feabf0c50,3fce01bbc56d49d39f61cba3d17648f2,0.933783
df7a3b9a04ad4297aadb288feabf0c50,e735729c80d84f76a6133c065d5380f8,0.844449
df7a3b9a04ad4297aadb288feabf0c50,33b5e2ae5ebe4f548bac3a00ab0a59eb,0.784246
df7a3b9a04ad4297aadb288feabf0c50,2c8eafa0ff26437a862dc2224ab57073,0.764915
684ba7bd1eae483282be0c8c9c114514,e735729c80d84f76a6133c065d5380f8,0.989015
684ba7bd1eae483282be0c8c9c114514,3fce01bbc56d49d39f61cba3d17648f2,0.817832
684ba7bd1eae483282be0c8c9c114514,714e47cd21e5416f864a4bc938850a72,0.768419
684ba7bd1eae483282be0c8c9c114514,a7077a82d2c74518b96fb45e35f6e150,0.755426
4eda37aa22e54fa2afd5c4d98019ce29,3fce01bbc56d49d39f61cba3d17648f2,0.987136
4eda37aa22e54fa2afd5c4d98019ce29,e735729c80d84f76a6133c065d5380f8,0.814169
4eda37aa22e54fa2afd5c4d98019ce29,2c8eafa0ff26437a862dc2224ab57073,0.788069
3fc9d39c9efc4790b7a0864f44c1e28d,e735729c80d84f76a6133c065d5380f8,0.984244
3fc9d39c9efc4790b7a0864f44c1e28d,3fce01bbc56d49d39f61cba3d17648f2,0.822027
3fc9d39c9efc4790b7a0864f44c1e28d,714e47cd21e5416f864a4bc938850a72,0.772317
492e1ce165734c99ae0c8142231d6cd8,570f08ce2a1a47978eab16bf7ad16a68,0.943361
492e1ce165734c99ae0c8142231d6cd8,d75a52d716984f318f976bbfc7bee787,0.769095
62d16233117346a88248d0c84e37c7d4,563043f180e54e238ad4876974e5db4c,0.777377
62d16233117346a88248d0c84e37c7d4,11e1e3cdfe214385a2c24d0f957dde9b,0.772535
62d16233117346a88248d0c84e37c7d4,bc607fd6000b43108e49b3d05688fe90,0.761629
62d16233117346a88248d0c84e37c7d4,de72d25d08da4b03ac6f6411ce30e07c,0.757557
fc5f6e0b9c084686b8bcffe1870bb6af,23a16d69ffe848d593a4808907d8aa98,0.929948
fc5f6e0b9c084686b8bcffe1870bb6af,34b736136487439389c10cc6bd4e9f4e,0.794500
9544710dc3234bb3a65179dae0115a8c,db620271348d404a9a0b978d96c63f29,0.790001
9544710dc3234bb3a65179dae0115a8c,664da77d25e74df693eaad44a5e7617f,0.781186
9544710dc3234bb3a65179dae0115a8c,291130c42a884be2800e026bab5ddf53,0.777043
9544710dc3234bb3a65179dae0115a8c,59e4dcf2794943b18fb902a6eb475ff8,0.771062
9544710dc3234bb3a65179dae0115a8c,c4e79c8992e54866b0c6f26c55b1a774,0.763497
9544710dc3234bb3a65179dae0115a8c,6f8d80f8673144dfa7a4e09190442ab3,0.758783
d88623101f5740e3bbbb1be949c2c917,cb75c6ef71cb4991805920f2894e0e96,0.939812
d88623101f5740e3bbbb1be949c2c917,6400e3f6a14c492ba399bd414faca075,0.763538
d88623101f5740e3bbbb1be949c2c917,23a16d69ffe848d593a4808907d8aa98,0.756061
3d4bd2285a9441ceb15abaf963002c03,cb75c6ef71cb4991805920f2894e0e96,0.910438
3d4bd2285a9441ceb15abaf963002c03,6400e3f6a14c492ba399bd414faca075,0.762678
3d4bd2285a9441ceb15abaf963002c03,23a16d69ffe848d593a4808907d8aa98,0.754156
fb083ec69f5f42f2881407d2176b5d39,aa082284f9894b5aa210c179d59999b1,0.994976
fb083ec69f5f42f2881407d2176b5d39,db620271348d404a9a0b978d96c63f29,0.814848
fb083ec69f5f42f2881407d2176b5d39,0cdb0f32850f4585a16de4886462bbe0,0.782718
94fac016e63749c8a8f0fdf1fc1a90b5,aa082284f9894b5aa210c179d59999b1,0.990490
94fac016e63749c8a8f0fdf1fc1a90b5,db620271348d404a9a0b978d96c63f29,0.819317
94fac016e63749c8a8f0fdf1fc1a90b5,0cdb0f32850f4585a16de4886462bbe0,0.784097
a4f2a13bd2b54360a921c8ef7366e535,db620271348d404a9a0b978d96c63f29,0.997175
a4f2a13bd2b54360a921c8ef7366e535,aa082284f9894b5aa210c179d59999b1,0.822606
a4f2a13bd2b54360a921c8ef7366e535,dbf0926f9f344f1d88b114660db4d2eb,0.759745
a4f2a13bd2b54360a921c8ef7366e535,6f8d80f8673144dfa7a4e09190442ab3,0.756765
a4f2a13bd2b54360a921c8ef7366e535,c4e79c8992e54866b0c6f26c55b1a774,0.752598
89206a8894c247c8bd87fad37967ca98,db620271348d404a9a0b978d96c63f29,0.993843
89206a8894c247c8bd87fad37967ca98,aa082284f9894b5aa210c179d59999b1,0.815030
89206a8894c247c8bd87fad37967ca98,dbf0926f9f344f1d88b114660db4d2eb,0.759058
89206a8894c247c8bd87fad37967ca98,6f8d80f8673144dfa7a4e09190442ab3,0.753237
4d36c5e5c20443bbab4b51e580bafc21,b44645c11ece4326a45f50fdc5d45dcf,0.961511
4d36c5e5c20443bbab4b51e580bafc21,563043f180e54e238ad4876974e5db4c,0.774715
517675a3a64847439ecd5791a240af4c,52f20bd7eb50430c95f0916727880a1b,0.986508
517675a3a64847439ecd5791a240af4c,27a67d3e76814297aebf64e03d14c336,0.829630
517675a3a64847439ecd5791a240af4c,c2a665cec90e46db8d2a74389beb4649,0.822597
517675a3a64847439ecd5791a240af4c,b3f8b4bec0164d0e81997b4f5a277e8f,0.792798
517675a3a64847439ecd5791a240af4c,3f28365e18244eb28cc7d23de8895956,0.753266
b4a18167b9e44a69bbb49ee2a8709fbe,52f20bd7eb50430c95f0916727880a1b,0.973845
b4a18167b9e44a69bbb49ee2a8709fbe,27a67d3e76814297aebf64e03d14c336,0.830628
b4a18167b9e44a69bbb49ee2a8709fbe,c2a665cec90e46db8d2a74389beb4649,0.828191
b4a18167b9e44a69bbb49ee2a8709fbe,b3f8b4bec0164d0e81997b4f5a277e8f,0.792470
173054bdb88d476dbd153c55b7fabd01,b44645c11ece4326a45f50fdc5d45dcf,0.986298
173054bdb88d476dbd153c55b7fabd01,563043f180e54e238ad4876974e5db4c,0.760979
6676c08920d74d74b3b5e31d76d402b2,249c2d8d8d2345c6990b3c4d94385b5a,0.856367
6676c08920d74d74b3b5e31d76d402b2,b585a2970e9f421da236241f603883f2,0.794331
6676c08920d74d74b3b5e31d76d402b2,8fdee0611965465eb45387b8c39f4136,0.778771
6676c08920d74d74b3b5e31d76d402b2,39e2b00e1cbd471488cf56f31d2cec7f,0.760729
6676c08920d74d74b3b5e31d76d402b2,039a871609044cb1b69f70c082fe61d8,0.760625
6676c08920d74d74b3b5e31d76d402b2,f32f4607b4714e378831f924c5e6084d,0.757201
6676c08920d74d74b3b5e31d76d402b2,9500823cb050427696343b1ea5cf8881,0.753721
0df5d9aef12b4019955ea3f2f0b2adab,f32f4607b4714e378831f924c5e6084d,0.924797
0df5d9aef12b4019955ea3f2f0b2adab,249c2d8d8d2345c6990b3c4d94385b5a,0.792923
0df5d9aef12b4019955ea3f2f0b2adab,39e2b00e1cbd471488cf56f31d2cec7f,0.783462
0df5d9aef12b4019955ea3f2f0b2adab,e88ce4cd350f43398a5c0ab8629cee72,0.768250
0df5d9aef12b4019955ea3f2f0b2adab,19098957d8c24cab95daa30c2baefd8f,0.758658
9e0acd98c27a49b196d2c555deba2f0e,f32f4607b4714e378831f924c5e6084d,0.953683
9e0acd98c27a49b196d2c555deba2f0e,249c2d8d8d2345c6990b3c4d94385b5a,0.787212
9e0acd98c27a49b196d2c555deba2f0e,19098957d8c24cab95daa30c2baefd8f,0.759034
9e0acd98c27a49b196d2c555deba2f0e,39e2b00e1cbd471488cf56f31d2cec7f,0.754012
54c5b5744a704151830ff16cf8883786,,
b9de30f0928f4adbbd9e64f944ab0805,f335a944a27a4504a82ecf70c2d4a5e4,0.969661
b9de30f0928f4adbbd9e64f944ab0805,0cdb0f32850f4585a16de4886462bbe0,0.829878
b9de30f0928f4adbbd9e64f944ab0805,cd6ce920d00e4d17a6cf04f9f7e550b7,0.785370
b9de30f0928f4adbbd9e64f944ab0805,be8953cc364d46cebbcc2c2da2c348ab,0.774230
b9de30f0928f4adbbd9e64f944ab0805,e06d08ff594a4acbac12edf579743fcf,0.771164
b9de30f0928f4adbbd9e64f944ab0805,076e2669c305401fb3afcfafdd6c79c7,0.767772
b9de30f0928f4adbbd9e64f944ab0805,4e22dc65beb7450b9260cf27e50919e4,0.760655
1700d60558f04c2581e0c6ecac9ca03f,e06d08ff594a4acbac12edf579743fcf,0.987376
1700d60558f04c2581e0c6ecac9ca03f,be8953cc364d46cebbcc2c2da2c348ab,0.858380
1700d60558f04c2581e0c6ecac9ca03f,403835bbf2f1447188bcc78e062b0028,0.775049
1700d60558f04c2581e0c6ecac9ca03f,f335a944a27a4504a82ecf70c2d4a5e4,0.768619
1700d60558f04c2581e0c6ecac9ca03f,0c889c151e094b948c13b0275e660a9c,0.761394
1700d60558f04c2581e0c6ecac9ca03f,7584980704ae4617bb27ca162cc9c5db,0.756913
f8ebc027345b4689839fa22c303c1bbc,e06d08ff594a4acbac12edf579743fcf,0.963860
f8ebc027345b4689839fa22c303c1bbc,be8953cc364d46cebbcc2c2da2c348ab,0.838906
f8ebc027345b4689839fa22c303c1bbc,403835bbf2f1447188bcc78e062b0028,0.768193
f8ebc027345b4689839fa22c303c1bbc,f335a944a27a4504a82ecf70c2d4a5e4,0.757269
f8ebc027345b4689839fa22c303c1bbc,7584980704ae4617bb27ca162cc9c5db,0.757012
f8ebc027345b4689839fa22c303c1bbc,0c889c151e094b948c13b0275e660a9c,0.754923
a815375295944d72bbd877ca7675981a,f335a944a27a4504a82ecf70c2d4a5e4,0.984373
a815375295944d72bbd877ca7675981a,0cdb0f32850f4585a16de4886462bbe0,0.826144
a815375295944d72bbd877ca7675981a,cd6ce920d00e4d17a6cf04f9f7e550b7,0.782528
a815375295944d72bbd877ca7675981a,e06d08ff594a4acbac12edf579743fcf,0.774687
a815375295944d72bbd877ca7675981a,be8953cc364d46cebbcc2c2da2c348ab,0.764447
a5eb956f41154b2fa05333dc5f91564d,e5a3c8867e44498d9182e8be934e0fce,0.919595
a5eb956f41154b2fa05333dc5f91564d,cf7476d6c96b4dcdb6f025b9291eb62b,0.827096
a5eb956f41154b2fa05333dc5f91564d,7226603f024c45c6a6e44b00e52e8aad,0.755208
32ca729048eb46ea82cfabc322b2f07f,cf7476d6c96b4dcdb6f025b9291eb62b,0.945692
32ca729048eb46ea82cfabc322b2f07f,e5a3c8867e44498d9182e8be934e0fce,0.814988
32ca729048eb46ea82cfabc322b2f07f,0e8487b2e6a2439b9e6623a1e2e5e19d,0.797285
4b03b491a7324ddea5bf28db91e66254,cf7476d6c96b4dcdb6f025b9291eb62b,0.954814
4b03b491a7324ddea5bf28db91e66254,e5a3c8867e44498d9182e8be934e0fce,0.817780
4b03b491a7324ddea5bf28db91e66254,0e8487b2e6a2439b9e6623a1e2e5e19d,0.789039
6ee636f0481140ed9b0077791aba92b0,e5a3c8867e44498d9182e8be934e0fce,0.919863
6ee636f0481140ed9b0077791aba92b0,cf7476d6c96b4dcdb6f025b9291eb62b,0.833495
6ee636f0481140ed9b0077791aba92b0,7226603f024c45c6a6e44b00e52e8aad,0.766627
9e69ec4a3364489c92dd79eb57e83d54,d33407004b9e433a9d4147cfe6584d36,0.935169
e3d8f037fbe5491eba85d08b7dc5cab4,d33407004b9e433a9d4147cfe6584d36,0.925183
2e92d21d8386472cb7ae95c21ba476ec,5f481b07f9734f518a14853831233b78,0.962739
2e92d21d8386472cb7ae95c21ba476ec,1e376f9d0945477983c8d851e4b2cf5e,0.766198
2e92d21d8386472cb7ae95c21ba476ec,ad42c467d0fe43dbb328073f9a16bc4d,0.756410
2e92d21d8386472cb7ae95c21ba476ec,b8da01ceddcb45a491a288ddbc658e90,0.754609
d0e2f6816e1d46c4896a92a770a52d13,5f481b07f9734f518a14853831233b78,0.975597
d0e2f6816e1d46c4896a92a770a52d13,ad42c467d0fe43dbb328073f9a16bc4d,0.783189
d0e2f6816e1d46c4896a92a770a52d13,1e376f9d0945477983c8d851e4b2cf5e,0.775098
9db1e0ae9d1e4b078283f3e4fce188a9,4c36aafaf38f4e9e9e09991737196fe1,0.970216
9db1e0ae9d1e4b078283f3e4fce188a9,cb550e5ff4694fe9a19eaa6588cef250,0.818117
9db1e0ae9d1e4b078283f3e4fce188a9,3766b26b53874893ae48693880e1942c,0.808598
9db1e0ae9d1e4b078283f3e4fce188a9,54e9bbd0093947a3bda5fef48ef7493d,0.806287
9db1e0ae9d1e4b078283f3e4fce188a9,57bcda73abab44ee930b20cdaee9d24b,0.802736
9db1e0ae9d1e4b078283f3e4fce188a9,2f0401170d104b47b0a8f087f69dee88,0.788579
9db1e0ae9d1e4b078283f3e4fce188a9,a0408a6462b24cf18e50a8616359d5ad,0.782271
9db1e0ae9d1e4b078283f3e4fce188a9,59f62d35b1ad451397b700b3dad25448,0.782181
9db1e0ae9d1e4b078283f3e4fce188a9,878e5c41be5c477e9f660ca361fdd727,0.781450
9db1e0ae9d1e4b078283f3e4fce188a9,98fbdf945d0c4206a48a4f7260e56017,0.780530
b3e9c337e43d4153aebe5720e9cd3974,4c36aafaf38f4e9e9e09991737196fe1,0.863491
b3e9c337e43d4153aebe5720e9cd3974,54e9bbd0093947a3bda5fef48ef7493d,0.790024
b3e9c337e43d4153aebe5720e9cd3974,a0408a6462b24cf18e50a8616359d5ad,0.771558
b3e9c337e43d4153aebe5720e9cd3974,cb550e5ff4694fe9a19eaa6588cef250,0.758846
b3e9c337e43d4153aebe5720e9cd3974,878e5c41be5c477e9f660ca361fdd727,0.757546
b3e9c337e43d4153aebe5720e9cd3974,57bcda73abab44ee930b20cdaee9d24b,0.754925
b3e9c337e43d4153aebe5720e9cd3974,3766b26b53874893ae48693880e1942c,0.753243
b3e9c337e43d4153aebe5720e9cd3974,a4af9472683c4df0a86f9400c99c2b61,0.752998
6826037354894b81a24d3dc9a4983acb,,
dc99c006397e40808ab1f016fa44006f,b626eb67c2e14afeae2846bb150976f3,0.883134
4993ef4ea7ef4074bc9bfda10fc761b9,7d6122daabe442ffb5e57ece1882e714,0.847093
4993ef4ea7ef4074bc9bfda10fc761b9,5760084aabef4d8095b2d21902151f64,0.769143
4993ef4ea7ef4074bc9bfda10fc761b9,1f9cd7f2b7a14e2f8d490a104a56edcd,0.759166
c7eab26c996245a3ab077b730a658580,1f9cd7f2b7a14e2f8d490a104a56edcd,0.947086
c7eab26c996245a3ab077b730a658580,7d6122daabe442ffb5e57ece1882e714,0.814708
b675a73977ed4edbbe06ed1ed956190f,b626eb67c2e14afeae2846bb150976f3,0.815412
b675a73977ed4edbbe06ed1ed956190f,7d6122daabe442ffb5e57ece1882e714,0.760969
cebedb652e6442cfb5750e4bbec52862,1f9cd7f2b7a14e2f8d490a104a56edcd,0.914650
085ac28270ca429689a32df3a4583773,c4b9d7a8d5d342459d2282589b3af293,0.813712
085ac28270ca429689a32df3a4583773,98b2022b2cb84af09ee8b789db928b13,0.809827
085ac28270ca429689a32df3a4583773,e429a2e164a24919a12edcc8d4ea8f09,0.798352
085ac28270ca429689a32df3a4583773,afaf2edba0ee4d58860a5a04e4aabc5c,0.797599
085ac28270ca429689a32df3a4583773,e53dd6188816429ab915de6f9649a026,0.785294
085ac28270ca429689a32df3a4583773,3c0f3b44c0844df49b5898406fe9195a,0.770488
085ac28270ca429689a32df3a4583773,6c51b4f57ba0415f994756e944b11cee,0.770263
085ac28270ca429689a32df3a4583773,66690895454847fea5a000202fbfab2e,0.766901
085ac28270ca429689a32df3a4583773,119a6d7b4af3458b951fc1c5ab5e1738,0.756112
085ac28270ca429689a32df3a4583773,f37d285ad0de42f0b1546d0d1acfb221,0.754827
e03daa7cd69147cf9ffcfe59b6f1ff74,c4b9d7a8d5d342459d2282589b3af293,0.817737
e03daa7cd69147cf9ffcfe59b6f1ff74,98b2022b2cb84af09ee8b789db928b13,0.803905
e03daa7cd69147cf9ffcfe59b6f1ff74,e429a2e164a24919a12edcc8d4ea8f09,0.803541
e03daa7cd69147cf9ffcfe59b6f1ff74,afaf2edba0ee4d58860a5a04e4aabc5c,0.799754
e03daa7cd69147cf9ffcfe59b6f1ff74,e53dd6188816429ab915de6f9649a026,0.779207
e03daa7cd69147cf9ffcfe59b6f1ff74,3c0f3b44c0844df49b5898406fe9195a,0.770683
e03daa7cd69147cf9ffcfe59b6f1ff74,6c51b4f57ba0415f994756e944b11cee,0.764144
e03daa7cd69147cf9ffcfe59b6f1ff74,66690895454847fea5a000202fbfab2e,0.761447
e03daa7cd69147cf9ffcfe59b6f1ff74,f37d285ad0de42f0b1546d0d1acfb221,0.756350
e03daa7cd69147cf9ffcfe59b6f1ff74,119a6d7b4af3458b951fc1c5ab5e1738,0.754829
7076a0387a924dc1b928b55750f64916,75801225047a4c019100660c13f1e0f1,0.988988
7076a0387a924dc1b928b55750f64916,bdb0d45caa2a4943959f8f501e51132b,0.768019
0da0ce17055e4ce4aad17bba3493ecf3,c4b9d7a8d5d342459d2282589b3af293,0.976374
0da0ce17055e4ce4aad17bba3493ecf3,e429a2e164a24919a12edcc8d4ea8f09,0.830953
0da0ce17055e4ce4aad17bba3493ecf3,98b2022b2cb84af09ee8b789db928b13,0.790123
0da0ce17055e4ce4aad17bba3493ecf3,e53dd6188816429ab915de6f9649a026,0.765861
a1de5e13c3de409baec25b9625277294,b33a0f5b564a4942b04046ab7a8e2aae,0.942650
a1de5e13c3de409baec25b9625277294,7f0a68d19d2e4850846ffc08c47ed87d,0.809858
a1de5e13c3de409baec25b9625277294,bce599075dfd4fac8dd78626106e3071,0.796082
a1de5e13c3de409baec25b9625277294,1b827db6f6cf4ecb850928c2f9e41de2,0.788473
59d5b8a0cae447e3aa9d4441af278166,7f0a68d19d2e4850846ffc08c47ed87d,0.947618
59d5b8a0cae447e3aa9d4441af278166,b33a0f5b564a4942b04046ab7a8e2aae,0.816762
59d5b8a0cae447e3aa9d4441af278166,1b827db6f6cf4ecb850928c2f9e41de2,0.796512
0c4b7eb545d746869c5419772a6e4392,b33a0f5b564a4942b04046ab7a8e2aae,0.957698
0c4b7eb545d746869c5419772a6e4392,7f0a68d19d2e4850846ffc08c47ed87d,0.815399
0c4b7eb545d746869c5419772a6e4392,bce599075dfd4fac8dd78626106e3071,0.810809
0c4b7eb545d746869c5419772a6e4392,1b827db6f6cf4ecb850928c2f9e41de2,0.802269
ee5f151fd75d45ea92a20e50b7471a5b,7f0a68d19d2e4850846ffc08c47ed87d,0.910021
ee5f151fd75d45ea92a20e50b7471a5b,b33a0f5b564a4942b04046ab7a8e2aae,0.816713
ee5f151fd75d45ea92a20e50b7471a5b,1b827db6f6cf4ecb850928c2f9e41de2,0.782236
2a1dd0d4a81843bea554bae66ecf0521,,
eccd7d9de8ca4ef5b452f90014314ff9,,
53690105d8d9451da2c18448738ecbc1,1da8cc33bb474411ae16db0233210125,0.965592
904b4babc35a4e22bf243f52a41e9034,5a9a716f53364389864a4018d9e9c6c0,0.940447
904b4babc35a4e22bf243f52a41e9034,5605fa1188974644937bbf92fec50e21,0.767885
4ec8d6459f8e4b49af04fd8199016f22,0d0973762130427eaa2ce9a7a34517db,0.944711
4ec8d6459f8e4b49af04fd8199016f22,b69c17a10a55494d8caa56c33e8f4a56,0.761914
4ec8d6459f8e4b49af04fd8199016f22,c2b49382e2f34b1c90013236a5fbaef0,0.756559
4ec8d6459f8e4b49af04fd8199016f22,e43d8e7bc32f406b9a692e2604f5b45a,0.756454
4ec8d6459f8e4b49af04fd8199016f22,c78547bdc2e64ac8935559f7de2efd41,0.753964
c50dedd60aba419c9533edaeaa3946ce,0d0973762130427eaa2ce9a7a34517db,0.946806
c50dedd60aba419c9533edaeaa3946ce,b69c17a10a55494d8caa56c33e8f4a56,0.768032
c50dedd60aba419c9533edaeaa3946ce,c78547bdc2e64ac8935559f7de2efd41,0.765030
c50dedd60aba419c9533edaeaa3946ce,c2b49382e2f34b1c90013236a5fbaef0,0.758119
e4692df5d1fc4cccbb1af7348c9844e7,5a9a716f53364389864a4018d9e9c6c0,0.986343
e4692df5d1fc4cccbb1af7348c9844e7,5605fa1188974644937bbf92fec50e21,0.763932
0acc73aefb2c4bd4ac88e33303c8f082,8d595c7da42545c88052e7b213b6c97c,0.942787
0acc73aefb2c4bd4ac88e33303c8f082,99a52c93a3304ec18dab9206f98f2a8b,0.781196
c3b65a8844a544c6a4819d750555f39c,8d595c7da42545c88052e7b213b6c97c,0.950000
c3b65a8844a544c6a4819d750555f39c,99a52c93a3304ec18dab9206f98f2a8b,0.792568
c3b65a8844a544c6a4819d750555f39c,643fbbdd6b764ba9904a4ee67a86b9fd,0.771368
c3b65a8844a544c6a4819d750555f39c,e511c40ca6324803b5021e47b4e777f8,0.757039
c3b65a8844a544c6a4819d750555f39c,89e983dca0a34b768e17b3871b9cea1e,0.756712
3ec39a285da042a1bb003186e6c26bdc,19593c97fef0474dbe6051e28338f1e9,0.941467
7abfc7f5744b4188b357bacc5c42c49e,5537ddec608a4ec586ea068fa27547ca,0.798334
7abfc7f5744b4188b357bacc5c42c49e,ffc5805e29a74be0a55b40318aa321d7,0.780853
7abfc7f5744b4188b357bacc5c42c49e,8d595c7da42545c88052e7b213b6c97c,0.767458
7abfc7f5744b4188b357bacc5c42c49e,de6ac628a786435f9925c8cc1d707d6b,0.752691
9405bc1ec9c249e080970a1f105edabe,ed4449952a9e45339b76fc5f123cb917,0.910350
1fe6a337c9114514b3e8dd154c2bda5b,599feb1e512c43ad8c0a1845922acf78,0.909054
1fe6a337c9114514b3e8dd154c2bda5b,7dd5e88dfdd24cafab2c765939757354,0.784855
1fe6a337c9114514b3e8dd154c2bda5b,df0c94234d9d4890b5b4b95c441b3e9a,0.781578
31557bdb4eee40258e47e89e445b788a,ed4449952a9e45339b76fc5f123cb917,0.921143
73dbecd0253544b594d72bdfb45f3f7e,599feb1e512c43ad8c0a1845922acf78,0.903354
73dbecd0253544b594d72bdfb45f3f7e,df0c94234d9d4890b5b4b95c441b3e9a,0.774823
73dbecd0253544b594d72bdfb45f3f7e,7dd5e88dfdd24cafab2c765939757354,0.769467
e6d9f19b6de24f86aa66f9c5fd05e823,e1c63000ace94c1d9381d82389fe6afd,0.953912
e6d9f19b6de24f86aa66f9c5fd05e823,99ba4cc9355f4d79a68bc69ac12a716f,0.760570
81cace07bfd24a26846b03e46c6ad161,99ba4cc9355f4d79a68bc69ac12a716f,0.928659
81cace07bfd24a26846b03e46c6ad161,eff24b01b2f5428baa4c3fef6cb40d41,0.796736
81cace07bfd24a26846b03e46c6ad161,e1c63000ace94c1d9381d82389fe6afd,0.787353
81cace07bfd24a26846b03e46c6ad161,7ab9086baf99475d8c93862a7dd36344,0.771209
81cace07bfd24a26846b03e46c6ad161,2b039224b54142d185a406b31fe01de2,0.770038
81cace07bfd24a26846b03e46c6ad161,a64f6232ee1e4357937008a327a63cf4,0.765886
81cace07bfd24a26846b03e46c6ad161,ffe2740eee8c49b39b2ce41f9983bcb4,0.760249
90e717813d404c9f925935c7cfaf747d,99ba4cc9355f4d79a68bc69ac12a716f,0.991853
90e717813d404c9f925935c7cfaf747d,e1c63000ace94c1d9381d82389fe6afd,0.788244
e5fa255c55ca4255a1a6ad8c11fe54a0,230b9ef63ea240e9b61a18f41473f942,0.960407
e5fa255c55ca4255a1a6ad8c11fe54a0,43ee0103cba54b4e9d165717735ca0f6,0.782938
e5fa255c55ca4255a1a6ad8c11fe54a0,c1d504dfeded4b8bb3c07777b7c7abde,0.757019
e5fa255c55ca4255a1a6ad8c11fe54a0,0c9c05f86aa042abbdd66d2b2d05d374,0.753142
e62461979ead477d9cc7f369964f28d9,e1c63000ace94c1d9381d82389fe6afd,0.825227
e62461979ead477d9cc7f369964f28d9,5e2f1a45f7174f1aa39a194179985876,0.764765
5a783edaf5cc4401bef507ec0bf50b74,724a3f6551e74ad585bdeac9a75fd639,0.947109
5a783edaf5cc4401bef507ec0bf50b74,8683a3ad55d84a78834fabe20cde5269,0.787538
5a783edaf5cc4401bef507ec0bf50b74,e2e0c8c96aff4c00896ac6986bbb20c2,0.778156
5a783edaf5cc4401bef507ec0bf50b74,b675be39e8ff421aa59811f146da945b,0.777802
5a783edaf5cc4401bef507ec0bf50b74,f92d16d3a970487094292439c3e00923,0.760458
07ede7933f83489091e7ac09e75bd135,724a3f6551e74ad585bdeac9a75fd639,0.958505
07ede7933f83489091e7ac09e75bd135,b675be39e8ff421aa59811f146da945b,0.808749
07ede7933f83489091e7ac09e75bd135,e2e0c8c96aff4c00896ac6986bbb20c2,0.795271
07ede7933f83489091e7ac09e75bd135,f92d16d3a970487094292439c3e00923,0.793689
07ede7933f83489091e7ac09e75bd135,8683a3ad55d84a78834fabe20cde5269,0.792071
07ede7933f83489091e7ac09e75bd135,eeb3b60f34af40de850e065b475d8180,0.778793
07ede7933f83489091e7ac09e75bd135,4e4495962a9b4864882397042f1a2b3e,0.775598
07ede7933f83489091e7ac09e75bd135,097f2ce3b88c4d008488b9908076497e,0.766901
07ede7933f83489091e7ac09e75bd135,0f52f676197e4d4e92dec0a7bc4c4f7d,0.759521
07ede7933f83489091e7ac09e75bd135,bbdf9065122d499d9d8f80ad3e0ef6f3,0.756699
e0a1bb27279d4bb8ac27a733753d7c54,9500823cb050427696343b1ea5cf8881,0.965579
e0a1bb27279d4bb8ac27a733753d7c54,da88fa5efc674368b593444ca950dff9,0.830314
e0a1bb27279d4bb8ac27a733753d7c54,5455e62f52ae4e03b2a5d0e8b9899506,0.816488
e0a1bb27279d4bb8ac27a733753d7c54,f91157bb8fca4a8e98db33591a76be9a,0.773299
e0a1bb27279d4bb8ac27a733753d7c54,e9428816b054499298745b742f128f65,0.768779
e0a1bb27279d4bb8ac27a733753d7c54,ef511457ee7c490c8e10eccf6e18fef6,0.767630
e0a1bb27279d4bb8ac27a733753d7c54,521004289ebc4e6da6623381d40a5e73,0.762823
e0a1bb27279d4bb8ac27a733753d7c54,7c061d36393540b49e20d98086bdb5bd,0.761598
e0a1bb27279d4bb8ac27a733753d7c54,3f23eafbd9cc4e209aca631fd6fc9dfd,0.761500
e0a1bb27279d4bb8ac27a733753d7c54,d60986f4025d443ea58adba0e3d224a1,0.759332
8d21526a81804f01b67fc9c7431368d4,9500823cb050427696343b1ea5cf8881,0.972691
8d21526a81804f01b67fc9c7431368d4,da88fa5efc674368b593444ca950dff9,0.821411
8d21526a81804f01b67fc9c7431368d4,5455e62f52ae4e03b2a5d0e8b9899506,0.817157
8d21526a81804f01b67fc9c7431368d4,ef511457ee7c490c8e10eccf6e18fef6,0.778451
8d21526a81804f01b67fc9c7431368d4,f91157bb8fca4a8e98db33591a76be9a,0.772280
8d21526a81804f01b67fc9c7431368d4,3f23eafbd9cc4e209aca631fd6fc9dfd,0.768708
8d21526a81804f01b67fc9c7431368d4,7c061d36393540b49e20d98086bdb5bd,0.766179
8d21526a81804f01b67fc9c7431368d4,e9428816b054499298745b742f128f65,0.764947
8d21526a81804f01b67fc9c7431368d4,d60986f4025d443ea58adba0e3d224a1,0.763056
e099db4616e745afa30336180e470463,039a871609044cb1b69f70c082fe61d8,0.986039
e099db4616e745afa30336180e470463,be70e49b76c24527b4fddfb6b78b6d8d,0.842227
e099db4616e745afa30336180e470463,5455e62f52ae4e03b2a5d0e8b9899506,0.810720
e099db4616e745afa30336180e470463,ad3d372fbf054ea1ad06cfcb7490df4b,0.764266
e099db4616e745afa30336180e470463,5c644b51b1394a7b8fa0a9a6275c422d,0.759077
4d9da4498edb406687e88c877d40d0b5,af648fa7ac6c4c50a246de470329cd83,0.976768
4d9da4498edb406687e88c877d40d0b5,afac6ae28fac41dabae96696990c5555,0.866541
4d9da4498edb406687e88c877d40d0b5,bb6ecabbce1b43d997d00d7acdc95193,0.856312
4d9da4498edb406687e88c877d40d0b5,8c5f38853679436ba434b6a696e43168,0.837478
4d9da4498edb406687e88c877d40d0b5,1d93c07de74c482ebf0a76ec564c3252,0.827623
4d9da4498edb406687e88c877d40d0b5,fc70a4c2c4834e0eba1a14470f563b03,0.818398
4d9da4498edb406687e88c877d40d0b5,8ad1f345ca194b29bde0a924f27b2de5,0.815020
4d9da4498edb406687e88c877d40d0b5,4230775a9d51448396cacb9061f0e5f9,0.813760
4d9da4498edb406687e88c877d40d0b5,13aca0959cc948cabeee0d7255f55a65,0.807749
4d9da4498edb406687e88c877d40d0b5,b01fd4d037a84a7aa777e1fc345c73c5,0.804384
1878f6ecc3cd4ae098c87cb8f6d6f75f,af648fa7ac6c4c50a246de470329cd83,0.979079
1878f6ecc3cd4ae098c87cb8f6d6f75f,afac6ae28fac41dabae96696990c5555,0.858536
1878f6ecc3cd4ae098c87cb8f6d6f75f,bb6ecabbce1b43d997d00d7acdc95193,0.851583
1878f6ecc3cd4ae098c87cb8f6d6f75f,8c5f38853679436ba434b6a696e43168,0.834908
1878f6ecc3cd4ae098c87cb8f6d6f75f,fc70a4c2c4834e0eba1a14470f563b03,0.822464
1878f6ecc3cd4ae098c87cb8f6d6f75f,1d93c07de74c482ebf0a76ec564c3252,0.819175
1878f6ecc3cd4ae098c87cb8f6d6f75f,8ad1f345ca194b29bde0a924f27b2de5,0.812397
1878f6ecc3cd4ae098c87cb8f6d6f75f,13aca0959cc948cabeee0d7255f55a65,0.808577
1878f6ecc3cd4ae098c87cb8f6d6f75f,4230775a9d51448396cacb9061f0e5f9,0.806110
1878f6ecc3cd4ae098c87cb8f6d6f75f,b01fd4d037a84a7aa777e1fc345c73c5,0.802406
122f81ffea0d4ee8a8e0e80dabd6753a,afac6ae28fac41dabae96696990c5555,0.991811
122f81ffea0d4ee8a8e0e80dabd6753a,af648fa7ac6c4c50a246de470329cd83,0.873413
122f81ffea0d4ee8a8e0e80dabd6753a,bb6ecabbce1b43d997d00d7acdc95193,0.866163
122f81ffea0d4ee8a8e0e80dabd6753a,d7618b61a65a4bc1a0d0f2cc1bddc448,0.855637
122f81ffea0d4ee8a8e0e80dabd6753a,4230775a9d51448396cacb9061f0e5f9,0.853969
122f81ffea0d4ee8a8e0e80dabd6753a,fe363cef357840fcb35f320fe7c27e4e,0.845829
122f81ffea0d4ee8a8e0e80dabd6753a,fc70a4c2c4834e0eba1a14470f563b03,0.845672
122f81ffea0d4ee8a8e0e80dabd6753a,1d93c07de74c482ebf0a76ec564c3252,0.839155
122f81ffea0d4ee8a8e0e80dabd6753a,116f6c1f0cb54312986a0a729508a33e,0.838635
122f81ffea0d4ee8a8e0e80dabd6753a,a8904adcdd21495f890bc614bfdbf86f,0.837320
341c198c08bf4223af06fe1151b3d336,afac6ae28fac41dabae96696990c5555,0.974469
341c198c08bf4223af06fe1151b3d336,bb6ecabbce1b43d997d00d7acdc95193,0.870251
341c198c08bf4223af06fe1151b3d336,af648fa7ac6c4c50a246de470329cd83,0.851047
341c198c08bf4223af06fe1151b3d336,fe363cef357840fcb35f320fe7c27e4e,0.847036
341c198c08bf4223af06fe1151b3d336,fc70a4c2c4834e0eba1a14470f563b03,0.839929
341c198c08bf4223af06fe1151b3d336,4230775a9d51448396cacb9061f0e5f9,0.836256
341c198c08bf4223af06fe1151b3d336,d7618b61a65a4bc1a0d0f2cc1bddc448,0.833517
341c198c08bf4223af06fe1151b3d336,8c5f38853679436ba434b6a696e43168,0.833117
341c198c08bf4223af06fe1151b3d336,1d93c07de74c482ebf0a76ec564c3252,0.829584
341c198c08bf4223af06fe1151b3d336,116f6c1f0cb54312986a0a729508a33e,0.825713
6936423214e640f58de191bcbb19cfc0,2ece45504eff42469c104dc2a2d03caf,0.916759
6936423214e640f58de191bcbb19cfc0,db620271348d404a9a0b978d96c63f29,0.777469
6936423214e640f58de191bcbb19cfc0,dbf0926f9f344f1d88b114660db4d2eb,0.763241
6936423214e640f58de191bcbb19cfc0,6f8d80f8673144dfa7a4e09190442ab3,0.760032
6936423214e640f58de191bcbb19cfc0,f12e9e5805534d719f829332d1ea5d29,0.758577
c0ca5bae25e84345bcf7f81daaa9a287,2ece45504eff42469c104dc2a2d03caf,0.871740
c0ca5bae25e84345bcf7f81daaa9a287,db620271348d404a9a0b978d96c63f29,0.782676
c0ca5bae25e84345bcf7f81daaa9a287,6f8d80f8673144dfa7a4e09190442ab3,0.781515
c0ca5bae25e84345bcf7f81daaa9a287,dbf0926f9f344f1d88b114660db4d2eb,0.778468
c0ca5bae25e84345bcf7f81daaa9a287,aa082284f9894b5aa210c179d59999b1,0.759299
ca2cd162b500466a989318642fa8e5e8,6f8d80f8673144dfa7a4e09190442ab3,0.954104
ca2cd162b500466a989318642fa8e5e8,dbf0926f9f344f1d88b114660db4d2eb,0.773325
5eea07beb98f41d89ef2eb45e27d65dc,6f8d80f8673144dfa7a4e09190442ab3,0.941092
5eea07beb98f41d89ef2eb45e27d65dc,dbf0926f9f344f1d88b114660db4d2eb,0.760601
75f3f9e03bd5407ba9a8ed4058d70b42,9c69642fab6749848e7ea7f5406a6da4,0.921316
134c16196b09479bb303d2505e8029e3,9c69642fab6749848e7ea7f5406a6da4,0.948331
62f621f26198469bbe4acc3c211ac044,52ee59901f3b4de884d7a6720538aed6,0.893096
62f621f26198469bbe4acc3c211ac044,5537ddec608a4ec586ea068fa27547ca,0.779822
62f621f26198469bbe4acc3c211ac044,ffc5805e29a74be0a55b40318aa321d7,0.774305
62f621f26198469bbe4acc3c211ac044,23a16d69ffe848d593a4808907d8aa98,0.766686
62f621f26198469bbe4acc3c211ac044,34b736136487439389c10cc6bd4e9f4e,0.753075
e9102a403ab3412e96b169e8b54422da,9c69642fab6749848e7ea7f5406a6da4,0.765066
dc99976a66254d64893ce4ea5c1381f9,b8995466f0eb4e7ba141e23216e8b974,0.972826
dc99976a66254d64893ce4ea5c1381f9,0092d1d820c64646b8bee9fd14f77acf,0.816805
dc99976a66254d64893ce4ea5c1381f9,c750a2994555414790abb3281572bb42,0.772044
dc99976a66254d64893ce4ea5c1381f9,2ea3b46262e649f79900258cd90cce31,0.771443
a837b40016284aef83d53d8096b2f4c1,c750a2994555414790abb3281572bb42,0.966499
a837b40016284aef83d53d8096b2f4c1,0092d1d820c64646b8bee9fd14f77acf,0.765206
066e11859105406c8b337a9c79f27900,c750a2994555414790abb3281572bb42,0.964247
066e11859105406c8b337a9c79f27900,0092d1d820c64646b8bee9fd14f77acf,0.785133
066e11859105406c8b337a9c79f27900,b8995466f0eb4e7ba141e23216e8b974,0.768159
eacbaee168e04572a043403932038ea4,d361a9e414fb41c1a605200d9cbba496,0.878971
eacbaee168e04572a043403932038ea4,43ee0103cba54b4e9d165717735ca0f6,0.757665
87525176aae14b4594b3cc3538652572,43ee0103cba54b4e9d165717735ca0f6,0.866475
87525176aae14b4594b3cc3538652572,230b9ef63ea240e9b61a18f41473f942,0.756068
6f4c5ace8efc459ea9630b048d4f0f65,da14e9dc2c3d4963b725de8102de5028,0.986495
6f4c5ace8efc459ea9630b048d4f0f65,ba8d0208e32e42969bd4349cf24f6ed1,0.879376
6f4c5ace8efc459ea9630b048d4f0f65,d9096650c434432c871effeca9acd5c6,0.829673
6f4c5ace8efc459ea9630b048d4f0f65,a055f8188384479a8bad418f7dffd9a5,0.822180
6f4c5ace8efc459ea9630b048d4f0f65,0b57f893483647c3aed811775a4c4c04,0.813134
6f4c5ace8efc459ea9630b048d4f0f65,f8e7f9688fd546829da579434180ffee,0.803511
6f4c5ace8efc459ea9630b048d4f0f65,f2cfa68a47ce4a43a0fe1cc7dc860418,0.783160
6f4c5ace8efc459ea9630b048d4f0f65,d0e41bf891254ba0872f1641139f84f6,0.778630
6f4c5ace8efc459ea9630b048d4f0f65,baad022010b44fad8d8410869d909fd1,0.770969
6f4c5ace8efc459ea9630b048d4f0f65,5fc200cab89346658c9c91cce27e85fe,0.766116
492fe644141442369b9490599c32871c,baad022010b44fad8d8410869d909fd1,0.799959
492fe644141442369b9490599c32871c,f2cfa68a47ce4a43a0fe1cc7dc860418,0.776157
492fe644141442369b9490599c32871c,dbf0926f9f344f1d88b114660db4d2eb,0.763852
492fe644141442369b9490599c32871c,2070754bb5dd4a248be9c2a6a1a9d381,0.752760
c5430389b16b4cef9f052e00355bb0bd,da14e9dc2c3d4963b725de8102de5028,0.983533
c5430389b16b4cef9f052e00355bb0bd,ba8d0208e32e42969bd4349cf24f6ed1,0.872305
c5430389b16b4cef9f052e00355bb0bd,d9096650c434432c871effeca9acd5c6,0.823783
c5430389b16b4cef9f052e00355bb0bd,a055f8188384479a8bad418f7dffd9a5,0.820918
c5430389b16b4cef9f052e00355bb0bd,0b57f893483647c3aed811775a4c4c04,0.808823
c5430389b16b4cef9f052e00355bb0bd,f8e7f9688fd546829da579434180ffee,0.796168
c5430389b16b4cef9f052e00355bb0bd,f2cfa68a47ce4a43a0fe1cc7dc860418,0.782784
c5430389b16b4cef9f052e00355bb0bd,baad022010b44fad8d8410869d909fd1,0.771301
c5430389b16b4cef9f052e00355bb0bd,d0e41bf891254ba0872f1641139f84f6,0.771209
c5430389b16b4cef9f052e00355bb0bd,5fc200cab89346658c9c91cce27e85fe,0.759032
fe4ef0b1b959405da9233fffe5a1a8ba,,
8b45a559d8f643aabfc6ce1311e615f6,c588868fc3fd4e87a7cddf1ceb00b022,0.980793
8b45a559d8f643aabfc6ce1311e615f6,e4fcd30261804b089efa940359057ba2,0.777110
8b45a559d8f643aabfc6ce1311e615f6,9460474d89704a68aaa6ccb62310ae3d,0.763606
923cdbcba1f440f0b8e680f9bbe84bc0,2c3599a1611644f4908562f8fb8870d3,0.987317
923cdbcba1f440f0b8e680f9bbe84bc0,b8da01ceddcb45a491a288ddbc658e90,0.763807
923cdbcba1f440f0b8e680f9bbe84bc0,1578afd6ce694d46ab6e24f965f51fd6,0.763485
923cdbcba1f440f0b8e680f9bbe84bc0,9fd4c00672d84215b3e21812aef3d6ac,0.761251
923cdbcba1f440f0b8e680f9bbe84bc0,9dd98c9126c44642a20711729f2e731e,0.753780
ce803c95614a408cbf9b99166b3a9db0,2c3599a1611644f4908562f8fb8870d3,0.951140
ce803c95614a408cbf9b99166b3a9db0,b8da01ceddcb45a491a288ddbc658e90,0.772195
ce803c95614a408cbf9b99166b3a9db0,b98519f97e424c1389f5553f0869b15a,0.759619
ce803c95614a408cbf9b99166b3a9db0,1578afd6ce694d46ab6e24f965f51fd6,0.758814
ce803c95614a408cbf9b99166b3a9db0,9dd98c9126c44642a20711729f2e731e,0.757971
ce803c95614a408cbf9b99166b3a9db0,8a9dc60359ba49cd8ac170cfb4ac3913,0.754692
4a9f5a00cf914c0cb76a4ee585a73675,c588868fc3fd4e87a7cddf1ceb00b022,0.984163
4a9f5a00cf914c0cb76a4ee585a73675,9460474d89704a68aaa6ccb62310ae3d,0.783453
4a9f5a00cf914c0cb76a4ee585a73675,e4fcd30261804b089efa940359057ba2,0.777896
4a9f5a00cf914c0cb76a4ee585a73675,6fc7a2cf0684475a82f6ff9be2c8e850,0.755028
61251687d2444fe8b74dce9025233ead,0c9c05f86aa042abbdd66d2b2d05d374,0.933086
61251687d2444fe8b74dce9025233ead,230b9ef63ea240e9b61a18f41473f942,0.788682
61251687d2444fe8b74dce9025233ead,99ba4cc9355f4d79a68bc69ac12a716f,0.764192
42f90bf7d5ef47d8b2f88399cb0f3a2e,0c9c05f86aa042abbdd66d2b2d05d374,0.927465
42f90bf7d5ef47d8b2f88399cb0f3a2e,230b9ef63ea240e9b61a18f41473f942,0.777812
b3c99c83d4e34424adca9ea35f3016b4,a64f6232ee1e4357937008a327a63cf4,0.935971
b3c99c83d4e34424adca9ea35f3016b4,99ba4cc9355f4d79a68bc69ac12a716f,0.793801
b3c99c83d4e34424adca9ea35f3016b4,7ab9086baf99475d8c93862a7dd36344,0.776111
b3c99c83d4e34424adca9ea35f3016b4,01930613ce7d4a5f90ccf78d1e92a55d,0.755173
cc2355a9c26249c0b3722824339d73f5,a64f6232ee1e4357937008a327a63cf4,0.965291
cc2355a9c26249c0b3722824339d73f5,7ab9086baf99475d8c93862a7dd36344,0.775907
cc2355a9c26249c0b3722824339d73f5,99ba4cc9355f4d79a68bc69ac12a716f,0.763147
cc2355a9c26249c0b3722824339d73f5,eff24b01b2f5428baa4c3fef6cb40d41,0.753960
7e2f96b3e0ce428cb02c7ab9d85a8cca,898eabaaa1a047e18aecbb1c5a8decbf,0.988740
7e2f96b3e0ce428cb02c7ab9d85a8cca,b83013f4c5524232814efa0f8651867f,0.852122
7e2f96b3e0ce428cb02c7ab9d85a8cca,7f5b658239034d35b7f4cf1c63cb388c,0.848109
7e2f96b3e0ce428cb02c7ab9d85a8cca,06b7dd1b701544ac80dd7ca54ed707cf,0.822638
7e2f96b3e0ce428cb02c7ab9d85a8cca,77d8e01a914d4f4a8b87d407e0d741aa,0.822561
7e2f96b3e0ce428cb02c7ab9d85a8cca,de1102228a324428989533278cd482f6,0.820350
7e2f96b3e0ce428cb02c7ab9d85a8cca,0a2c24dead204be9ae36be358e1223f9,0.817629
7e2f96b3e0ce428cb02c7ab9d85a8cca,beccee3a988f48c1ad207e2380766fa4,0.809114
7e2f96b3e0ce428cb02c7ab9d85a8cca,64d9091426f9461c97c98a5428856bcf,0.807487
7e2f96b3e0ce428cb02c7ab9d85a8cca,27fe100af7884932a33bf30f10dacc55,0.803620
c1de7b286d874eeab76f13a3c0d2f90f,7f5b658239034d35b7f4cf1c63cb388c,0.966256
c1de7b286d874eeab76f13a3c0d2f90f,beccee3a988f48c1ad207e2380766fa4,0.858089
c1de7b286d874eeab76f13a3c0d2f90f,ec5fe0d3a2a2426ea4e49a5c0ad44e04,0.842647
c1de7b286d874eeab76f13a3c0d2f90f,b83013f4c5524232814efa0f8651867f,0.841273
c1de7b286d874eeab76f13a3c0d2f90f,10b152bdafe94db8a93f7c374226a071,0.836007
c1de7b286d874eeab76f13a3c0d2f90f,898eabaaa1a047e18aecbb1c5a8decbf,0.835616
c1de7b286d874eeab76f13a3c0d2f90f,aaab880f032a4e00904cf50566164044,0.831498
c1de7b286d874eeab76f13a3c0d2f90f,77d8e01a914d4f4a8b87d407e0d741aa,0.801676
c1de7b286d874eeab76f13a3c0d2f90f,27fe100af7884932a33bf30f10dacc55,0.800169
c1de7b286d874eeab76f13a3c0d2f90f,40f040fd5c824c8e8e710af1fdf70b5f,0.799490
e61649949748401a9d06187bc97c8b58,7f5b658239034d35b7f4cf1c63cb388c,0.966084
e61649949748401a9d06187bc97c8b58,beccee3a988f48c1ad207e2380766fa4,0.860425
e61649949748401a9d06187bc97c8b58,b83013f4c5524232814efa0f8651867f,0.844680
e61649949748401a9d06187bc97c8b58,ec5fe0d3a2a2426ea4e49a5c0ad44e04,0.839007
e61649949748401a9d06187bc97c8b58,898eabaaa1a047e18aecbb1c5a8decbf,0.836982
e61649949748401a9d06187bc97c8b58,aaab880f032a4e00904cf50566164044,0.833959
e61649949748401a9d06187bc97c8b58,10b152bdafe94db8a93f7c374226a071,0.832094
e61649949748401a9d06187bc97c8b58,27fe100af7884932a33bf30f10dacc55,0.810167
e61649949748401a9d06187bc97c8b58,40f040fd5c824c8e8e710af1fdf70b5f,0.806344
e61649949748401a9d06187bc97c8b58,77d8e01a914d4f4a8b87d407e0d741aa,0.797147
b81b07771bcd450f9d8eaba7182f30c7,898eabaaa1a047e18aecbb1c5a8decbf,0.987641
b81b07771bcd450f9d8eaba7182f30c7,b83013f4c5524232814efa0f8651867f,0.860055
b81b07771bcd450f9d8eaba7182f30c7,7f5b658239034d35b7f4cf1c63cb388c,0.854962
b81b07771bcd450f9d8eaba7182f30c7,77d8e01a914d4f4a8b87d407e0d741aa,0.822834
b81b07771bcd450f9d8eaba7182f30c7,0a2c24dead204be9ae36be358e1223f9,0.818636
b81b07771bcd450f9d8eaba7182f30c7,06b7dd1b701544ac80dd7ca54ed707cf,0.818513
b81b07771bcd450f9d8eaba7182f30c7,de1102228a324428989533278cd482f6,0.818392
b81b07771bcd450f9d8eaba7182f30c7,beccee3a988f48c1ad207e2380766fa4,0.815548
b81b07771bcd450f9d8eaba7182f30c7,64d9091426f9461c97c98a5428856bcf,0.810749
b81b07771bcd450f9d8eaba7182f30c7,27fe100af7884932a33bf30f10dacc55,0.810582
10477b255a0f4b31bdc6941e131708f6,b69c17a10a55494d8caa56c33e8f4a56,0.765357
10477b255a0f4b31bdc6941e131708f6,0d0973762130427eaa2ce9a7a34517db,0.764600
98224d85c5a5408b97fc3f91e37c6172,444fa28d9ed54c82a522699041eae592,0.864069
98224d85c5a5408b97fc3f91e37c6172,ec580ac6dd7149fb8a0a5a5d8b0f5b08,0.794096
9cde6cf03d36463a9fa125c9a5d8579b,ec580ac6dd7149fb8a0a5a5d8b0f5b08,0.814366
9cde6cf03d36463a9fa125c9a5d8579b,444fa28d9ed54c82a522699041eae592,0.754999
97496eac7339419799091685c1a6c966,444fa28d9ed54c82a522699041eae592,0.792456
97496eac7339419799091685c1a6c966,ec580ac6dd7149fb8a0a5a5d8b0f5b08,0.761034
308e1406bba647a6afa6645b35e09bbd,98b2022b2cb84af09ee8b789db928b13,0.849644
eaae15d0cec34edcba4d16f18e51feeb,e53dd6188816429ab915de6f9649a026,0.791389
2fa2158b5d3142e1a336b9938e7ec3e4,b702b2b61ce048c6bf5af3c4dca18b1a,0.963114
2fa2158b5d3142e1a336b9938e7ec3e4,f464960d2dbc43c0970c60600bd7f1cd,0.752706
b3e94875f12a46d49a18038edf575672,b702b2b61ce048c6bf5af3c4dca18b1a,0.995705
b3e94875f12a46d49a18038edf575672,f464960d2dbc43c0970c60600bd7f1cd,0.762833
b3e94875f12a46d49a18038edf575672,3e59b61eb70146308db2308b988b54cf,0.757420
bb76a200223d446492dbeb01f3dcd83c,f65c7f50929f431dbf31b441d87616d0,0.884655
bb76a200223d446492dbeb01f3dcd83c,01ffceddb5b34406a08bb982b424b3cf,0.783766
bb76a200223d446492dbeb01f3dcd83c,07958f43551e459eb30638b632e3cd64,0.770467
bb76a200223d446492dbeb01f3dcd83c,c84deec0ecf843c39f52d4cb8e7300f8,0.766194
bb76a200223d446492dbeb01f3dcd83c,e7aaa514f6f64a258a640ea341aa1a18,0.765438
249ef4fd3a32489e875b8ff944f609e3,f65c7f50929f431dbf31b441d87616d0,0.906330
249ef4fd3a32489e875b8ff944f609e3,01ffceddb5b34406a08bb982b424b3cf,0.799723
249ef4fd3a32489e875b8ff944f609e3,c84deec0ecf843c39f52d4cb8e7300f8,0.787725
249ef4fd3a32489e875b8ff944f609e3,07958f43551e459eb30638b632e3cd64,0.787392
249ef4fd3a32489e875b8ff944f609e3,e7aaa514f6f64a258a640ea341aa1a18,0.779987
249ef4fd3a32489e875b8ff944f609e3,105ad424733e4cffa7c474b51e3980aa,0.766273
249ef4fd3a32489e875b8ff944f609e3,77cecb221149474896d9b2eb848bf150,0.760195
249ef4fd3a32489e875b8ff944f609e3,2b3ecf8be2b242f3b8a1e714390749fb,0.756212
249ef4fd3a32489e875b8ff944f609e3,97959d02a64f4a3fbbebe7cbece6c012,0.752705
08a04363ed37468191357b12b4afa016,d445ccdb4cda497e9f0343a3298022d2,0.899752
08a04363ed37468191357b12b4afa016,08ecf89bc10942a4bd894482f6fcdfa7,0.899207
08a04363ed37468191357b12b4afa016,0e28ed072d6c444aa6f02e64955b44c6,0.860165
08a04363ed37468191357b12b4afa016,77d8e01a914d4f4a8b87d407e0d741aa,0.819308
08a04363ed37468191357b12b4afa016,64d9091426f9461c97c98a5428856bcf,0.803499
08a04363ed37468191357b12b4afa016,0a2c24dead204be9ae36be358e1223f9,0.797811
08a04363ed37468191357b12b4afa016,de1102228a324428989533278cd482f6,0.791587
08a04363ed37468191357b12b4afa016,06b7dd1b701544ac80dd7ca54ed707cf,0.790352
08a04363ed37468191357b12b4afa016,898eabaaa1a047e18aecbb1c5a8decbf,0.787718
08a04363ed37468191357b12b4afa016,f6507bae2aaa4785842167f8320428b3,0.785702
62e089fa066d404daadaf7ab2e75f3c4,d445ccdb4cda497e9f0343a3298022d2,0.983217
62e089fa066d404daadaf7ab2e75f3c4,08ecf89bc10942a4bd894482f6fcdfa7,0.874045
62e089fa066d404daadaf7ab2e75f3c4,0e28ed072d6c444aa6f02e64955b44c6,0.819205
62e089fa066d404daadaf7ab2e75f3c4,64d9091426f9461c97c98a5428856bcf,0.779234
62e089fa066d404daadaf7ab2e75f3c4,77d8e01a914d4f4a8b87d407e0d741aa,0.778350
62e089fa066d404daadaf7ab2e75f3c4,b83013f4c5524232814efa0f8651867f,0.774093
62e089fa066d404daadaf7ab2e75f3c4,f6507bae2aaa4785842167f8320428b3,0.762965
62e089fa066d404daadaf7ab2e75f3c4,0a2c24dead204be9ae36be358e1223f9,0.761082
62e089fa066d404daadaf7ab2e75f3c4,898eabaaa1a047e18aecbb1c5a8decbf,0.759726
62e089fa066d404daadaf7ab2e75f3c4,06b7dd1b701544ac80dd7ca54ed707cf,0.752955
772aba18a7014577b8975d8f66f55383,215f3d275db14601a0383885cbaad86e,0.900506
222088ceffe04fd9a94096cfb805d9aa,215f3d275db14601a0383885cbaad86e,0.937875
215fa8886dc743ea866c55c92e55275a,105ad424733e4cffa7c474b51e3980aa,0.985736
215fa8886dc743ea866c55c92e55275a,97959d02a64f4a3fbbebe7cbece6c012,0.810303
215fa8886dc743ea866c55c92e55275a,039f8e63b273472d8f1d99d9a5de5cf5,0.784766
215fa8886dc743ea866c55c92e55275a,07958f43551e459eb30638b632e3cd64,0.766871
215fa8886dc743ea866c55c92e55275a,c84deec0ecf843c39f52d4cb8e7300f8,0.760101
c15e316f43844831a8809cd85924e3b1,,
fb89d31587634cee9cf443d998d56245,105ad424733e4cffa7c474b51e3980aa,0.963067
fb89d31587634cee9cf443d998d56245,97959d02a64f4a3fbbebe7cbece6c012,0.812458
fb89d31587634cee9cf443d998d56245,039f8e63b273472d8f1d99d9a5de5cf5,0.787622
fb89d31587634cee9cf443d998d56245,07958f43551e459eb30638b632e3cd64,0.776972
fb89d31587634cee9cf443d998d56245,c84deec0ecf843c39f52d4cb8e7300f8,0.765970
a9c15421f19d4bfca5a2210dbafbd327,b4dadb3ea3a04cc3932094471debce13,0.921938
a9c15421f19d4bfca5a2210dbafbd327,4a7fa5a1bafe4b6995e2920444ac07c4,0.848473
a9c15421f19d4bfca5a2210dbafbd327,ef511457ee7c490c8e10eccf6e18fef6,0.824013
a9c15421f19d4bfca5a2210dbafbd327,7bbe3c76bcc04d73969f920d43fcc67d,0.810632
a9c15421f19d4bfca5a2210dbafbd327,e88ce4cd350f43398a5c0ab8629cee72,0.805536
a9c15421f19d4bfca5a2210dbafbd327,98fbdf945d0c4206a48a4f7260e56017,0.801854
a9c15421f19d4bfca5a2210dbafbd327,50a2129b83404b94889a01f4688ebafd,0.798327
a9c15421f19d4bfca5a2210dbafbd327,1ade4365590a4ac7865100d8c791e340,0.788687
a9c15421f19d4bfca5a2210dbafbd327,25afb6f7e9314af09008644bca5955b9,0.787075
a9c15421f19d4bfca5a2210dbafbd327,0eb119aabc884795a4768c6d3e677ea1,0.779043
405c71393da6481db0f9c471e6ff0b9f,b4dadb3ea3a04cc3932094471debce13,0.920654
405c71393da6481db0f9c471e6ff0b9f,4a7fa5a1bafe4b6995e2920444ac07c4,0.847471
405c71393da6481db0f9c471e6ff0b9f,ef511457ee7c490c8e10eccf6e18fef6,0.817933
405c71393da6481db0f9c471e6ff0b9f,7bbe3c76bcc04d73969f920d43fcc67d,0.811960
405c71393da6481db0f9c471e6ff0b9f,e88ce4cd350f43398a5c0ab8629cee72,0.806296
405c71393da6481db0f9c471e6ff0b9f,98fbdf945d0c4206a48a4f7260e56017,0.806238
405c71393da6481db0f9c471e6ff0b9f,50a2129b83404b94889a01f4688ebafd,0.801356
405c71393da6481db0f9c471e6ff0b9f,1ade4365590a4ac7865100d8c791e340,0.783437
405c71393da6481db0f9c471e6ff0b9f,25afb6f7e9314af09008644bca5955b9,0.782984
405c71393da6481db0f9c471e6ff0b9f,0eb119aabc884795a4768c6d3e677ea1,0.779393
10672c8813224cd19e1b65d21bfbf3fc,e88ce4cd350f43398a5c0ab8629cee72,0.950829
10672c8813224cd19e1b65d21bfbf3fc,7bbe3c76bcc04d73969f920d43fcc67d,0.859748
10672c8813224cd19e1b65d21bfbf3fc,25afb6f7e9314af09008644bca5955b9,0.857703
10672c8813224cd19e1b65d21bfbf3fc,b4dadb3ea3a04cc3932094471debce13,0.783293
10672c8813224cd19e1b65d21bfbf3fc,14f4db886cca4104877ac7d1d7a64133,0.768037
10672c8813224cd19e1b65d21bfbf3fc,04fa591263664fb0a6868552ebd3590b,0.766094
10672c8813224cd19e1b65d21bfbf3fc,19098957d8c24cab95daa30c2baefd8f,0.761090
10672c8813224cd19e1b65d21bfbf3fc,ef511457ee7c490c8e10eccf6e18fef6,0.761001
10672c8813224cd19e1b65d21bfbf3fc,40a95697730046dcbb0d7ba1fe2109a6,0.758568
10672c8813224cd19e1b65d21bfbf3fc,4a7fa5a1bafe4b6995e2920444ac07c4,0.753754
380188fc5ffb4a8db6256661aefa22ee,7bbe3c76bcc04d73969f920d43fcc67d,0.967265
380188fc5ffb4a8db6256661aefa22ee,e88ce4cd350f43398a5c0ab8629cee72,0.847611
380188fc5ffb4a8db6256661aefa22ee,ef511457ee7c490c8e10eccf6e18fef6,0.820471
380188fc5ffb4a8db6256661aefa22ee,25afb6f7e9314af09008644bca5955b9,0.815565
380188fc5ffb4a8db6256661aefa22ee,b4dadb3ea3a04cc3932094471debce13,0.801353
380188fc5ffb4a8db6256661aefa22ee,4a7fa5a1bafe4b6995e2920444ac07c4,0.782056
380188fc5ffb4a8db6256661aefa22ee,14f4db886cca4104877ac7d1d7a64133,0.781542
380188fc5ffb4a8db6256661aefa22ee,0eb119aabc884795a4768c6d3e677ea1,0.771182
380188fc5ffb4a8db6256661aefa22ee,ca544e6629b14e8fab5f7cb40d1ac88e,0.765493
380188fc5ffb4a8db6256661aefa22ee,db69f22fe72246ea85d33991961a649a,0.762955
78bedef4e219493c8b9a059437b0c690,7bbe3c76bcc04d73969f920d43fcc67d,0.977587
78bedef4e219493c8b9a059437b0c690,e88ce4cd350f43398a5c0ab8629cee72,0.850628
78bedef4e219493c8b9a059437b0c690,25afb6f7e9314af09008644bca5955b9,0.823858
78bedef4e219493c8b9a059437b0c690,b4dadb3ea3a04cc3932094471debce13,0.818048
78bedef4e219493c8b9a059437b0c690,ef511457ee7c490c8e10eccf6e18fef6,0.813502
78bedef4e219493c8b9a059437b0c690,4a7fa5a1bafe4b6995e2920444ac07c4,0.781767
78bedef4e219493c8b9a059437b0c690,14f4db886cca4104877ac7d1d7a64133,0.776099
78bedef4e219493c8b9a059437b0c690,db69f22fe72246ea85d33991961a649a,0.772857
78bedef4e219493c8b9a059437b0c690,5c8a8b7a59c54b9aa7b7136fd91b5869,0.766160
78bedef4e219493c8b9a059437b0c690,0eb119aabc884795a4768c6d3e677ea1,0.763778
a73bf22ed53e478bbdb05661b2bb34bb,b23a9c50eada4286a4f7ce8668b92db1,0.928581
a73bf22ed53e478bbdb05661b2bb34bb,1232f20e710b448e8c0538b9e84dab1c,0.763044
f8807fdc0c904075885c336e24827732,1393dac7d34b4c34b1a8091a5bea3663,0.988279
f8807fdc0c904075885c336e24827732,64e74af099b0485f8b6e71ac73aa2cb8,0.795419
c21fcb50e9a24b558b8fcc3a2d0f2042,64e74af099b0485f8b6e71ac73aa2cb8,0.960462
c21fcb50e9a24b558b8fcc3a2d0f2042,1393dac7d34b4c34b1a8091a5bea3663,0.784963
c21fcb50e9a24b558b8fcc3a2d0f2042,cae139b6e4914ce7b0ef1e68b8b857eb,0.768632
0e4f6fd8c126417aad3dfe97ea1dee56,ec5fe0d3a2a2426ea4e49a5c0ad44e04,0.990384
0e4f6fd8c126417aad3dfe97ea1dee56,beccee3a988f48c1ad207e2380766fa4,0.943784
0e4f6fd8c126417aad3dfe97ea1dee56,10b152bdafe94db8a93f7c374226a071,0.850952
0e4f6fd8c126417aad3dfe97ea1dee56,7f5b658239034d35b7f4cf1c63cb388c,0.848882
0e4f6fd8c126417aad3dfe97ea1dee56,aaab880f032a4e00904cf50566164044,0.845146
0e4f6fd8c126417aad3dfe97ea1dee56,b83013f4c5524232814efa0f8651867f,0.827799
0e4f6fd8c126417aad3dfe97ea1dee56,40f040fd5c824c8e8e710af1fdf70b5f,0.823596
0e4f6fd8c126417aad3dfe97ea1dee56,898eabaaa1a047e18aecbb1c5a8decbf,0.792818
0e4f6fd8c126417aad3dfe97ea1dee56,27fe100af7884932a33bf30f10dacc55,0.771782
0e4f6fd8c126417aad3dfe97ea1dee56,06b7dd1b701544ac80dd7ca54ed707cf,0.755588
11fd1036e3764df2a694b62f3f7a04ca,beccee3a988f48c1ad207e2380766fa4,0.989082
11fd1036e3764df2a694b62f3f7a04ca,ec5fe0d3a2a2426ea4e49a5c0ad44e04,0.940542
11fd1036e3764df2a694b62f3f7a04ca,aaab880f032a4e00904cf50566164044,0.879367
11fd1036e3764df2a694b62f3f7a04ca,10b152bdafe94db8a93f7c374226a071,0.855424
11fd1036e3764df2a694b62f3f7a04ca,7f5b658239034d35b7f4cf1c63cb388c,0.846713
11fd1036e3764df2a694b62f3f7a04ca,40f040fd5c824c8e8e710af1fdf70b5f,0.846683
11fd1036e3764df2a694b62f3f7a04ca,b83013f4c5524232814efa0f8651867f,0.814464
11fd1036e3764df2a694b62f3f7a04ca,898eabaaa1a047e18aecbb1c5a8decbf,0.800021
11fd1036e3764df2a694b62f3f7a04ca,27fe100af7884932a33bf30f10dacc55,0.783628
11fd1036e3764df2a694b62f3f7a04ca,de1102228a324428989533278cd482f6,0.779690
16f482cec0e0411f8a1d2610a2aacb63,beccee3a988f48c1ad207e2380766fa4,0.992023
16f482cec0e0411f8a1d2610a2aacb63,ec5fe0d3a2a2426ea4e49a5c0ad44e04,0.941513
16f482cec0e0411f8a1d2610a2aacb63,aaab880f032a4e00904cf50566164044,0.881915
16f482cec0e0411f8a1d2610a2aacb63,10b152bdafe94db8a93f7c374226a071,0.857032
16f482cec0e0411f8a1d2610a2aacb63,40f040fd5c824c8e8e710af1fdf70b5f,0.851433
16f482cec0e0411f8a1d2610a2aacb63,7f5b658239034d35b7f4cf1c63cb388c,0.847010
16f482cec0e0411f8a1d2610a2aacb63,b83013f4c5524232814efa0f8651867f,0.817196
16f482cec0e0411f8a1d2610a2aacb63,898eabaaa1a047e18aecbb1c5a8decbf,0.800810
16f482cec0e0411f8a1d2610a2aacb63,27fe100af7884932a33bf30f10dacc55,0.790082
16f482cec0e0411f8a1d2610a2aacb63,de1102228a324428989533278cd482f6,0.777542
cd59d2d18bf04a6a901a0110f5fc4b13,ec5fe0d3a2a2426ea4e49a5c0ad44e04,0.992324
cd59d2d18bf04a6a901a0110f5fc4b13,beccee3a988f48c1ad207e2380766fa4,0.941974
cd59d2d18bf04a6a901a0110f5fc4b13,10b152bdafe94db8a93f7c374226a071,0.849592
cd59d2d18bf04a6a901a0110f5fc4b13,aaab880f032a4e00904cf50566164044,0.844871
cd59d2d18bf04a6a901a0110f5fc4b13,7f5b658239034d35b7f4cf1c63cb388c,0.840461
cd59d2d18bf04a6a901a0110f5fc4b13,b83013f4c5524232814efa0f8651867f,0.831577
cd59d2d18bf04a6a901a0110f5fc4b13,40f040fd5c824c8e8e710af1fdf70b5f,0.823650
cd59d2d18bf04a6a901a0110f5fc4b13,898eabaaa1a047e18aecbb1c5a8decbf,0.784913
cd59d2d18bf04a6a901a0110f5fc4b13,27fe100af7884932a33bf30f10dacc55,0.770449
cd59d2d18bf04a6a901a0110f5fc4b13,06b7dd1b701544ac80dd7ca54ed707cf,0.758635
a3447d7a1b25452ab7eb7228d9426dbb,887e323cc38f4cf8adc5970617f1c286,0.888729
a3447d7a1b25452ab7eb7228d9426dbb,afac6ae28fac41dabae96696990c5555,0.855375
a3447d7a1b25452ab7eb7228d9426dbb,fe363cef357840fcb35f320fe7c27e4e,0.851735
a3447d7a1b25452ab7eb7228d9426dbb,fc70a4c2c4834e0eba1a14470f563b03,0.848682
a3447d7a1b25452ab7eb7228d9426dbb,116f6c1f0cb54312986a0a729508a33e,0.833676
a3447d7a1b25452ab7eb7228d9426dbb,8c5f38853679436ba434b6a696e43168,0.831574
a3447d7a1b25452ab7eb7228d9426dbb,bb6ecabbce1b43d997d00d7acdc95193,0.830405
a3447d7a1b25452ab7eb7228d9426dbb,8ad1f345ca194b29bde0a924f27b2de5,0.815511
a3447d7a1b25452ab7eb7228d9426dbb,d7618b61a65a4bc1a0d0f2cc1bddc448,0.813938
a3447d7a1b25452ab7eb7228d9426dbb,716a15d66b63424a8068da89e75733b4,0.807453
bc979d6c4eac47c3bd21510ffe22054c,91f0da6d71574ababd8e868bddec9310,0.987157
bc979d6c4eac47c3bd21510ffe22054c,716a15d66b63424a8068da89e75733b4,0.854480
bc979d6c4eac47c3bd21510ffe22054c,13aca0959cc948cabeee0d7255f55a65,0.846634
bc979d6c4eac47c3bd21510ffe22054c,a8904adcdd21495f890bc614bfdbf86f,0.843588
bc979d6c4eac47c3bd21510ffe22054c,8af25c7ae8e14435a6e27a5671968f50,0.839330
bc979d6c4eac47c3bd21510ffe22054c,1d93c07de74c482ebf0a76ec564c3252,0.822670
bc979d6c4eac47c3bd21510ffe22054c,86179aff3df24ff59b11e9a34974a3f4,0.814995
bc979d6c4eac47c3bd21510ffe22054c,116f6c1f0cb54312986a0a729508a33e,0.806776
bc979d6c4eac47c3bd21510ffe22054c,8c5f38853679436ba434b6a696e43168,0.803333
bc979d6c4eac47c3bd21510ffe22054c,33e2a95109e647cbb4ba2687631b169a,0.800203
8033dc78a96946859252dbe5da10286d,d695b7afdc3841a28a56df578e56afce,0.991206
8033dc78a96946859252dbe5da10286d,e12ad1ce8e7940a999b9a4f91a95fab7,0.864300
8033dc78a96946859252dbe5da10286d,714e47cd21e5416f864a4bc938850a72,0.830248
8033dc78a96946859252dbe5da10286d,f1c9c5051bdd4a11a064260bbb9d6d7b,0.824506
8033dc78a96946859252dbe5da10286d,f12e9e5805534d719f829332d1ea5d29,0.797233
8033dc78a96946859252dbe5da10286d,7226603f024c45c6a6e44b00e52e8aad,0.775235
8033dc78a96946859252dbe5da10286d,797cc520b8c94d9bbef187818ab51647,0.767039
8033dc78a96946859252dbe5da10286d,a7077a82d2c74518b96fb45e35f6e150,0.765445
8033dc78a96946859252dbe5da10286d,87fc1d6a57ea488786caaec8599c3b8b,0.756792
01ac48c3001b4c44a7b582ac608de711,e12ad1ce8e7940a999b9a4f91a95fab7,0.973669
01ac48c3001b4c44a7b582ac608de711,d695b7afdc3841a28a56df578e56afce,0.841713
01ac48c3001b4c44a7b582ac608de711,7226603f024c45c6a6e44b00e52e8aad,0.811205
01ac48c3001b4c44a7b582ac608de711,f12e9e5805534d719f829332d1ea5d29,0.805091
01ac48c3001b4c44a7b582ac608de711,f1c9c5051bdd4a11a064260bbb9d6d7b,0.788823
01ac48c3001b4c44a7b582ac608de711,4d0a737f396d4a95808085bd1306746c,0.762438
01ac48c3001b4c44a7b582ac608de711,797cc520b8c94d9bbef187818ab51647,0.761099
7c0d5434c5bc489793133ad27a07f74e,e12ad1ce8e7940a999b9a4f91a95fab7,0.971118
7c0d5434c5bc489793133ad27a07f74e,d695b7afdc3841a28a56df578e56afce,0.851485
7c0d5434c5bc489793133ad27a07f74e,7226603f024c45c6a6e44b00e52e8aad,0.814833
7c0d5434c5bc489793133ad27a07f74e,f12e9e5805534d719f829332d1ea5d29,0.810348
7c0d5434c5bc489793133ad27a07f74e,f1c9c5051bdd4a11a064260bbb9d6d7b,0.803660
7c0d5434c5bc489793133ad27a07f74e,797cc520b8c94d9bbef187818ab51647,0.762220
37c59c24c4b344198d9d5abcdf597519,d695b7afdc3841a28a56df578e56afce,0.901168
37c59c24c4b344198d9d5abcdf597519,e12ad1ce8e7940a999b9a4f91a95fab7,0.855796
37c59c24c4b344198d9d5abcdf597519,714e47cd21e5416f864a4bc938850a72,0.815427
37c59c24c4b344198d9d5abcdf597519,f1c9c5051bdd4a11a064260bbb9d6d7b,0.795814
37c59c24c4b344198d9d5abcdf597519,f12e9e5805534d719f829332d1ea5d29,0.770574
37c59c24c4b344198d9d5abcdf597519,797cc520b8c94d9bbef187818ab51647,0.764810
37c59c24c4b344198d9d5abcdf597519,8dfd98bb97584157b207e1f4be471a8e,0.758142
37c59c24c4b344198d9d5abcdf597519,7226603f024c45c6a6e44b00e52e8aad,0.757666
37c59c24c4b344198d9d5abcdf597519,a7077a82d2c74518b96fb45e35f6e150,0.757188
70b93f2c45f0428a89fc7fd8ce0b6106,6ea31a945d494834a3d243f1f90af02a,0.987101
70b93f2c45f0428a89fc7fd8ce0b6106,daed5458403e49e3aea72f4bcc6dd224,0.764910
b1b978d0d5a04bd69d56ef30d2af57e3,245212a659504b9b9cdbaf1ab1d040ff,0.791895
b1b978d0d5a04bd69d56ef30d2af57e3,cc243eebbb2b44a581745865a60c423a,0.759979
b1b978d0d5a04bd69d56ef30d2af57e3,033f1514c78b49dd82148b94f6bcbeba,0.754893
c63f586816974c308053ab40652e867f,245212a659504b9b9cdbaf1ab1d040ff,0.785855
c63f586816974c308053ab40652e867f,e0ff5d4ae0ec4871a49041d550cdcaa9,0.772824
c63f586816974c308053ab40652e867f,033f1514c78b49dd82148b94f6bcbeba,0.765336
6ea9898485944849b1119856b900eee9,eb21a4e2b7bd43efbdf0c365415e7fef,0.872418
e3fbe9aa3f674b32824114cc216c78ae,a5365055a36a4ec1bf5b0ce2ef949a35,0.970233
e3fbe9aa3f674b32824114cc216c78ae,f69dcaceb6074ddebfe1dc7e5978fcff,0.772906
e3fbe9aa3f674b32824114cc216c78ae,3b7d56c26da14b3a9b1cd52b5b35891b,0.754295
db1e964f321c4227b0b29f870ee1f47e,f69dcaceb6074ddebfe1dc7e5978fcff,0.867807
db1e964f321c4227b0b29f870ee1f47e,a5365055a36a4ec1bf5b0ce2ef949a35,0.769914
8b132fbf58574d90aa4cf5ddc704b658,f69dcaceb6074ddebfe1dc7e5978fcff,0.925077
8b132fbf58574d90aa4cf5ddc704b658,a5365055a36a4ec1bf5b0ce2ef949a35,0.787090
8b132fbf58574d90aa4cf5ddc704b658,e0ff5d4ae0ec4871a49041d550cdcaa9,0.783257
8b132fbf58574d90aa4cf5ddc704b658,f0084465b2e646c9a53d9dc766067d9b,0.763972
8b132fbf58574d90aa4cf5ddc704b658,4422777ed51142a99aacf05f446cfea1,0.763744
8b132fbf58574d90aa4cf5ddc704b658,c1d504dfeded4b8bb3c07777b7c7abde,0.757072
8cb387b1679843169efe77577286098c,ffc5805e29a74be0a55b40318aa321d7,0.927745
8cb387b1679843169efe77577286098c,89e983dca0a34b768e17b3871b9cea1e,0.831710
8cb387b1679843169efe77577286098c,643fbbdd6b764ba9904a4ee67a86b9fd,0.796360
8cb387b1679843169efe77577286098c,bc13c2b0221744a29a8ddf56aa015df9,0.775041
8cb387b1679843169efe77577286098c,e511c40ca6324803b5021e47b4e777f8,0.774605
8cb387b1679843169efe77577286098c,3138244ae91040948d5bd6772e4075ea,0.753817
bd22a678c6cc469fbcd9725604a12326,ffc5805e29a74be0a55b40318aa321d7,0.945067
bd22a678c6cc469fbcd9725604a12326,89e983dca0a34b768e17b3871b9cea1e,0.804989
bd22a678c6cc469fbcd9725604a12326,643fbbdd6b764ba9904a4ee67a86b9fd,0.769814
bd22a678c6cc469fbcd9725604a12326,e511c40ca6324803b5021e47b4e777f8,0.767184
bd22a678c6cc469fbcd9725604a12326,250d411ae270441085be3501b7b55d86,0.757117
bd22a678c6cc469fbcd9725604a12326,bc13c2b0221744a29a8ddf56aa015df9,0.754441
ee15d39bccb6404eb47fcb884d906454,bc607fd6000b43108e49b3d05688fe90,0.939472
ee15d39bccb6404eb47fcb884d906454,563043f180e54e238ad4876974e5db4c,0.784828
ee15d39bccb6404eb47fcb884d906454,f5d09519cf7647f8a107cd8fadd322e5,0.763045
ee15d39bccb6404eb47fcb884d906454,d7c9dafddaf547159d366dacf7b68a7e,0.754095
ee15d39bccb6404eb47fcb884d906454,d53fa54d5536463ab0d87648dfc5fd78,0.753215
ccb86f144be341ac9a6ff07647fc1e2f,31cf7db26a3249c5a6205b005662ddcf,0.940063
ccb86f144be341ac9a6ff07647fc1e2f,cd764fbfae774d068af7549c648a02c9,0.776997
ccb86f144be341ac9a6ff07647fc1e2f,f879b316413f45d2b64bb25e3f45a667,0.776368
ccb86f144be341ac9a6ff07647fc1e2f,2b039224b54142d185a406b31fe01de2,0.771430
ccb86f144be341ac9a6ff07647fc1e2f,43ee0103cba54b4e9d165717735ca0f6,0.767568
ccb86f144be341ac9a6ff07647fc1e2f,342aaa81ed004635bbf9cbc2592cd7b6,0.762765
de734ca5438c4b22a9e1d7e170c3c57c,7e8a4a43e2f84dbb88e41cb24b3fe79f,0.902336
de734ca5438c4b22a9e1d7e170c3c57c,8228c9eb29a542ba98c8b9b854eadaa4,0.792303
de734ca5438c4b22a9e1d7e170c3c57c,bc607fd6000b43108e49b3d05688fe90,0.785948
1b14bef50f7c4e24afcc755f17cc10df,f5d09519cf7647f8a107cd8fadd322e5,0.807462
1b14bef50f7c4e24afcc755f17cc10df,7e8a4a43e2f84dbb88e41cb24b3fe79f,0.800606
1b14bef50f7c4e24afcc755f17cc10df,701ac1447f5a414e81156a56c3593a31,0.769562
1b14bef50f7c4e24afcc755f17cc10df,2b039224b54142d185a406b31fe01de2,0.765980
1b14bef50f7c4e24afcc755f17cc10df,342aaa81ed004635bbf9cbc2592cd7b6,0.762617
1b14bef50f7c4e24afcc755f17cc10df,bc607fd6000b43108e49b3d05688fe90,0.757098
18283806841d46c39db8e7fd20713c52,36472797459c462e910846109fa624fc,0.823347
5e304e02eba04f73a50005680ad397d9,36472797459c462e910846109fa624fc,0.900208
17746de5e371420092452c78a59017b4,7879fa4d4db046a2a8d195311b6e5789,0.844443
17746de5e371420092452c78a59017b4,67984873125e4a0f9562179c906d1b0f,0.778065
17746de5e371420092452c78a59017b4,bb84a4cf60c84a8d8e23276b1863d293,0.768233
17746de5e371420092452c78a59017b4,7e17bbd109dc486c8f0a76f913782180,0.761918
17746de5e371420092452c78a59017b4,ef511457ee7c490c8e10eccf6e18fef6,0.753973
496cf23a51bc496da75e8ef2f4847bd2,bb84a4cf60c84a8d8e23276b1863d293,0.866724
496cf23a51bc496da75e8ef2f4847bd2,67984873125e4a0f9562179c906d1b0f,0.759564
62d8c95fb6f24a1db3cd303bb5b85396,7879fa4d4db046a2a8d195311b6e5789,0.841608
62d8c95fb6f24a1db3cd303bb5b85396,7e17bbd109dc486c8f0a76f913782180,0.772768
62d8c95fb6f24a1db3cd303bb5b85396,ef511457ee7c490c8e10eccf6e18fef6,0.769962
62d8c95fb6f24a1db3cd303bb5b85396,67984873125e4a0f9562179c906d1b0f,0.768020
fa8048c81669437cb087918eab24b02b,be42a43f5186434db4f2815f768a9991,0.937059
fa8048c81669437cb087918eab24b02b,d60986f4025d443ea58adba0e3d224a1,0.801162
fa8048c81669437cb087918eab24b02b,18ab15fbf00f42f7a410ec75f7592bea,0.794178
fa8048c81669437cb087918eab24b02b,e9428816b054499298745b742f128f65,0.792210
fa8048c81669437cb087918eab24b02b,1c2b01416e3943e3b3c575e53c3f1d16,0.783523
b7d522798dc7498da4a40704cbb65a53,bb5c7d03a54647d08b8c62deeb803271,0.986643
b7d522798dc7498da4a40704cbb65a53,097c30a7f39a4a3abf6da2ca80cad3a5,0.756831
23701e1499d04d6f890fffb1a8d95746,bb5c7d03a54647d08b8c62deeb803271,0.987306
23701e1499d04d6f890fffb1a8d95746,097c30a7f39a4a3abf6da2ca80cad3a5,0.759580
d8e490c2dc4e457291f1e7bb4ca941f2,be42a43f5186434db4f2815f768a9991,0.923964
d8e490c2dc4e457291f1e7bb4ca941f2,d60986f4025d443ea58adba0e3d224a1,0.810681
d8e490c2dc4e457291f1e7bb4ca941f2,18ab15fbf00f42f7a410ec75f7592bea,0.806981
d8e490c2dc4e457291f1e7bb4ca941f2,1c2b01416e3943e3b3c575e53c3f1d16,0.795312
d8e490c2dc4e457291f1e7bb4ca941f2,e9428816b054499298745b742f128f65,0.791652
e2c006dd97304dc5b599c8334ea91da4,f69bf682935e47e1b4c72d237becd13a,0.956563
180a003741a9400fb647528c1b5bcccf,42b6af4853fc465f83ec054f8f8289a4,0.909835
d9c92c59d5aa4726b77e009485c2ea31,42b6af4853fc465f83ec054f8f8289a4,0.965808
d9c92c59d5aa4726b77e009485c2ea31,563043f180e54e238ad4876974e5db4c,0.767100
d9c92c59d5aa4726b77e009485c2ea31,f5b766ea6abe4b5fb27d49cc3bc06020,0.752705
11ce9ba7b6bc4478a9c51c05eeca19e6,94ed54abfdc74b04b0dcb19c278e66f4,0.981547
11ce9ba7b6bc4478a9c51c05eeca19e6,2d43cf91509846e29ab4febd7781919f,0.801100
11ce9ba7b6bc4478a9c51c05eeca19e6,ef511457ee7c490c8e10eccf6e18fef6,0.770830
11ce9ba7b6bc4478a9c51c05eeca19e6,13aca0959cc948cabeee0d7255f55a65,0.763622
11ce9ba7b6bc4478a9c51c05eeca19e6,86179aff3df24ff59b11e9a34974a3f4,0.757737
11ce9ba7b6bc4478a9c51c05eeca19e6,1ade4365590a4ac7865100d8c791e340,0.757417
95a503cfa55a48d6a01d293cc25399c0,2d43cf91509846e29ab4febd7781919f,0.977808
95a503cfa55a48d6a01d293cc25399c0,94ed54abfdc74b04b0dcb19c278e66f4,0.790193
95a503cfa55a48d6a01d293cc25399c0,86179aff3df24ff59b11e9a34974a3f4,0.780255
95a503cfa55a48d6a01d293cc25399c0,27a0d24dc1e14b28a1f18456b29c93f1,0.769388
95a503cfa55a48d6a01d293cc25399c0,db69f22fe72246ea85d33991961a649a,0.769147
95a503cfa55a48d6a01d293cc25399c0,cb550e5ff4694fe9a19eaa6588cef250,0.765255
95a503cfa55a48d6a01d293cc25399c0,bbdf9065122d499d9d8f80ad3e0ef6f3,0.764189
95a503cfa55a48d6a01d293cc25399c0,59f62d35b1ad451397b700b3dad25448,0.760199
95a503cfa55a48d6a01d293cc25399c0,878e5c41be5c477e9f660ca361fdd727,0.759189
95a503cfa55a48d6a01d293cc25399c0,bfd1d441da734aad88cfacdab3ee4059,0.759098
fdd0fecc1fbd4f8da6683ae92d766e3f,94ed54abfdc74b04b0dcb19c278e66f4,0.963731
fdd0fecc1fbd4f8da6683ae92d766e3f,13aca0959cc948cabeee0d7255f55a65,0.793965
fdd0fecc1fbd4f8da6683ae92d766e3f,1d93c07de74c482ebf0a76ec564c3252,0.783315
fdd0fecc1fbd4f8da6683ae92d766e3f,8af25c7ae8e14435a6e27a5671968f50,0.777013
fdd0fecc1fbd4f8da6683ae92d766e3f,a8904adcdd21495f890bc614bfdbf86f,0.771935
fdd0fecc1fbd4f8da6683ae92d766e3f,716a15d66b63424a8068da89e75733b4,0.771277
fdd0fecc1fbd4f8da6683ae92d766e3f,91f0da6d71574ababd8e868bddec9310,0.769577
fdd0fecc1fbd4f8da6683ae92d766e3f,33e2a95109e647cbb4ba2687631b169a,0.766787
fdd0fecc1fbd4f8da6683ae92d766e3f,b01fd4d037a84a7aa777e1fc345c73c5,0.764824
fdd0fecc1fbd4f8da6683ae92d766e3f,8c5f38853679436ba434b6a696e43168,0.759834
a63b30ed19774ee7bd8c65b80994011f,2d43cf91509846e29ab4febd7781919f,0.973971
a63b30ed19774ee7bd8c65b80994011f,94ed54abfdc74b04b0dcb19c278e66f4,0.792946
a63b30ed19774ee7bd8c65b80994011f,86179aff3df24ff59b11e9a34974a3f4,0.783383
a63b30ed19774ee7bd8c65b80994011f,bfd1d441da734aad88cfacdab3ee4059,0.781354
a63b30ed19774ee7bd8c65b80994011f,cb550e5ff4694fe9a19eaa6588cef250,0.778996
a63b30ed19774ee7bd8c65b80994011f,db69f22fe72246ea85d33991961a649a,0.775735
a63b30ed19774ee7bd8c65b80994011f,27a0d24dc1e14b28a1f18456b29c93f1,0.774122
a63b30ed19774ee7bd8c65b80994011f,878e5c41be5c477e9f660ca361fdd727,0.773375
a63b30ed19774ee7bd8c65b80994011f,3766b26b53874893ae48693880e1942c,0.771869
a63b30ed19774ee7bd8c65b80994011f,a0408a6462b24cf18e50a8616359d5ad,0.771163
b7ee6050d7ff433da190380cbf6c568b,55c0b899937042c98162389b209aca7f,0.966590
b7ee6050d7ff433da190380cbf6c568b,df0c94234d9d4890b5b4b95c441b3e9a,0.771648
9f79b85612a8457c9560f5188ba8de80,5605fa1188974644937bbf92fec50e21,0.787020
9f79b85612a8457c9560f5188ba8de80,9ffa09a2b9bd4da0ba98fc537ca68802,0.761046
9f79b85612a8457c9560f5188ba8de80,79721c9bb6a54ecdb3d0a0f4011762c1,0.758583
92842816932b4cedaf43f4075a7295f8,df0c94234d9d4890b5b4b95c441b3e9a,0.816292
92842816932b4cedaf43f4075a7295f8,55c0b899937042c98162389b209aca7f,0.787197
92842816932b4cedaf43f4075a7295f8,79721c9bb6a54ecdb3d0a0f4011762c1,0.786903
92842816932b4cedaf43f4075a7295f8,e79ae27b52fa4d54aa37735fd275c66e,0.761080
92842816932b4cedaf43f4075a7295f8,5605fa1188974644937bbf92fec50e21,0.758963
92842816932b4cedaf43f4075a7295f8,c78547bdc2e64ac8935559f7de2efd41,0.752778
0ba88aef47574c8397c6bafc945b9a6d,7daa434073604cb98a04fefb55468dda,0.968783
0ba88aef47574c8397c6bafc945b9a6d,361f2b7f3f044907b3a331872fb18755,0.814174
0ba88aef47574c8397c6bafc945b9a6d,bbdf9065122d499d9d8f80ad3e0ef6f3,0.783941
0ba88aef47574c8397c6bafc945b9a6d,0daf8d5687b54d158f7f752884c42334,0.761949
0ba88aef47574c8397c6bafc945b9a6d,e2e0c8c96aff4c00896ac6986bbb20c2,0.761483
0ba88aef47574c8397c6bafc945b9a6d,e7ee85dd47ca43eeb2fdcd70b802f0ec,0.758672
0ba88aef47574c8397c6bafc945b9a6d,4e4495962a9b4864882397042f1a2b3e,0.754877
0ba88aef47574c8397c6bafc945b9a6d,0accd1d0138b49049d437c0d9b1c23c3,0.754110
908bfd5077a44b398cdda1f6b068ef55,7daa434073604cb98a04fefb55468dda,0.956943
908bfd5077a44b398cdda1f6b068ef55,361f2b7f3f044907b3a331872fb18755,0.808735
908bfd5077a44b398cdda1f6b068ef55,bbdf9065122d499d9d8f80ad3e0ef6f3,0.791085
908bfd5077a44b398cdda1f6b068ef55,e7ee85dd47ca43eeb2fdcd70b802f0ec,0.768017
908bfd5077a44b398cdda1f6b068ef55,4e4495962a9b4864882397042f1a2b3e,0.763932
908bfd5077a44b398cdda1f6b068ef55,0daf8d5687b54d158f7f752884c42334,0.761961
908bfd5077a44b398cdda1f6b068ef55,e2e0c8c96aff4c00896ac6986bbb20c2,0.753362
a165443e0d954522807ce0ab172fcdc5,361f2b7f3f044907b3a331872fb18755,0.946848
a165443e0d954522807ce0ab172fcdc5,7daa434073604cb98a04fefb55468dda,0.825726
f9f0efaa4a6142a7919a132744822ef4,dd77b570036f40de9fdf49011bb9e2d8,0.857658
f9f0efaa4a6142a7919a132744822ef4,39a08a87897f47d3bdbbdc5ed8c9cd7f,0.817249
f9f0efaa4a6142a7919a132744822ef4,a35d7304347a4f81b1ccfb086956921c,0.758576
a1022ebe11dc4f2888d2400773e35559,,
095cc723607c4786bac59694c8e22fac,39a08a87897f47d3bdbbdc5ed8c9cd7f,0.980003
095cc723607c4786bac59694c8e22fac,dd77b570036f40de9fdf49011bb9e2d8,0.854845
f975925d733d40bd99cdc31b176a5add,26869cc099c44c4a86f6043476ab4890,0.844146
f975925d733d40bd99cdc31b176a5add,bbdf9065122d499d9d8f80ad3e0ef6f3,0.778324
f975925d733d40bd99cdc31b176a5add,65e30dd62cfa4dccb9ea4d908a9d6fab,0.769064
f975925d733d40bd99cdc31b176a5add,e7ee85dd47ca43eeb2fdcd70b802f0ec,0.765972
f975925d733d40bd99cdc31b176a5add,0daf8d5687b54d158f7f752884c42334,0.765784
f975925d733d40bd99cdc31b176a5add,d658e3a743af41899183fecff6b2628d,0.758086
f71566d731d04b0fa7d5306ca6d5d1a3,39a08a87897f47d3bdbbdc5ed8c9cd7f,0.988652
f71566d731d04b0fa7d5306ca6d5d1a3,dd77b570036f40de9fdf49011bb9e2d8,0.860173
6e42a161c552498789623a17244a874b,249c2d8d8d2345c6990b3c4d94385b5a,0.753799
6e42a161c552498789623a17244a874b,ca544e6629b14e8fab5f7cb40d1ac88e,0.752708
947c873b63474e1c81b5f7d75177694b,,
1869a01128ef42e787aac2c1e61067fd,e2769c67dadd4c988f7ccf249a998a56,0.772030
1869a01128ef42e787aac2c1e61067fd,ca544e6629b14e8fab5f7cb40d1ac88e,0.760820
1869a01128ef42e787aac2c1e61067fd,66cba49431224a3788f914d6a80165e1,0.754453
4e741c03bcf2485b841a422cf7af28e7,,
3b718c2254b44a6b98577df37cfcf2e6,19098957d8c24cab95daa30c2baefd8f,0.865212
3b718c2254b44a6b98577df37cfcf2e6,8b038cd0dafd45d8b1ce75177ca3a76b,0.798964
3b718c2254b44a6b98577df37cfcf2e6,f92d16d3a970487094292439c3e00923,0.777214
3b718c2254b44a6b98577df37cfcf2e6,8c7c9eaae41a44a3a4ebe39ce167d300,0.776118
3b718c2254b44a6b98577df37cfcf2e6,7bbe3c76bcc04d73969f920d43fcc67d,0.772986
3b718c2254b44a6b98577df37cfcf2e6,0eb119aabc884795a4768c6d3e677ea1,0.769782
3b718c2254b44a6b98577df37cfcf2e6,2f0401170d104b47b0a8f087f69dee88,0.752762
5c555c29b0864fed9559512fc8b56e7e,8b038cd0dafd45d8b1ce75177ca3a76b,0.874890
5c555c29b0864fed9559512fc8b56e7e,19098957d8c24cab95daa30c2baefd8f,0.840058
5c555c29b0864fed9559512fc8b56e7e,04fa591263664fb0a6868552ebd3590b,0.825024
5c555c29b0864fed9559512fc8b56e7e,e2e0c8c96aff4c00896ac6986bbb20c2,0.802677
5c555c29b0864fed9559512fc8b56e7e,40a95697730046dcbb0d7ba1fe2109a6,0.800504
5c555c29b0864fed9559512fc8b56e7e,25afb6f7e9314af09008644bca5955b9,0.799092
5c555c29b0864fed9559512fc8b56e7e,e88ce4cd350f43398a5c0ab8629cee72,0.782598
5c555c29b0864fed9559512fc8b56e7e,50a2129b83404b94889a01f4688ebafd,0.775737
5c555c29b0864fed9559512fc8b56e7e,7bbe3c76bcc04d73969f920d43fcc67d,0.766597
5c555c29b0864fed9559512fc8b56e7e,1419b2c686f44896a0ae2a43e93b5402,0.765610
62c7211abab24fcca853aeb2813a880d,9460474d89704a68aaa6ccb62310ae3d,0.896175
0883118ad1b2497ab0b9df2a1e2b16b9,9460474d89704a68aaa6ccb62310ae3d,0.900334
f79a2bf431ab4c86b494e19d1845d00c,c66c6f1449d44728a2ef72de53dd6d5e,0.971523
a57e9b989c854296a345aa9dea1c5cb4,3f1c2bb09c4e4400b6ba19542fafce18,0.948780
8c894f4ececa48fe8b64acf34a77674e,c66c6f1449d44728a2ef72de53dd6d5e,0.967172
8257521498a64a9fb7b41143b713373b,1027a336232c4454a9c4ae450a562788,0.980774
8257521498a64a9fb7b41143b713373b,19a124c6dad14a4fa7864463b081009c,0.850750
8257521498a64a9fb7b41143b713373b,c65af18670ea437c8986884645b3afe9,0.789105
78188b8c0642428fb591262e5d86ce6d,1027a336232c4454a9c4ae450a562788,0.853245
78188b8c0642428fb591262e5d86ce6d,19a124c6dad14a4fa7864463b081009c,0.844415
78188b8c0642428fb591262e5d86ce6d,c65af18670ea437c8986884645b3afe9,0.794926
78188b8c0642428fb591262e5d86ce6d,4a3d4daed4b24a1898551f0fd1ba44f1,0.759006
03d5ce4601154cbdad2bd459235427ad,1027a336232c4454a9c4ae450a562788,0.976116
03d5ce4601154cbdad2bd459235427ad,19a124c6dad14a4fa7864463b081009c,0.870068
03d5ce4601154cbdad2bd459235427ad,c65af18670ea437c8986884645b3afe9,0.817036
e46f5e15b5ba480db90f0be1f5c6b070,c65af18670ea437c8986884645b3afe9,0.990030
e46f5e15b5ba480db90f0be1f5c6b070,19a124c6dad14a4fa7864463b081009c,0.857380
e46f5e15b5ba480db90f0be1f5c6b070,1027a336232c4454a9c4ae450a562788,0.804652
0e8d635cc3e241ddbe108bab5a0f863f,c65af18670ea437c8986884645b3afe9,0.888422
0e8d635cc3e241ddbe108bab5a0f863f,19a124c6dad14a4fa7864463b081009c,0.778872
b6a711f4ec9b4b1bb1bcd06f684f9c22,24c55bb5cd694770ba895c7401da2ba5,0.774835
b6a711f4ec9b4b1bb1bcd06f684f9c22,e0d8aee46b1d4d998858cd05027251b6,0.757639
b6a711f4ec9b4b1bb1bcd06f684f9c22,6d3b4c95066e4dd8a6ad1c66b1c1ea4f,0.755797
10346a6c05be419ba2fd6398a619c44e,24c55bb5cd694770ba895c7401da2ba5,0.902952
10346a6c05be419ba2fd6398a619c44e,0daf8d5687b54d158f7f752884c42334,0.790567
10346a6c05be419ba2fd6398a619c44e,7359a1cc20d54f96aeea121d7247b88d,0.779526
10346a6c05be419ba2fd6398a619c44e,0accd1d0138b49049d437c0d9b1c23c3,0.767324
10346a6c05be419ba2fd6398a619c44e,cdd73e0289aa4e2b87cd14e6ff5bd75e,0.764225
10346a6c05be419ba2fd6398a619c44e,4a7fa5a1bafe4b6995e2920444ac07c4,0.758747
10346a6c05be419ba2fd6398a619c44e,d658e3a743af41899183fecff6b2628d,0.757220
10346a6c05be419ba2fd6398a619c44e,3aa003c1e31b476e999c3a808a1d5dc6,0.756045
c2b5ae1e1c2c49d39e7b25d5660dfc10,24c55bb5cd694770ba895c7401da2ba5,0.804958
c2b5ae1e1c2c49d39e7b25d5660dfc10,e0d8aee46b1d4d998858cd05027251b6,0.769125
c2b5ae1e1c2c49d39e7b25d5660dfc10,cdd73e0289aa4e2b87cd14e6ff5bd75e,0.758771
c2b5ae1e1c2c49d39e7b25d5660dfc10,7359a1cc20d54f96aeea121d7247b88d,0.756865
c2b5ae1e1c2c49d39e7b25d5660dfc10,0433768f874042a5b2d2e37ad9deae13,0.755442
4a7c88e745974776bdca788eeafcb775,24c55bb5cd694770ba895c7401da2ba5,0.799354
4a7c88e745974776bdca788eeafcb775,cdd73e0289aa4e2b87cd14e6ff5bd75e,0.768494
4a7c88e745974776bdca788eeafcb775,2f0401170d104b47b0a8f087f69dee88,0.767665
4a7c88e745974776bdca788eeafcb775,a0408a6462b24cf18e50a8616359d5ad,0.761165
4a7c88e745974776bdca788eeafcb775,0433768f874042a5b2d2e37ad9deae13,0.758568
4a7c88e745974776bdca788eeafcb775,0daf8d5687b54d158f7f752884c42334,0.756141
4a7c88e745974776bdca788eeafcb775,e0d8aee46b1d4d998858cd05027251b6,0.755166
350aae48399c41099ec9c648db89df25,0ecfdd96e0054841883acba75e83b232,0.943543
350aae48399c41099ec9c648db89df25,baf841bad27c456c9de7227555ea3ef8,0.763450
09b37860da4b43c98172983e0ca57104,764b8280445d4023aecaa53cf7758932,0.778226
1a78505b4d0640aa9f35eb528818e54d,764b8280445d4023aecaa53cf7758932,0.802410
b2decece9a254aa29e885325d7e10a91,764b8280445d4023aecaa53cf7758932,0.826532
1ba78638d99a453298a17f233049c981,c1d504dfeded4b8bb3c07777b7c7abde,0.940426
1ba78638d99a453298a17f233049c981,230b9ef63ea240e9b61a18f41473f942,0.775849
1ba78638d99a453298a17f233049c981,f0084465b2e646c9a53d9dc766067d9b,0.757037
e796ebb3bb6040dfb158ab774e2073f5,ab57f83304bc4005998bbd6bc063fb4f,0.970688
e796ebb3bb6040dfb158ab774e2073f5,9909a671f7414c19b2727e7d4d4dcf1b,0.770067
1ee672ab946e4272a171ede24ff00adb,c1d504dfeded4b8bb3c07777b7c7abde,0.944993
b38d1801df8a4cad9d5ac01b703946cd,b3209c60460a437294e2b30a9e9d3f53,0.782237
b38d1801df8a4cad9d5ac01b703946cd,f37d285ad0de42f0b1546d0d1acfb221,0.756632
c93b2527aefe464c88f83b2c5c05a5f3,ab57f83304bc4005998bbd6bc063fb4f,0.883423
c93b2527aefe464c88f83b2c5c05a5f3,5e2f1a45f7174f1aa39a194179985876,0.757623
c93b2527aefe464c88f83b2c5c05a5f3,f37d285ad0de42f0b1546d0d1acfb221,0.755627
c93b2527aefe464c88f83b2c5c05a5f3,6c51b4f57ba0415f994756e944b11cee,0.753766
6ba0f16f8a794139aa559865c689f392,de6ac628a786435f9925c8cc1d707d6b,0.889896
011e2395f6a74299aafef3ad4c6e1bd5,4422777ed51142a99aacf05f446cfea1,0.980628
011e2395f6a74299aafef3ad4c6e1bd5,f69dcaceb6074ddebfe1dc7e5978fcff,0.769237
fbcfef1ef1bc43e3bf9e78155f27de0e,de6ac628a786435f9925c8cc1d707d6b,0.758721
fbcfef1ef1bc43e3bf9e78155f27de0e,30578712823948b086e3781343982938,0.754564
e213427aa5fa426b826fb892aee20bcd,984058b7165d4c6385bec3c94afa9fb2,0.983434
e213427aa5fa426b826fb892aee20bcd,f4474150010f4021a4620372062f3797,0.774111
4d0df524bcae4a17b817d5eb1edde03d,984058b7165d4c6385bec3c94afa9fb2,0.980221
4d0df524bcae4a17b817d5eb1edde03d,f4474150010f4021a4620372062f3797,0.773798
2382285186b14233b2a574461eead3a9,b277101390e1465685ef79bf3519f8d7,0.879520
91918319e16747aa9a1d9dd6b13b960e,b277101390e1465685ef79bf3519f8d7,0.963431
de360956bf524b1783abb303a77d92b5,9daaefe080b34656a0c7a54d2d6a1713,0.837868
de360956bf524b1783abb303a77d92b5,5605fa1188974644937bbf92fec50e21,0.762034
de360956bf524b1783abb303a77d92b5,b52468fc0af2435f9ba91939f72bbf6a,0.756195
18eca8b91ef14435a8d3dc3cf888e60d,0592b57e490d4206a3f12eb004a0afe0,0.805053
18eca8b91ef14435a8d3dc3cf888e60d,89e983dca0a34b768e17b3871b9cea1e,0.773347
18eca8b91ef14435a8d3dc3cf888e60d,b40d3c588ad647ff85e397a6bc5f9d8b,0.762079
71a406ea72c94b068788a3f7435fb47e,0592b57e490d4206a3f12eb004a0afe0,0.833869
71a406ea72c94b068788a3f7435fb47e,89e983dca0a34b768e17b3871b9cea1e,0.806707
71a406ea72c94b068788a3f7435fb47e,b40d3c588ad647ff85e397a6bc5f9d8b,0.773652
71a406ea72c94b068788a3f7435fb47e,643fbbdd6b764ba9904a4ee67a86b9fd,0.771412
d67d3ded66fd47dcbd06a4e0d110046a,0cdb0f32850f4585a16de4886462bbe0,0.981417
d67d3ded66fd47dcbd06a4e0d110046a,f335a944a27a4504a82ecf70c2d4a5e4,0.807846
d67d3ded66fd47dcbd06a4e0d110046a,5fc200cab89346658c9c91cce27e85fe,0.804072
d67d3ded66fd47dcbd06a4e0d110046a,6bde760ad5d4485db9889b1bdc074005,0.790276
d67d3ded66fd47dcbd06a4e0d110046a,076e2669c305401fb3afcfafdd6c79c7,0.785435
d67d3ded66fd47dcbd06a4e0d110046a,aa082284f9894b5aa210c179d59999b1,0.783748
d67d3ded66fd47dcbd06a4e0d110046a,403835bbf2f1447188bcc78e062b0028,0.773398
d67d3ded66fd47dcbd06a4e0d110046a,be8953cc364d46cebbcc2c2da2c348ab,0.770293
d67d3ded66fd47dcbd06a4e0d110046a,ff171f0b29974f78b0e81fee30abdd38,0.766886
d67d3ded66fd47dcbd06a4e0d110046a,cd6ce920d00e4d17a6cf04f9f7e550b7,0.754383
a1ee60380a8341b4a22b01efc9c91484,0cdb0f32850f4585a16de4886462bbe0,0.971081
a1ee60380a8341b4a22b01efc9c91484,f335a944a27a4504a82ecf70c2d4a5e4,0.811192
a1ee60380a8341b4a22b01efc9c91484,5fc200cab89346658c9c91cce27e85fe,0.811146
a1ee60380a8341b4a22b01efc9c91484,be8953cc364d46cebbcc2c2da2c348ab,0.807302
a1ee60380a8341b4a22b01efc9c91484,403835bbf2f1447188bcc78e062b0028,0.802275
a1ee60380a8341b4a22b01efc9c91484,6bde760ad5d4485db9889b1bdc074005,0.786871
a1ee60380a8341b4a22b01efc9c91484,076e2669c305401fb3afcfafdd6c79c7,0.783290
a1ee60380a8341b4a22b01efc9c91484,4e22dc65beb7450b9260cf27e50919e4,0.779612
a1ee60380a8341b4a22b01efc9c91484,aa082284f9894b5aa210c179d59999b1,0.773907
a1ee60380a8341b4a22b01efc9c91484,e06d08ff594a4acbac12edf579743fcf,0.767134
0ba701552aa94bf68368b5382edfd973,13e659415ac84c7a81fc769111d43417,0.754144
d80469792ba1435797dbbd8c826c4dcc,0c889c151e094b948c13b0275e660a9c,0.791856
a2c9e517dc6d4e6bbbfc226aa45adb37,403835bbf2f1447188bcc78e062b0028,0.940486
a2c9e517dc6d4e6bbbfc226aa45adb37,be8953cc364d46cebbcc2c2da2c348ab,0.842040
a2c9e517dc6d4e6bbbfc226aa45adb37,0cdb0f32850f4585a16de4886462bbe0,0.813792
a2c9e517dc6d4e6bbbfc226aa45adb37,5e44915237fc4445b54b037e1c4e29a4,0.784011
a2c9e517dc6d4e6bbbfc226aa45adb37,797cc520b8c94d9bbef187818ab51647,0.776018
a2c9e517dc6d4e6bbbfc226aa45adb37,e06d08ff594a4acbac12edf579743fcf,0.767781
a2c9e517dc6d4e6bbbfc226aa45adb37,87fc1d6a57ea488786caaec8599c3b8b,0.766317
a2c9e517dc6d4e6bbbfc226aa45adb37,5fc200cab89346658c9c91cce27e85fe,0.759208
a2c9e517dc6d4e6bbbfc226aa45adb37,0c889c151e094b948c13b0275e660a9c,0.758955
a2c9e517dc6d4e6bbbfc226aa45adb37,7584980704ae4617bb27ca162cc9c5db,0.754346
94e80e2185c943e49ef7d81012376cbc,3356a8a8c6ee4f30bc2b028e360d4471,0.956735
94e80e2185c943e49ef7d81012376cbc,19a124c6dad14a4fa7864463b081009c,0.766577
94e80e2185c943e49ef7d81012376cbc,5a6f4a2f7f6a4b1fa146493472e6d721,0.758846
dc79be5806cf4fa1b7fdf18adcb8af3d,4a3d4daed4b24a1898551f0fd1ba44f1,0.963180
dc79be5806cf4fa1b7fdf18adcb8af3d,5a6f4a2f7f6a4b1fa146493472e6d721,0.814892
7301669f98674b658396f1d96eaf98d3,19a124c6dad14a4fa7864463b081009c,0.776665
7301669f98674b658396f1d96eaf98d3,3356a8a8c6ee4f30bc2b028e360d4471,0.763259
7301669f98674b658396f1d96eaf98d3,5a6f4a2f7f6a4b1fa146493472e6d721,0.758496
7301669f98674b658396f1d96eaf98d3,1027a336232c4454a9c4ae450a562788,0.758139
7301669f98674b658396f1d96eaf98d3,c65af18670ea437c8986884645b3afe9,0.756162
8d37ca8985e84bd297602e977ec9487a,4a3d4daed4b24a1898551f0fd1ba44f1,0.966061
8d37ca8985e84bd297602e977ec9487a,5a6f4a2f7f6a4b1fa146493472e6d721,0.814828
d7577481d2284677970ac7a876a6d295,3356a8a8c6ee4f30bc2b028e360d4471,0.961795
d7577481d2284677970ac7a876a6d295,19a124c6dad14a4fa7864463b081009c,0.778481
d7577481d2284677970ac7a876a6d295,5a6f4a2f7f6a4b1fa146493472e6d721,0.768271
d7577481d2284677970ac7a876a6d295,4a3d4daed4b24a1898551f0fd1ba44f1,0.757302
d7577481d2284677970ac7a876a6d295,1027a336232c4454a9c4ae450a562788,0.756635
499f89e2519849bfbdcfb7f09d470c08,44156e6482884acaaee1938e04d8b6ff,0.807547
1e4b598167924e35b74d3da0df1f2de1,796eade2ee4f466781d9f6669db43e48,0.968000
c7bd4b551343446fb8edc262aec1a374,796eade2ee4f466781d9f6669db43e48,0.984759
219b73b7828646f9bb608aec046837ee,44156e6482884acaaee1938e04d8b6ff,0.915414
9d11ca9aa5d24f68aab627b9e93e698b,3138244ae91040948d5bd6772e4075ea,0.975029
9d11ca9aa5d24f68aab627b9e93e698b,70558882c04e46bd99d15e9786468418,0.785632
cc89d7fa93924af1a154d57f1f1cfbc3,70558882c04e46bd99d15e9786468418,0.963777
cc89d7fa93924af1a154d57f1f1cfbc3,3138244ae91040948d5bd6772e4075ea,0.763250
cc89d7fa93924af1a154d57f1f1cfbc3,b77d8b7bb0114c379139d280a9210e83,0.758311
a3a0aa5e67f44552af621d1abeb18c13,3138244ae91040948d5bd6772e4075ea,0.930923
a3a0aa5e67f44552af621d1abeb18c13,70558882c04e46bd99d15e9786468418,0.765703
2832c5b8870946c69ac69731c0ec1d68,70558882c04e46bd99d15e9786468418,0.790510
1403f18946f64e94915e337242ec189f,556743bab70d4b75bafcf192fef95b16,0.985763
1403f18946f64e94915e337242ec189f,04fa591263664fb0a6868552ebd3590b,0.764957
104c41a52ade420c9d3dac7c3c0aaf80,be9e713988ba4bbba869885cad419259,0.959377
104c41a52ade420c9d3dac7c3c0aaf80,8c7c9eaae41a44a3a4ebe39ce167d300,0.803304
104c41a52ade420c9d3dac7c3c0aaf80,8683a3ad55d84a78834fabe20cde5269,0.780790
104c41a52ade420c9d3dac7c3c0aaf80,b834c0b0c10b471b87ad3f11468de619,0.778774
104c41a52ade420c9d3dac7c3c0aaf80,4e4495962a9b4864882397042f1a2b3e,0.778172
104c41a52ade420c9d3dac7c3c0aaf80,eeb3b60f34af40de850e065b475d8180,0.764606
104c41a52ade420c9d3dac7c3c0aaf80,2f0401170d104b47b0a8f087f69dee88,0.763112
104c41a52ade420c9d3dac7c3c0aaf80,724a3f6551e74ad585bdeac9a75fd639,0.761309
104c41a52ade420c9d3dac7c3c0aaf80,0eb119aabc884795a4768c6d3e677ea1,0.755002
104c41a52ade420c9d3dac7c3c0aaf80,f92d16d3a970487094292439c3e00923,0.754349
e8a3dc97d68d46b6b42514168c735abb,be9e713988ba4bbba869885cad419259,0.942212
e8a3dc97d68d46b6b42514168c735abb,eeb3b60f34af40de850e065b475d8180,0.795282
e8a3dc97d68d46b6b42514168c735abb,8c7c9eaae41a44a3a4ebe39ce167d300,0.790351
e8a3dc97d68d46b6b42514168c735abb,4e4495962a9b4864882397042f1a2b3e,0.787994
e8a3dc97d68d46b6b42514168c735abb,8683a3ad55d84a78834fabe20cde5269,0.765588
e8a3dc97d68d46b6b42514168c735abb,e2e0c8c96aff4c00896ac6986bbb20c2,0.761424
d93d116f2e364d0c956fe7f93f434129,cd6ce920d00e4d17a6cf04f9f7e550b7,0.826434
d93d116f2e364d0c956fe7f93f434129,5fc200cab89346658c9c91cce27e85fe,0.763527
d93d116f2e364d0c956fe7f93f434129,f2cfa68a47ce4a43a0fe1cc7dc860418,0.759924
d93d116f2e364d0c956fe7f93f434129,0b57f893483647c3aed811775a4c4c04,0.757452
d93d116f2e364d0c956fe7f93f434129,2070754bb5dd4a248be9c2a6a1a9d381,0.752790
8b13db18ea734cf391e49a434b75757e,6b7b5d28293d4a5a8075f7f7dd231ddb,0.944790
8b13db18ea734cf391e49a434b75757e,0cdb0f32850f4585a16de4886462bbe0,0.777784
8b13db18ea734cf391e49a434b75757e,dbf0926f9f344f1d88b114660db4d2eb,0.770862
8b13db18ea734cf391e49a434b75757e,2070754bb5dd4a248be9c2a6a1a9d381,0.763933
8b13db18ea734cf391e49a434b75757e,2c8eafa0ff26437a862dc2224ab57073,0.760032
8b13db18ea734cf391e49a434b75757e,be8953cc364d46cebbcc2c2da2c348ab,0.756015
8b13db18ea734cf391e49a434b75757e,5e44915237fc4445b54b037e1c4e29a4,0.755714
8b13db18ea734cf391e49a434b75757e,5fc200cab89346658c9c91cce27e85fe,0.754659
89345620586f45b098d21a0c401cf8d7,cd6ce920d00e4d17a6cf04f9f7e550b7,0.976733
89345620586f45b098d21a0c401cf8d7,f335a944a27a4504a82ecf70c2d4a5e4,0.768914
89345620586f45b098d21a0c401cf8d7,5fc200cab89346658c9c91cce27e85fe,0.756758
89345620586f45b098d21a0c401cf8d7,0cdb0f32850f4585a16de4886462bbe0,0.755680
8169f7fd48544fa082dae25d882a787a,6b7b5d28293d4a5a8075f7f7dd231ddb,0.943888
8169f7fd48544fa082dae25d882a787a,5e44915237fc4445b54b037e1c4e29a4,0.771588
8169f7fd48544fa082dae25d882a787a,2070754bb5dd4a248be9c2a6a1a9d381,0.765884
8169f7fd48544fa082dae25d882a787a,2c8eafa0ff26437a862dc2224ab57073,0.761108
8169f7fd48544fa082dae25d882a787a,0cdb0f32850f4585a16de4886462bbe0,0.756254
7de9406e3c12409081f8c0ebc2127441,a35d7304347a4f81b1ccfb086956921c,0.986341
7de9406e3c12409081f8c0ebc2127441,0433768f874042a5b2d2e37ad9deae13,0.862441
7de9406e3c12409081f8c0ebc2127441,2f0401170d104b47b0a8f087f69dee88,0.795596
7de9406e3c12409081f8c0ebc2127441,f92d16d3a970487094292439c3e00923,0.771962
7de9406e3c12409081f8c0ebc2127441,59f62d35b1ad451397b700b3dad25448,0.766677
7de9406e3c12409081f8c0ebc2127441,a4af9472683c4df0a86f9400c99c2b61,0.762531
7de9406e3c12409081f8c0ebc2127441,3766b26b53874893ae48693880e1942c,0.760726
7de9406e3c12409081f8c0ebc2127441,b675be39e8ff421aa59811f146da945b,0.759762
7de9406e3c12409081f8c0ebc2127441,e7ee85dd47ca43eeb2fdcd70b802f0ec,0.759454
7de9406e3c12409081f8c0ebc2127441,dd77b570036f40de9fdf49011bb9e2d8,0.756936
d5f199eff49445b491565e80e55f8e53,b675be39e8ff421aa59811f146da945b,0.968845
d5f199eff49445b491565e80e55f8e53,f92d16d3a970487094292439c3e00923,0.863502
d5f199eff49445b491565e80e55f8e53,2f0401170d104b47b0a8f087f69dee88,0.817105
d5f199eff49445b491565e80e55f8e53,724a3f6551e74ad585bdeac9a75fd639,0.806985
d5f199eff49445b491565e80e55f8e53,3766b26b53874893ae48693880e1942c,0.795388
d5f199eff49445b491565e80e55f8e53,59f62d35b1ad451397b700b3dad25448,0.785132
d5f199eff49445b491565e80e55f8e53,e7ee85dd47ca43eeb2fdcd70b802f0ec,0.780770
d5f199eff49445b491565e80e55f8e53,cb550e5ff4694fe9a19eaa6588cef250,0.771635
d5f199eff49445b491565e80e55f8e53,a4af9472683c4df0a86f9400c99c2b61,0.771096
d5f199eff49445b491565e80e55f8e53,db69f22fe72246ea85d33991961a649a,0.768758
70e5632cb4e64b128fb44a897571245c,a35d7304347a4f81b1ccfb086956921c,0.981970
70e5632cb4e64b128fb44a897571245c,0433768f874042a5b2d2e37ad9deae13,0.849857
70e5632cb4e64b128fb44a897571245c,2f0401170d104b47b0a8f087f69dee88,0.786649
70e5632cb4e64b128fb44a897571245c,f92d16d3a970487094292439c3e00923,0.763196
70e5632cb4e64b128fb44a897571245c,59f62d35b1ad451397b700b3dad25448,0.754712
70e5632cb4e64b128fb44a897571245c,a4af9472683c4df0a86f9400c99c2b61,0.753272
70e5632cb4e64b128fb44a897571245c,27a0d24dc1e14b28a1f18456b29c93f1,0.752773
aa61f461ceef43859129c5b33e8bd9a5,2f0401170d104b47b0a8f087f69dee88,0.951827
aa61f461ceef43859129c5b33e8bd9a5,59f62d35b1ad451397b700b3dad25448,0.840874
aa61f461ceef43859129c5b33e8bd9a5,b675be39e8ff421aa59811f146da945b,0.821120
aa61f461ceef43859129c5b33e8bd9a5,f92d16d3a970487094292439c3e00923,0.815571
aa61f461ceef43859129c5b33e8bd9a5,cb550e5ff4694fe9a19eaa6588cef250,0.815452
aa61f461ceef43859129c5b33e8bd9a5,0433768f874042a5b2d2e37ad9deae13,0.801654
aa61f461ceef43859129c5b33e8bd9a5,a35d7304347a4f81b1ccfb086956921c,0.799705
aa61f461ceef43859129c5b33e8bd9a5,e7ee85dd47ca43eeb2fdcd70b802f0ec,0.791138
aa61f461ceef43859129c5b33e8bd9a5,0eb119aabc884795a4768c6d3e677ea1,0.788133
aa61f461ceef43859129c5b33e8bd9a5,3766b26b53874893ae48693880e1942c,0.787364
4095895ca5d6432d8c9ca23b6431250c,1ad0cf33e96243888d5f970195a75586,0.841901
4095895ca5d6432d8c9ca23b6431250c,da9cfbdf124143b78bec89393dd5287a,0.786911
4095895ca5d6432d8c9ca23b6431250c,cc243eebbb2b44a581745865a60c423a,0.758229
4095895ca5d6432d8c9ca23b6431250c,f59a3ee5387440d981754b6595e8664c,0.758007
4095895ca5d6432d8c9ca23b6431250c,8dfbb6a204a0441492c35baca6190969,0.755305
04d06c5defde4dbf85a0c11fdd459eb8,1ad0cf33e96243888d5f970195a75586,0.937220
eef8e982ee854ffa9e9c5af62e17c155,ca1a2a6308834baba3140b5ce8f81320,0.979837
5a7d3f99251048e2ac81d5ea8c49c767,eeb3b60f34af40de850e065b475d8180,0.993751
5a7d3f99251048e2ac81d5ea8c49c767,04fa591263664fb0a6868552ebd3590b,0.797993
5a7d3f99251048e2ac81d5ea8c49c767,be9e713988ba4bbba869885cad419259,0.797752
5a7d3f99251048e2ac81d5ea8c49c767,8c7c9eaae41a44a3a4ebe39ce167d300,0.780912
5a7d3f99251048e2ac81d5ea8c49c767,e2e0c8c96aff4c00896ac6986bbb20c2,0.780507
5a7d3f99251048e2ac81d5ea8c49c767,724a3f6551e74ad585bdeac9a75fd639,0.779237
5a7d3f99251048e2ac81d5ea8c49c767,db69f22fe72246ea85d33991961a649a,0.779200
5a7d3f99251048e2ac81d5ea8c49c767,19098957d8c24cab95daa30c2baefd8f,0.771396
5a7d3f99251048e2ac81d5ea8c49c767,b834c0b0c10b471b87ad3f11468de619,0.763923
5a7d3f99251048e2ac81d5ea8c49c767,4e4495962a9b4864882397042f1a2b3e,0.759673
eca00c36492249e08f99875a5e115d84,eeb3b60f34af40de850e065b475d8180,0.990733
eca00c36492249e08f99875a5e115d84,be9e713988ba4bbba869885cad419259,0.797777
eca00c36492249e08f99875a5e115d84,04fa591263664fb0a6868552ebd3590b,0.794163
eca00c36492249e08f99875a5e115d84,e2e0c8c96aff4c00896ac6986bbb20c2,0.785655
eca00c36492249e08f99875a5e115d84,724a3f6551e74ad585bdeac9a75fd639,0.784711
eca00c36492249e08f99875a5e115d84,8c7c9eaae41a44a3a4ebe39ce167d300,0.784279
eca00c36492249e08f99875a5e115d84,db69f22fe72246ea85d33991961a649a,0.782715
eca00c36492249e08f99875a5e115d84,19098957d8c24cab95daa30c2baefd8f,0.775458
eca00c36492249e08f99875a5e115d84,b834c0b0c10b471b87ad3f11468de619,0.765163
eca00c36492249e08f99875a5e115d84,1d70bc69b2f84bef9aa5fb0d9917e38d,0.760132
92e3b7a540a547d8ba02bddf82f83380,1d70bc69b2f84bef9aa5fb0d9917e38d,0.966738
92e3b7a540a547d8ba02bddf82f83380,0f52f676197e4d4e92dec0a7bc4c4f7d,0.786685
92e3b7a540a547d8ba02bddf82f83380,2639b6540bda414f8a9baa3b5cdb612a,0.782865
92e3b7a540a547d8ba02bddf82f83380,02a3cd76ce534d188b4d5ac4778bd652,0.774333
92e3b7a540a547d8ba02bddf82f83380,d658e3a743af41899183fecff6b2628d,0.773937
92e3b7a540a547d8ba02bddf82f83380,26b18153216b48d793b75598ddb54d77,0.764796
d5bfa4fffcc249fe89deb2d4410919b6,1d70bc69b2f84bef9aa5fb0d9917e38d,0.979247
d5bfa4fffcc249fe89deb2d4410919b6,26b18153216b48d793b75598ddb54d77,0.775861
d5bfa4fffcc249fe89deb2d4410919b6,02a3cd76ce534d188b4d5ac4778bd652,0.770733
d5bfa4fffcc249fe89deb2d4410919b6,2639b6540bda414f8a9baa3b5cdb612a,0.764663
d5bfa4fffcc249fe89deb2d4410919b6,d658e3a743af41899183fecff6b2628d,0.760314
d5bfa4fffcc249fe89deb2d4410919b6,0f52f676197e4d4e92dec0a7bc4c4f7d,0.758744
d5bfa4fffcc249fe89deb2d4410919b6,eeb3b60f34af40de850e065b475d8180,0.754904
578d9258cbf8456ba7d9f83130e02184,88353d1136d24836816b073de62e5f50,0.933542
578d9258cbf8456ba7d9f83130e02184,4a7fa5a1bafe4b6995e2920444ac07c4,0.767156
578d9258cbf8456ba7d9f83130e02184,67984873125e4a0f9562179c906d1b0f,0.755779
578d9258cbf8456ba7d9f83130e02184,ca544e6629b14e8fab5f7cb40d1ac88e,0.753872
281e458eef7b4d77b67d424744237fbc,88353d1136d24836816b073de62e5f50,0.967293
281e458eef7b4d77b67d424744237fbc,4a7fa5a1bafe4b6995e2920444ac07c4,0.775033
281e458eef7b4d77b67d424744237fbc,7e17bbd109dc486c8f0a76f913782180,0.754153
281e458eef7b4d77b67d424744237fbc,b4dadb3ea3a04cc3932094471debce13,0.753207
7f6fdd98bfc5410fb6c4afa8786e0b48,452d645d5bf4485185e996dcec9523e5,0.794386
7f6fdd98bfc5410fb6c4afa8786e0b48,06a5f0cec6ce4170a02dad0ad4c55b1c,0.793701
7f6fdd98bfc5410fb6c4afa8786e0b48,910827a15eac4e4b9005d8e46ad71f6e,0.766995
cb84a0b8bd52401daa4762d7975d4fc7,655a618282cd4fa39a26f0967c033f4b,0.831702
cb84a0b8bd52401daa4762d7975d4fc7,60e87368fe334a92b57088b03cccbfc1,0.808509
cb84a0b8bd52401daa4762d7975d4fc7,452d645d5bf4485185e996dcec9523e5,0.795273
cb84a0b8bd52401daa4762d7975d4fc7,b98519f97e424c1389f5553f0869b15a,0.767323
cb84a0b8bd52401daa4762d7975d4fc7,41047823f2cb4194ba1e0709443c719a,0.766329
05021100f4bb4885a338db368a83cc95,06a5f0cec6ce4170a02dad0ad4c55b1c,0.810729
05021100f4bb4885a338db368a83cc95,452d645d5bf4485185e996dcec9523e5,0.794592
05021100f4bb4885a338db368a83cc95,910827a15eac4e4b9005d8e46ad71f6e,0.762649
f7ad8b57414846b993e2ca44f3962ff1,06a5f0cec6ce4170a02dad0ad4c55b1c,0.972308
f7ad8b57414846b993e2ca44f3962ff1,452d645d5bf4485185e996dcec9523e5,0.784034
750cd38aa39e4281ad616eddc8f5a983,48c31b1e2ce94de8968fab433813fa91,0.928548
750cd38aa39e4281ad616eddc8f5a983,ad054da7e1704a53931a341173f0605f,0.842663
750cd38aa39e4281ad616eddc8f5a983,c235728f290a44d6a5fc2e14111ae02e,0.793000
750cd38aa39e4281ad616eddc8f5a983,f1eecad10a61421eb16b1be7435d9c19,0.759811
750cd38aa39e4281ad616eddc8f5a983,a9d82bb43410405ca21b44a5e82e22b6,0.755413
c81df43d512e4bcb85b00b5f6763f6cc,c235728f290a44d6a5fc2e14111ae02e,0.980295
c81df43d512e4bcb85b00b5f6763f6cc,48c31b1e2ce94de8968fab433813fa91,0.823375
c81df43d512e4bcb85b00b5f6763f6cc,f1eecad10a61421eb16b1be7435d9c19,0.802881
c81df43d512e4bcb85b00b5f6763f6cc,ad054da7e1704a53931a341173f0605f,0.760796
a282371ee5c74dd98f0cada75271b7a7,48c31b1e2ce94de8968fab433813fa91,0.980165
a282371ee5c74dd98f0cada75271b7a7,ad054da7e1704a53931a341173f0605f,0.857725
a282371ee5c74dd98f0cada75271b7a7,c235728f290a44d6a5fc2e14111ae02e,0.806334
a282371ee5c74dd98f0cada75271b7a7,f1eecad10a61421eb16b1be7435d9c19,0.756111
a282371ee5c74dd98f0cada75271b7a7,a9d82bb43410405ca21b44a5e82e22b6,0.752716
0dedf21ad5ea4607b710bc0cccbcc7b9,c235728f290a44d6a5fc2e14111ae02e,0.949209
0dedf21ad5ea4607b710bc0cccbcc7b9,48c31b1e2ce94de8968fab433813fa91,0.807724
0dedf21ad5ea4607b710bc0cccbcc7b9,f1eecad10a61421eb16b1be7435d9c19,0.806053
0dedf21ad5ea4607b710bc0cccbcc7b9,ad054da7e1704a53931a341173f0605f,0.783294
aebc45203e45452db8eee17826ef2c46,e22e1ad3c1fc4493bcb7c9b923566ff7,0.926037
aebc45203e45452db8eee17826ef2c46,8228c9eb29a542ba98c8b9b854eadaa4,0.754162
aebc45203e45452db8eee17826ef2c46,6c6de17135be4f8c9423be633eaefcd4,0.754006
3e10372aff9641bb88682abca29e907e,8228c9eb29a542ba98c8b9b854eadaa4,0.971723
3e10372aff9641bb88682abca29e907e,7e8a4a43e2f84dbb88e41cb24b3fe79f,0.783291
3e10372aff9641bb88682abca29e907e,e4ee90d625d44a6d9adc138390eef0f8,0.766508
3e10372aff9641bb88682abca29e907e,e22e1ad3c1fc4493bcb7c9b923566ff7,0.758253
3e10372aff9641bb88682abca29e907e,bc607fd6000b43108e49b3d05688fe90,0.756921
3e10372aff9641bb88682abca29e907e,04537eabb0434eb2804d1220770b85a0,0.753872
3e10372aff9641bb88682abca29e907e,e834bfbd30b247e899f0dc029ab9f072,0.753381
9dce4a0759174753b62b3cb51b8fb679,d2a03ea4b2d3439ca3dc6fe056ab0f04,0.976928
9dce4a0759174753b62b3cb51b8fb679,b0236c76ae244fd8aacbea7da10e55ca,0.806982
9dce4a0759174753b62b3cb51b8fb679,009be1c3430743ff9b054bdfcd6228d6,0.754297
5596e047713c4a59b1e70561fa034e37,b0236c76ae244fd8aacbea7da10e55ca,0.980520
5596e047713c4a59b1e70561fa034e37,d2a03ea4b2d3439ca3dc6fe056ab0f04,0.811823
5596e047713c4a59b1e70561fa034e37,b64cef9df31c4e92a7b7ecd42f74f396,0.766340
6c348ea51c8b4750b956383a3b9a84c5,d2a03ea4b2d3439ca3dc6fe056ab0f04,0.992332
6c348ea51c8b4750b956383a3b9a84c5,b0236c76ae244fd8aacbea7da10e55ca,0.818323
6c348ea51c8b4750b956383a3b9a84c5,009be1c3430743ff9b054bdfcd6228d6,0.768512
6c348ea51c8b4750b956383a3b9a84c5,1c2b01416e3943e3b3c575e53c3f1d16,0.758789
c56449c78d8549cd9d227e4693e51c7e,b0236c76ae244fd8aacbea7da10e55ca,0.973539
c56449c78d8549cd9d227e4693e51c7e,d2a03ea4b2d3439ca3dc6fe056ab0f04,0.812229
c56449c78d8549cd9d227e4693e51c7e,1c2b01416e3943e3b3c575e53c3f1d16,0.765904
c56449c78d8549cd9d227e4693e51c7e,b64cef9df31c4e92a7b7ecd42f74f396,0.764550
8a4a2cf4736e43f8b21f72daeffc76ee,29fb30a75c57451a85f310aa6423a662,0.974227
f6bdc5e4c3894a41897ace2fe9061a90,73f684f538ea452cbb4fbecc2e8126a4,0.989575
bf133adcf34f4470ae9ab34f8bcac84b,29fb30a75c57451a85f310aa6423a662,0.976368
198ce01eda8e4bc0b31c457e65ddc39b,73f684f538ea452cbb4fbecc2e8126a4,0.981903
442c28225ce642b182163c39ab4c776b,31f80e4c87164e2893375ec7e73b372e,0.971342
442c28225ce642b182163c39ab4c776b,b85d652ba8d244f8ab9e941966094f28,0.766464
bc44523c44214d88ac687d8e05a28a8a,31f80e4c87164e2893375ec7e73b372e,0.908971
e41cc56f88244ce7a26e583bd54f506f,b85d652ba8d244f8ab9e941966094f28,0.980801
b6cd550fbc9a48008039483d12ad44eb,b85d652ba8d244f8ab9e941966094f28,0.854848
d425f86b0d264c76a6ff6edbbb718fd8,f7f600880b064920ab59b907d26aedc6,0.902098
a0ef1a7a1e304bfe91a8c12abf972c6c,d9096650c434432c871effeca9acd5c6,0.981807
a0ef1a7a1e304bfe91a8c12abf972c6c,a055f8188384479a8bad418f7dffd9a5,0.863251
a0ef1a7a1e304bfe91a8c12abf972c6c,da14e9dc2c3d4963b725de8102de5028,0.837168
a0ef1a7a1e304bfe91a8c12abf972c6c,ba8d0208e32e42969bd4349cf24f6ed1,0.808007
a0ef1a7a1e304bfe91a8c12abf972c6c,f8e7f9688fd546829da579434180ffee,0.791313
a0ef1a7a1e304bfe91a8c12abf972c6c,0b57f893483647c3aed811775a4c4c04,0.790724
a0ef1a7a1e304bfe91a8c12abf972c6c,15b7b988bba143989cfd98d5c6c4d203,0.773002
a0ef1a7a1e304bfe91a8c12abf972c6c,f2cfa68a47ce4a43a0fe1cc7dc860418,0.771919
a0ef1a7a1e304bfe91a8c12abf972c6c,d0e41bf891254ba0872f1641139f84f6,0.757701
a0ef1a7a1e304bfe91a8c12abf972c6c,ca5add3cbf044a95a5bec88a5841ce98,0.757273
d8ec79e0dcba49fcaa2e32c4a56d98fe,7f23e27e5652406784fdc2dea3918125,0.842466
d8ec79e0dcba49fcaa2e32c4a56d98fe,e0ff5d4ae0ec4871a49041d550cdcaa9,0.772279
88e851f978154b16a0a01f8df5255703,b69c17a10a55494d8caa56c33e8f4a56,0.969063
88e851f978154b16a0a01f8df5255703,174581fc299840e18e827432c0cce4dc,0.758205
88e851f978154b16a0a01f8df5255703,0d0973762130427eaa2ce9a7a34517db,0.755472
88e851f978154b16a0a01f8df5255703,6dc5832f0ac04df2bd99c6415b3ecf09,0.755111
3ad82a6c3cc7421199dabde4d1c630d1,0d0973762130427eaa2ce9a7a34517db,0.757673
957fd0aaa98b49cd8b0aeeeff8fe554a,7f23e27e5652406784fdc2dea3918125,0.865590
957fd0aaa98b49cd8b0aeeeff8fe554a,e0ff5d4ae0ec4871a49041d550cdcaa9,0.812317
3ae64cd8d99e463d84ad390f0770863a,8dfbb6a204a0441492c35baca6190969,0.927343
3ae64cd8d99e463d84ad390f0770863a,f439b5616ba24b7f82eccfa095a0eff8,0.757505
3ae64cd8d99e463d84ad390f0770863a,cc243eebbb2b44a581745865a60c423a,0.756466
83caabc655aa413fa28ce75908fc82c3,8dfbb6a204a0441492c35baca6190969,0.979621
b2a8b82d886042029e4d7b75f606d3f7,57430214baf045cb92fa3b3b70a4ca3f,0.982580
5ed3368f73bb44e6b4ad520a68661e92,57430214baf045cb92fa3b3b70a4ca3f,0.953969
55b8c9724a3a454c9e37de654b24d293,4926607aafe749538c930e108275547e,0.974439
515bbdb925064e5080053f5a3bfa72c2,f5b766ea6abe4b5fb27d49cc3bc06020,0.983626
bd68648028064b068d1c788b7b8b35cf,4926607aafe749538c930e108275547e,0.949072
191675e5da5649c9ad0e649fba7469fd,f5b766ea6abe4b5fb27d49cc3bc06020,0.963005
917a01f6ae4049189b017ae05f4e8282,ef60b54aa4b5490890da32d0bb8c9cbf,0.979391
8099552462944c5483e6c7e77019cd09,ef60b54aa4b5490890da32d0bb8c9cbf,0.929370
a9a932d9787f4b1c9d13926b41d68e8e,b585a2970e9f421da236241f603883f2,0.762250
a9a932d9787f4b1c9d13926b41d68e8e,c3a741d302d94ee294bb6e4090fd2da9,0.757595
a9a932d9787f4b1c9d13926b41d68e8e,2471f23cb9b64d35a72deed09c9c8975,0.754929
69a7253a5317474a980b4e9538e2df59,cae139b6e4914ce7b0ef1e68b8b857eb,0.946387
69a7253a5317474a980b4e9538e2df59,64e74af099b0485f8b6e71ac73aa2cb8,0.771706
69a7253a5317474a980b4e9538e2df59,1232f20e710b448e8c0538b9e84dab1c,0.760892
69a7253a5317474a980b4e9538e2df59,3138244ae91040948d5bd6772e4075ea,0.759366
54e1f0b191a74c1fbe587bd189dbefde,1232f20e710b448e8c0538b9e84dab1c,0.989766
eab46b3eacfd4c65a5d3acea93bcd635,cae139b6e4914ce7b0ef1e68b8b857eb,0.944670
eab46b3eacfd4c65a5d3acea93bcd635,64e74af099b0485f8b6e71ac73aa2cb8,0.763844
77ba7373423f4871aa84b0e9e90558da,1232f20e710b448e8c0538b9e84dab1c,0.984965
ada711f5328244f298daf7e98150c7b2,ffe2740eee8c49b39b2ce41f9983bcb4,0.974061
b59f7290ee4240fba85223d721d2aefe,ffe2740eee8c49b39b2ce41f9983bcb4,0.965929
d8235671d5bc44ea9bb7b027f4c3bb3e,77ce0587a12b46bab8814225ba86753e,0.913777
d8235671d5bc44ea9bb7b027f4c3bb3e,71c1a8479b194efca65b44fb7f327afb,0.845704
d8235671d5bc44ea9bb7b027f4c3bb3e,f92d16d3a970487094292439c3e00923,0.771395
d8235671d5bc44ea9bb7b027f4c3bb3e,70aa10580bfe4069bdaa5721ae2d29db,0.762988
518f59c8010c4dd48362de2cb03f5167,77ce0587a12b46bab8814225ba86753e,0.932310
518f59c8010c4dd48362de2cb03f5167,71c1a8479b194efca65b44fb7f327afb,0.849784
518f59c8010c4dd48362de2cb03f5167,f92d16d3a970487094292439c3e00923,0.801903
518f59c8010c4dd48362de2cb03f5167,097f2ce3b88c4d008488b9908076497e,0.767761
518f59c8010c4dd48362de2cb03f5167,70aa10580bfe4069bdaa5721ae2d29db,0.764122
c313a0d413ec48a6a2cbd1df9d98d820,71c1a8479b194efca65b44fb7f327afb,0.985578
c313a0d413ec48a6a2cbd1df9d98d820,77ce0587a12b46bab8814225ba86753e,0.891501
c313a0d413ec48a6a2cbd1df9d98d820,097f2ce3b88c4d008488b9908076497e,0.766488
83661848dd63461885371664f7c4bc51,71c1a8479b194efca65b44fb7f327afb,0.967972
83661848dd63461885371664f7c4bc51,77ce0587a12b46bab8814225ba86753e,0.868969
83661848dd63461885371664f7c4bc51,097f2ce3b88c4d008488b9908076497e,0.758916
0b47b27e631a492c8956eba727078681,3e59b61eb70146308db2308b988b54cf,0.852933
0b47b27e631a492c8956eba727078681,ef511457ee7c490c8e10eccf6e18fef6,0.798404
0b47b27e631a492c8956eba727078681,98fbdf945d0c4206a48a4f7260e56017,0.794623
0b47b27e631a492c8956eba727078681,14f4db886cca4104877ac7d1d7a64133,0.789374
0b47b27e631a492c8956eba727078681,4a7fa5a1bafe4b6995e2920444ac07c4,0.779978
0b47b27e631a492c8956eba727078681,0eb119aabc884795a4768c6d3e677ea1,0.766409
0b47b27e631a492c8956eba727078681,b4dadb3ea3a04cc3932094471debce13,0.765978
0b47b27e631a492c8956eba727078681,b702b2b61ce048c6bf5af3c4dca18b1a,0.762846
0b47b27e631a492c8956eba727078681,7bbe3c76bcc04d73969f920d43fcc67d,0.756849
0b47b27e631a492c8956eba727078681,4c36aafaf38f4e9e9e09991737196fe1,0.756610
d0e0af0e83ea4c3b855152177e8295c4,a4af9472683c4df0a86f9400c99c2b61,0.991876
d0e0af0e83ea4c3b855152177e8295c4,98fbdf945d0c4206a48a4f7260e56017,0.845056
d0e0af0e83ea4c3b855152177e8295c4,2f0401170d104b47b0a8f087f69dee88,0.797449
d0e0af0e83ea4c3b855152177e8295c4,f92d16d3a970487094292439c3e00923,0.786898
d0e0af0e83ea4c3b855152177e8295c4,a35d7304347a4f81b1ccfb086956921c,0.777606
d0e0af0e83ea4c3b855152177e8295c4,27a0d24dc1e14b28a1f18456b29c93f1,0.775772
d0e0af0e83ea4c3b855152177e8295c4,3766b26b53874893ae48693880e1942c,0.774907
d0e0af0e83ea4c3b855152177e8295c4,19098957d8c24cab95daa30c2baefd8f,0.774335
d0e0af0e83ea4c3b855152177e8295c4,b675be39e8ff421aa59811f146da945b,0.771485
d0e0af0e83ea4c3b855152177e8295c4,0eb119aabc884795a4768c6d3e677ea1,0.764629
3c7adf3c0f6a48ddae27f1be8bf94c98,98fbdf945d0c4206a48a4f7260e56017,0.984599
3c7adf3c0f6a48ddae27f1be8bf94c98,a4af9472683c4df0a86f9400c99c2b61,0.845330
3c7adf3c0f6a48ddae27f1be8bf94c98,0eb119aabc884795a4768c6d3e677ea1,0.809191
3c7adf3c0f6a48ddae27f1be8bf94c98,4c36aafaf38f4e9e9e09991737196fe1,0.800912
3c7adf3c0f6a48ddae27f1be8bf94c98,3766b26b53874893ae48693880e1942c,0.785655
3c7adf3c0f6a48ddae27f1be8bf94c98,3e59b61eb70146308db2308b988b54cf,0.779451
3c7adf3c0f6a48ddae27f1be8bf94c98,bfd1d441da734aad88cfacdab3ee4059,0.775813
3c7adf3c0f6a48ddae27f1be8bf94c98,ef511457ee7c490c8e10eccf6e18fef6,0.768868
3c7adf3c0f6a48ddae27f1be8bf94c98,b4dadb3ea3a04cc3932094471debce13,0.765802
3c7adf3c0f6a48ddae27f1be8bf94c98,db69f22fe72246ea85d33991961a649a,0.764911
9ece5d7b95974244a7560e0a5516708d,3e59b61eb70146308db2308b988b54cf,0.844087
9ece5d7b95974244a7560e0a5516708d,7879fa4d4db046a2a8d195311b6e5789,0.797947
9ece5d7b95974244a7560e0a5516708d,ef511457ee7c490c8e10eccf6e18fef6,0.793414
9ece5d7b95974244a7560e0a5516708d,e6afe89ff7bc491193141c057083d8a8,0.770769
9ece5d7b95974244a7560e0a5516708d,1ade4365590a4ac7865100d8c791e340,0.760558
9ece5d7b95974244a7560e0a5516708d,b01fd4d037a84a7aa777e1fc345c73c5,0.753149
6b69e25d73f148c98af914e308e2396e,3e59b61eb70146308db2308b988b54cf,0.962946
6b69e25d73f148c98af914e308e2396e,ef511457ee7c490c8e10eccf6e18fef6,0.799754
6b69e25d73f148c98af914e308e2396e,4a7fa5a1bafe4b6995e2920444ac07c4,0.782058
6b69e25d73f148c98af914e308e2396e,4c36aafaf38f4e9e9e09991737196fe1,0.780939
6b69e25d73f148c98af914e308e2396e,98fbdf945d0c4206a48a4f7260e56017,0.778866
6b69e25d73f148c98af914e308e2396e,14f4db886cca4104877ac7d1d7a64133,0.777262
6b69e25d73f148c98af914e308e2396e,0eb119aabc884795a4768c6d3e677ea1,0.766953
6b69e25d73f148c98af914e308e2396e,b4dadb3ea3a04cc3932094471debce13,0.766279
6b69e25d73f148c98af914e308e2396e,7bbe3c76bcc04d73969f920d43fcc67d,0.764470
6b69e25d73f148c98af914e308e2396e,cdd73e0289aa4e2b87cd14e6ff5bd75e,0.762148
f443d2b48e9f48748ed811a3ffbfeeb0,5e44915237fc4445b54b037e1c4e29a4,0.980514
f443d2b48e9f48748ed811a3ffbfeeb0,7584980704ae4617bb27ca162cc9c5db,0.861952
f443d2b48e9f48748ed811a3ffbfeeb0,be8953cc364d46cebbcc2c2da2c348ab,0.848837
f443d2b48e9f48748ed811a3ffbfeeb0,4e22dc65beb7450b9260cf27e50919e4,0.763221
f443d2b48e9f48748ed811a3ffbfeeb0,2c8eafa0ff26437a862dc2224ab57073,0.759909
f443d2b48e9f48748ed811a3ffbfeeb0,e06d08ff594a4acbac12edf579743fcf,0.756830
f443d2b48e9f48748ed811a3ffbfeeb0,403835bbf2f1447188bcc78e062b0028,0.756411
f443d2b48e9f48748ed811a3ffbfeeb0,dbf0926f9f344f1d88b114660db4d2eb,0.752672
ca49f30627f348ebb9db4ee0577e1d96,4e22dc65beb7450b9260cf27e50919e4,0.873675
ca49f30627f348ebb9db4ee0577e1d96,0cdb0f32850f4585a16de4886462bbe0,0.840144
ca49f30627f348ebb9db4ee0577e1d96,f335a944a27a4504a82ecf70c2d4a5e4,0.775671
ca49f30627f348ebb9db4ee0577e1d96,5fc200cab89346658c9c91cce27e85fe,0.775236
ca49f30627f348ebb9db4ee0577e1d96,be8953cc364d46cebbcc2c2da2c348ab,0.769841
ca49f30627f348ebb9db4ee0577e1d96,7584980704ae4617bb27ca162cc9c5db,0.767354
ca49f30627f348ebb9db4ee0577e1d96,eabdd2813a954f9aa01f0eb8212ee387,0.760487
ca49f30627f348ebb9db4ee0577e1d96,7e190e3c05d74e6b9f103e39142c1684,0.758259
3edc2638f7bf459c90061b70e170d78e,4e22dc65beb7450b9260cf27e50919e4,0.860577
3edc2638f7bf459c90061b70e170d78e,0cdb0f32850f4585a16de4886462bbe0,0.818190
3edc2638f7bf459c90061b70e170d78e,f335a944a27a4504a82ecf70c2d4a5e4,0.781566
3edc2638f7bf459c90061b70e170d78e,7584980704ae4617bb27ca162cc9c5db,0.773836
3edc2638f7bf459c90061b70e170d78e,5fc200cab89346658c9c91cce27e85fe,0.773594
3edc2638f7bf459c90061b70e170d78e,7e190e3c05d74e6b9f103e39142c1684,0.762917
3edc2638f7bf459c90061b70e170d78e,4c67cc7a1ccc496db132636e3f4853a2,0.758207
3edc2638f7bf459c90061b70e170d78e,4d0a737f396d4a95808085bd1306746c,0.757998
3edc2638f7bf459c90061b70e170d78e,be8953cc364d46cebbcc2c2da2c348ab,0.757826
3edc2638f7bf459c90061b70e170d78e,eabdd2813a954f9aa01f0eb8212ee387,0.755885
4241e3037cc4416b9760a32dc49b4d49,5e44915237fc4445b54b037e1c4e29a4,0.942606
4241e3037cc4416b9760a32dc49b4d49,7584980704ae4617bb27ca162cc9c5db,0.830986
4241e3037cc4416b9760a32dc49b4d49,be8953cc364d46cebbcc2c2da2c348ab,0.803082
4241e3037cc4416b9760a32dc49b4d49,5fc200cab89346658c9c91cce27e85fe,0.768653
4241e3037cc4416b9760a32dc49b4d49,2c8eafa0ff26437a862dc2224ab57073,0.753237
2c1eb27749b548ee9cc13137105c60f9,21019944fc2c4838a682a6dcdc62c4ef,0.953121
879584d5b62041dfb4cfbb779df86357,e4ee90d625d44a6d9adc138390eef0f8,0.872245
879584d5b62041dfb4cfbb779df86357,e22e1ad3c1fc4493bcb7c9b923566ff7,0.789148
879584d5b62041dfb4cfbb779df86357,21019944fc2c4838a682a6dcdc62c4ef,0.780625
879584d5b62041dfb4cfbb779df86357,b44645c11ece4326a45f50fdc5d45dcf,0.765423
f21b02728ff6484fb3fd4a60399ab492,e4ee90d625d44a6d9adc138390eef0f8,0.899731
f21b02728ff6484fb3fd4a60399ab492,e22e1ad3c1fc4493bcb7c9b923566ff7,0.811117
f21b02728ff6484fb3fd4a60399ab492,21019944fc2c4838a682a6dcdc62c4ef,0.773218
f21b02728ff6484fb3fd4a60399ab492,8228c9eb29a542ba98c8b9b854eadaa4,0.756327
d8456095cf7c4204a086a014ff2b3c14,21019944fc2c4838a682a6dcdc62c4ef,0.991741
d8456095cf7c4204a086a014ff2b3c14,e4ee90d625d44a6d9adc138390eef0f8,0.772111
d8456095cf7c4204a086a014ff2b3c14,8228c9eb29a542ba98c8b9b854eadaa4,0.759412
3afae5ea042d4934b4e05a905c277730,1c6bbf19b3d2498696a5baf0f53a0f18,0.983982
3afae5ea042d4934b4e05a905c277730,b2b22c673e554db39c8acdbe42687a6d,0.882527
3afae5ea042d4934b4e05a905c277730,116f6c1f0cb54312986a0a729508a33e,0.831864
3afae5ea042d4934b4e05a905c277730,8ad1f345ca194b29bde0a924f27b2de5,0.828879
3afae5ea042d4934b4e05a905c277730,4230775a9d51448396cacb9061f0e5f9,0.820104
3afae5ea042d4934b4e05a905c277730,a297e08effdf4a69a6c4d79a34a0c6ad,0.789873
3afae5ea042d4934b4e05a905c277730,5e199f7727cc4910ad88dbd81ed1ec82,0.787967
3afae5ea042d4934b4e05a905c277730,fe363cef357840fcb35f320fe7c27e4e,0.786549
3afae5ea042d4934b4e05a905c277730,a8904adcdd21495f890bc614bfdbf86f,0.777762
3afae5ea042d4934b4e05a905c277730,bb6ecabbce1b43d997d00d7acdc95193,0.766730
c6c6941b06454b858b384b129f635fbc,b2b22c673e554db39c8acdbe42687a6d,0.994025
c6c6941b06454b858b384b129f635fbc,1c6bbf19b3d2498696a5baf0f53a0f18,0.868854
c6c6941b06454b858b384b129f635fbc,5e199f7727cc4910ad88dbd81ed1ec82,0.839454
c6c6941b06454b858b384b129f635fbc,93bf0b86be094f68a9d308ca5ecfb4e3,0.825385
c6c6941b06454b858b384b129f635fbc,a297e08effdf4a69a6c4d79a34a0c6ad,0.813534
c6c6941b06454b858b384b129f635fbc,116f6c1f0cb54312986a0a729508a33e,0.798714
c6c6941b06454b858b384b129f635fbc,4230775a9d51448396cacb9061f0e5f9,0.797502
c6c6941b06454b858b384b129f635fbc,8ad1f345ca194b29bde0a924f27b2de5,0.789373
c6c6941b06454b858b384b129f635fbc,fe363cef357840fcb35f320fe7c27e4e,0.784276
c6c6941b06454b858b384b129f635fbc,a8904adcdd21495f890bc614bfdbf86f,0.773624
164fd25714484642abf3c2f90a97a8fd,8a9dc60359ba49cd8ac170cfb4ac3913,0.986751
164fd25714484642abf3c2f90a97a8fd,f0084465b2e646c9a53d9dc766067d9b,0.806733
164fd25714484642abf3c2f90a97a8fd,b0d2e6c4b2384950b3696c4414870282,0.803854
164fd25714484642abf3c2f90a97a8fd,d65e3a3657ae455e954b6d7221afc84c,0.765215
3a05b06fa1e34ff0b02748d47a9e6360,8a9dc60359ba49cd8ac170cfb4ac3913,0.984016
3a05b06fa1e34ff0b02748d47a9e6360,b0d2e6c4b2384950b3696c4414870282,0.812556
3a05b06fa1e34ff0b02748d47a9e6360,f0084465b2e646c9a53d9dc766067d9b,0.807264
3a05b06fa1e34ff0b02748d47a9e6360,d65e3a3657ae455e954b6d7221afc84c,0.764260
fec5eb7ba2734bf5b777bcb611801028,9fd4c00672d84215b3e21812aef3d6ac,0.768519
fec5eb7ba2734bf5b777bcb611801028,7d5c0a2bfccf4255a43d9bd0f84a6d3a,0.756211
99fd1c486f1c4dd591b9a6ecf8054b7d,9fd4c00672d84215b3e21812aef3d6ac,0.767402
99fd1c486f1c4dd591b9a6ecf8054b7d,7d5c0a2bfccf4255a43d9bd0f84a6d3a,0.759832
7613bd74728b4f0baa8eabd0aefbbc29,4a6eba10a02a4ecdbb6b25e8651c3789,0.963702
7613bd74728b4f0baa8eabd0aefbbc29,eafb3480db704d7baa8216ce857d1610,0.882295
7613bd74728b4f0baa8eabd0aefbbc29,df5ca61304074da1bec8f536ab50baf3,0.825540
7613bd74728b4f0baa8eabd0aefbbc29,b9228fdb5f0c413d81cffb51829d95c6,0.803569
7613bd74728b4f0baa8eabd0aefbbc29,93dc50abd35349f7923100dca2f41002,0.799919
7613bd74728b4f0baa8eabd0aefbbc29,36ee1613abf245cdbe93fef69b5f981f,0.756518
7613bd74728b4f0baa8eabd0aefbbc29,d9ac372330a4446886fa19bac0d19877,0.756171
7613bd74728b4f0baa8eabd0aefbbc29,2c65a898314b42e6b2e93dca66fd15c2,0.754307
4c482b037ef04720a8eafa90efddd03b,eafb3480db704d7baa8216ce857d1610,0.979651
4c482b037ef04720a8eafa90efddd03b,4a6eba10a02a4ecdbb6b25e8651c3789,0.896442
4c482b037ef04720a8eafa90efddd03b,df5ca61304074da1bec8f536ab50baf3,0.829992
4c482b037ef04720a8eafa90efddd03b,b9228fdb5f0c413d81cffb51829d95c6,0.795358
4c482b037ef04720a8eafa90efddd03b,93dc50abd35349f7923100dca2f41002,0.779373
4c482b037ef04720a8eafa90efddd03b,25109e3a7df549e5b380aae716d71366,0.771043
4c482b037ef04720a8eafa90efddd03b,d9ac372330a4446886fa19bac0d19877,0.756101
4c482b037ef04720a8eafa90efddd03b,36ee1613abf245cdbe93fef69b5f981f,0.754759
596b8b0b72be41a4842150fbbd18aead,4a6eba10a02a4ecdbb6b25e8651c3789,0.941742
596b8b0b72be41a4842150fbbd18aead,eafb3480db704d7baa8216ce857d1610,0.889616
596b8b0b72be41a4842150fbbd18aead,df5ca61304074da1bec8f536ab50baf3,0.825597
596b8b0b72be41a4842150fbbd18aead,b9228fdb5f0c413d81cffb51829d95c6,0.787372
596b8b0b72be41a4842150fbbd18aead,93dc50abd35349f7923100dca2f41002,0.780897
596b8b0b72be41a4842150fbbd18aead,d9ac372330a4446886fa19bac0d19877,0.756387
596b8b0b72be41a4842150fbbd18aead,c756409435634fc48c643a64e73c93ce,0.755818
596b8b0b72be41a4842150fbbd18aead,2c65a898314b42e6b2e93dca66fd15c2,0.754971
99794362eca94e2ea0536c628c097ee0,eafb3480db704d7baa8216ce857d1610,0.974230
99794362eca94e2ea0536c628c097ee0,4a6eba10a02a4ecdbb6b25e8651c3789,0.890793
99794362eca94e2ea0536c628c097ee0,df5ca61304074da1bec8f536ab50baf3,0.832544
99794362eca94e2ea0536c628c097ee0,b9228fdb5f0c413d81cffb51829d95c6,0.801529
99794362eca94e2ea0536c628c097ee0,25109e3a7df549e5b380aae716d71366,0.782943
99794362eca94e2ea0536c628c097ee0,93dc50abd35349f7923100dca2f41002,0.769250
99794362eca94e2ea0536c628c097ee0,c756409435634fc48c643a64e73c93ce,0.756914
517088ff1e71421dbc66c81c7b6d809f,69ac8397e9624bfd8aee237b9f9ea3b5,0.922815
517088ff1e71421dbc66c81c7b6d809f,b3f8b4bec0164d0e81997b4f5a277e8f,0.803253
517088ff1e71421dbc66c81c7b6d809f,3f28365e18244eb28cc7d23de8895956,0.758433
517088ff1e71421dbc66c81c7b6d809f,52f20bd7eb50430c95f0916727880a1b,0.756961
517088ff1e71421dbc66c81c7b6d809f,dbf0926f9f344f1d88b114660db4d2eb,0.754695
67f17a1293154579a1047cd28690d783,5be48a6bc26044f2a2e4e9b6a223c319,0.928143
67f17a1293154579a1047cd28690d783,e8c8742459dc48a49080bf0e5b3fdee0,0.832997
67f17a1293154579a1047cd28690d783,27a67d3e76814297aebf64e03d14c336,0.819965
67f17a1293154579a1047cd28690d783,15b7b988bba143989cfd98d5c6c4d203,0.798850
67f17a1293154579a1047cd28690d783,f6061b71031b4ddb9384f86c103690a4,0.795868
67f17a1293154579a1047cd28690d783,c2a665cec90e46db8d2a74389beb4649,0.771191
67f17a1293154579a1047cd28690d783,5cf392f15360460bae6a6b0182bb99b9,0.762305
67f17a1293154579a1047cd28690d783,664da77d25e74df693eaad44a5e7617f,0.758187
376dc48ffd5842e2b10ce1bfe8617a4f,5be48a6bc26044f2a2e4e9b6a223c319,0.946574
376dc48ffd5842e2b10ce1bfe8617a4f,e8c8742459dc48a49080bf0e5b3fdee0,0.836430
376dc48ffd5842e2b10ce1bfe8617a4f,27a67d3e76814297aebf64e03d14c336,0.820016
376dc48ffd5842e2b10ce1bfe8617a4f,15b7b988bba143989cfd98d5c6c4d203,0.797777
376dc48ffd5842e2b10ce1bfe8617a4f,f6061b71031b4ddb9384f86c103690a4,0.791698
376dc48ffd5842e2b10ce1bfe8617a4f,c2a665cec90e46db8d2a74389beb4649,0.765817
376dc48ffd5842e2b10ce1bfe8617a4f,664da77d25e74df693eaad44a5e7617f,0.765787
376dc48ffd5842e2b10ce1bfe8617a4f,5cf392f15360460bae6a6b0182bb99b9,0.753738
e35f15c7fc564b948c6220d15268f95e,69ac8397e9624bfd8aee237b9f9ea3b5,0.930894
e35f15c7fc564b948c6220d15268f95e,b3f8b4bec0164d0e81997b4f5a277e8f,0.791853
e35f15c7fc564b948c6220d15268f95e,9d09e3cd382c4d0ea0f6f50261e3e4c8,0.758697
e35f15c7fc564b948c6220d15268f95e,52f20bd7eb50430c95f0916727880a1b,0.753424
7abc7ac040a84ae88177c3b2d510f7cb,e86a0aae846a4e44bf967ab4972c977c,0.903822
7abc7ac040a84ae88177c3b2d510f7cb,9fd4c00672d84215b3e21812aef3d6ac,0.774397
dc2a5233c1944b37aa2c99dd76665f2b,1e376f9d0945477983c8d851e4b2cf5e,0.985635
27b25d301ad34851bd0df3863116a2e2,e86a0aae846a4e44bf967ab4972c977c,0.914033
27b25d301ad34851bd0df3863116a2e2,9fd4c00672d84215b3e21812aef3d6ac,0.767480
2b2bf37314104deaa800c3918ab54a33,1e376f9d0945477983c8d851e4b2cf5e,0.986200
2b2bf37314104deaa800c3918ab54a33,5f481b07f9734f518a14853831233b78,0.759833
3c56e94879364377bc8bfb7a92d403d1,a9d82bb43410405ca21b44a5e82e22b6,0.816571
3c56e94879364377bc8bfb7a92d403d1,48c31b1e2ce94de8968fab433813fa91,0.762892
c28224ae63704fec95ee0278f177f277,521004289ebc4e6da6623381d40a5e73,0.936231
c28224ae63704fec95ee0278f177f277,022e16490d1949b9ab2fc1de5a837031,0.761329
c28224ae63704fec95ee0278f177f277,f91157bb8fca4a8e98db33591a76be9a,0.759257
c28224ae63704fec95ee0278f177f277,295d0d40791245ff838c73a2aa27d065,0.754726
c28224ae63704fec95ee0278f177f277,1099cb6f4fac4eb8a1fb6db50e18296b,0.753112
2c9175bf65da4030a4bca9f358cadeda,521004289ebc4e6da6623381d40a5e73,0.916926
2c9175bf65da4030a4bca9f358cadeda,022e16490d1949b9ab2fc1de5a837031,0.764096
2c9175bf65da4030a4bca9f358cadeda,f91157bb8fca4a8e98db33591a76be9a,0.760249
2c9175bf65da4030a4bca9f358cadeda,295d0d40791245ff838c73a2aa27d065,0.754797
7567134f761c40a79567b3f82e31afdc,f91157bb8fca4a8e98db33591a76be9a,0.993749
7567134f761c40a79567b3f82e31afdc,521004289ebc4e6da6623381d40a5e73,0.782729
7567134f761c40a79567b3f82e31afdc,9500823cb050427696343b1ea5cf8881,0.771252
7567134f761c40a79567b3f82e31afdc,da88fa5efc674368b593444ca950dff9,0.753081
e95e0daa9ae049ef8be95f459b99d584,e511c40ca6324803b5021e47b4e777f8,0.953019
e95e0daa9ae049ef8be95f459b99d584,643fbbdd6b764ba9904a4ee67a86b9fd,0.814404
e95e0daa9ae049ef8be95f459b99d584,89e983dca0a34b768e17b3871b9cea1e,0.813256
e95e0daa9ae049ef8be95f459b99d584,bc13c2b0221744a29a8ddf56aa015df9,0.797442
e95e0daa9ae049ef8be95f459b99d584,ffc5805e29a74be0a55b40318aa321d7,0.768153
e95e0daa9ae049ef8be95f459b99d584,b40d3c588ad647ff85e397a6bc5f9d8b,0.754153
ee401564da1d407da8d97b804a5e3801,643fbbdd6b764ba9904a4ee67a86b9fd,0.831065
77ae6ded0d014f36b371a4153e05c4ed,89e983dca0a34b768e17b3871b9cea1e,0.918993
77ae6ded0d014f36b371a4153e05c4ed,bc13c2b0221744a29a8ddf56aa015df9,0.809220
77ae6ded0d014f36b371a4153e05c4ed,643fbbdd6b764ba9904a4ee67a86b9fd,0.808841
77ae6ded0d014f36b371a4153e05c4ed,b40d3c588ad647ff85e397a6bc5f9d8b,0.799849
77ae6ded0d014f36b371a4153e05c4ed,ffc5805e29a74be0a55b40318aa321d7,0.794665
77ae6ded0d014f36b371a4153e05c4ed,e511c40ca6324803b5021e47b4e777f8,0.789810
77ae6ded0d014f36b371a4153e05c4ed,b3209c60460a437294e2b30a9e9d3f53,0.763888
77ae6ded0d014f36b371a4153e05c4ed,f1eecad10a61421eb16b1be7435d9c19,0.761014
77ae6ded0d014f36b371a4153e05c4ed,8d595c7da42545c88052e7b213b6c97c,0.753566
8a0213e5d51f4d7ca596a5163d04d39b,b40d3c588ad647ff85e397a6bc5f9d8b,0.880492
8a0213e5d51f4d7ca596a5163d04d39b,99a52c93a3304ec18dab9206f98f2a8b,0.823132
8a0213e5d51f4d7ca596a5163d04d39b,89e983dca0a34b768e17b3871b9cea1e,0.822844
8a0213e5d51f4d7ca596a5163d04d39b,e511c40ca6324803b5021e47b4e777f8,0.817903
8a0213e5d51f4d7ca596a5163d04d39b,bc13c2b0221744a29a8ddf56aa015df9,0.787338
8a0213e5d51f4d7ca596a5163d04d39b,643fbbdd6b764ba9904a4ee67a86b9fd,0.784972
8a0213e5d51f4d7ca596a5163d04d39b,ad42c467d0fe43dbb328073f9a16bc4d,0.774617
8a0213e5d51f4d7ca596a5163d04d39b,b3209c60460a437294e2b30a9e9d3f53,0.771844
8a0213e5d51f4d7ca596a5163d04d39b,ffc5805e29a74be0a55b40318aa321d7,0.755676
49a13f972cb940089aa409b42b7e809b,b425f33c33ad4be89a12da266d131a86,0.948987
49a13f972cb940089aa409b42b7e809b,cb32ec9a538a4c0f8462771946ced93b,0.843471
49a13f972cb940089aa409b42b7e809b,a70909d3ce0d4235913b5ce6a138dcce,0.782377
49a13f972cb940089aa409b42b7e809b,73f684f538ea452cbb4fbecc2e8126a4,0.755145
42b7373e7edb4471bd9cd69dd50bf4f1,b425f33c33ad4be89a12da266d131a86,0.810240
42b7373e7edb4471bd9cd69dd50bf4f1,cb32ec9a538a4c0f8462771946ced93b,0.758725
f387e105e9d440d199759eb2c79cd950,,
a75e0b290bc941358cd4614e21662749,,
1c30f9917de0495eae26b471a7cd3e1d,b425f33c33ad4be89a12da266d131a86,0.975721
1c30f9917de0495eae26b471a7cd3e1d,cb32ec9a538a4c0f8462771946ced93b,0.837662
1c30f9917de0495eae26b471a7cd3e1d,a70909d3ce0d4235913b5ce6a138dcce,0.787284
57378df73d2a41698b22cc6d6171529d,2acbd3ec289a47f7b4108896ec632585,0.913731
57378df73d2a41698b22cc6d6171529d,91f0da6d71574ababd8e868bddec9310,0.788224
57378df73d2a41698b22cc6d6171529d,33e2a95109e647cbb4ba2687631b169a,0.786046
57378df73d2a41698b22cc6d6171529d,a8904adcdd21495f890bc614bfdbf86f,0.776975
57378df73d2a41698b22cc6d6171529d,716a15d66b63424a8068da89e75733b4,0.764600
57378df73d2a41698b22cc6d6171529d,116f6c1f0cb54312986a0a729508a33e,0.759358
57378df73d2a41698b22cc6d6171529d,8c5f38853679436ba434b6a696e43168,0.753423
ffa661c1e7484ac0bd1e6fd235a3cc5a,2acbd3ec289a47f7b4108896ec632585,0.943740
ffa661c1e7484ac0bd1e6fd235a3cc5a,91f0da6d71574ababd8e868bddec9310,0.824969
ffa661c1e7484ac0bd1e6fd235a3cc5a,a8904adcdd21495f890bc614bfdbf86f,0.815897
ffa661c1e7484ac0bd1e6fd235a3cc5a,33e2a95109e647cbb4ba2687631b169a,0.806641
ffa661c1e7484ac0bd1e6fd235a3cc5a,716a15d66b63424a8068da89e75733b4,0.804435
ffa661c1e7484ac0bd1e6fd235a3cc5a,13aca0959cc948cabeee0d7255f55a65,0.791311
ffa661c1e7484ac0bd1e6fd235a3cc5a,1d93c07de74c482ebf0a76ec564c3252,0.782306
ffa661c1e7484ac0bd1e6fd235a3cc5a,8af25c7ae8e14435a6e27a5671968f50,0.776445
ffa661c1e7484ac0bd1e6fd235a3cc5a,8ad1f345ca194b29bde0a924f27b2de5,0.775718
ffa661c1e7484ac0bd1e6fd235a3cc5a,116f6c1f0cb54312986a0a729508a33e,0.775409
b2ab0d60cd84497b8493bee493f63c20,33e2a95109e647cbb4ba2687631b169a,0.893710
b2ab0d60cd84497b8493bee493f63c20,716a15d66b63424a8068da89e75733b4,0.822624
b2ab0d60cd84497b8493bee493f63c20,2acbd3ec289a47f7b4108896ec632585,0.814575
b2ab0d60cd84497b8493bee493f63c20,1d93c07de74c482ebf0a76ec564c3252,0.814102
b2ab0d60cd84497b8493bee493f63c20,8c5f38853679436ba434b6a696e43168,0.801742
b2ab0d60cd84497b8493bee493f63c20,a8904adcdd21495f890bc614bfdbf86f,0.798930
b2ab0d60cd84497b8493bee493f63c20,116f6c1f0cb54312986a0a729508a33e,0.781396
b2ab0d60cd84497b8493bee493f63c20,afac6ae28fac41dabae96696990c5555,0.780531
b2ab0d60cd84497b8493bee493f63c20,91f0da6d71574ababd8e868bddec9310,0.778313
b2ab0d60cd84497b8493bee493f63c20,13aca0959cc948cabeee0d7255f55a65,0.775452
5cbead44a3a74909ab9ed4a89f1396cf,33e2a95109e647cbb4ba2687631b169a,0.908645
5cbead44a3a74909ab9ed4a89f1396cf,1d93c07de74c482ebf0a76ec564c3252,0.827026
5cbead44a3a74909ab9ed4a89f1396cf,716a15d66b63424a8068da89e75733b4,0.826915
5cbead44a3a74909ab9ed4a89f1396cf,8c5f38853679436ba434b6a696e43168,0.811469
5cbead44a3a74909ab9ed4a89f1396cf,13aca0959cc948cabeee0d7255f55a65,0.795203
5cbead44a3a74909ab9ed4a89f1396cf,2acbd3ec289a47f7b4108896ec632585,0.795191
5cbead44a3a74909ab9ed4a89f1396cf,a8904adcdd21495f890bc614bfdbf86f,0.794833
5cbead44a3a74909ab9ed4a89f1396cf,afac6ae28fac41dabae96696990c5555,0.790303
5cbead44a3a74909ab9ed4a89f1396cf,af648fa7ac6c4c50a246de470329cd83,0.786779
5cbead44a3a74909ab9ed4a89f1396cf,116f6c1f0cb54312986a0a729508a33e,0.781087
6e174164c10a49d8a9483ad16d690598,d658e3a743af41899183fecff6b2628d,0.899171
6e174164c10a49d8a9483ad16d690598,4e4495962a9b4864882397042f1a2b3e,0.770693
6e174164c10a49d8a9483ad16d690598,8889c114b071429cbe2418f5b0f2024b,0.769186
6e174164c10a49d8a9483ad16d690598,bbdf9065122d499d9d8f80ad3e0ef6f3,0.759561
1472ac5adbe24310ac0366a2fb7c4d66,d43b0f94627d45918e18a80be127aa2c,0.776089
1472ac5adbe24310ac0366a2fb7c4d66,db69f22fe72246ea85d33991961a649a,0.759717
1472ac5adbe24310ac0366a2fb7c4d66,e2e0c8c96aff4c00896ac6986bbb20c2,0.758984
7df15c3f44244335b645553730704ae6,d43b0f94627d45918e18a80be127aa2c,0.762495
d59e2a4a21bf40f9b53614eb370d1190,d658e3a743af41899183fecff6b2628d,0.979476
d59e2a4a21bf40f9b53614eb370d1190,bbdf9065122d499d9d8f80ad3e0ef6f3,0.776086
d59e2a4a21bf40f9b53614eb370d1190,26e55eb4d910464497d700bfdf5a36ca,0.772450
d59e2a4a21bf40f9b53614eb370d1190,8889c114b071429cbe2418f5b0f2024b,0.765832
d59e2a4a21bf40f9b53614eb370d1190,4e4495962a9b4864882397042f1a2b3e,0.755216
d59e2a4a21bf40f9b53614eb370d1190,0daf8d5687b54d158f7f752884c42334,0.753119
d59e2a4a21bf40f9b53614eb370d1190,57bcda73abab44ee930b20cdaee9d24b,0.752902
fa321eafe1a9412bb6e66f46ae22286c,6400e3f6a14c492ba399bd414faca075,0.986666
503f076c7e794fbca12dae4217643acd,6400e3f6a14c492ba399bd414faca075,0.975770
14780abe56584d7c820310e42bef8f59,72a7e2ce22d045efbdbbab9c68f5d026,0.969662
695fbae9ce4c4e3ab42253368b1e2cd2,72a7e2ce22d045efbdbbab9c68f5d026,0.902715
c4b6717a4b55444ca077700ab06da875,afaf2edba0ee4d58860a5a04e4aabc5c,0.992171
c4b6717a4b55444ca077700ab06da875,66690895454847fea5a000202fbfab2e,0.836286
c4b6717a4b55444ca077700ab06da875,c4b9d7a8d5d342459d2282589b3af293,0.758864
7ddb092a89824767b09eb8b07c8f67de,afaf2edba0ee4d58860a5a04e4aabc5c,0.987968
7ddb092a89824767b09eb8b07c8f67de,66690895454847fea5a000202fbfab2e,0.831222
7ddb092a89824767b09eb8b07c8f67de,f1eecad10a61421eb16b1be7435d9c19,0.752845
21ff6809479e4f828a199d580c8ae4c1,66690895454847fea5a000202fbfab2e,0.903353
21ff6809479e4f828a199d580c8ae4c1,afaf2edba0ee4d58860a5a04e4aabc5c,0.797119
21ff6809479e4f828a199d580c8ae4c1,ad054da7e1704a53931a341173f0605f,0.766621
763242c8ded1422bb4439fdb575fad5b,66690895454847fea5a000202fbfab2e,0.913131
763242c8ded1422bb4439fdb575fad5b,afaf2edba0ee4d58860a5a04e4aabc5c,0.798120
763242c8ded1422bb4439fdb575fad5b,ad054da7e1704a53931a341173f0605f,0.766770
5ebf97c863dd4c5ba61093f8ab07b15d,45f4192f485a49d9a75219ae4d0c41ee,0.807566
a9852ab7f40a4b35a004ce7c87aac7b6,3675c688960a4f3b9f82c4ccf4049e93,0.973040
c8186591409f4404a006b302ed5475d5,45f4192f485a49d9a75219ae4d0c41ee,0.942463
afc4b3ff44d1405c9ff0cce76fa55d76,c5486d5e31084ee797da0ebdacb17abc,0.981288
9df4eaf2213048e4a4ca33f6d817a0b9,f2077addeb6142c8b3540916522126e8,0.981087
9df4eaf2213048e4a4ca33f6d817a0b9,9aca522158f443fd8a9caaec38ae5e2c,0.814051
9df4eaf2213048e4a4ca33f6d817a0b9,0228b1e9e3244da3a727930123ba7bda,0.806540
9df4eaf2213048e4a4ca33f6d817a0b9,9ffa09a2b9bd4da0ba98fc537ca68802,0.805233
9df4eaf2213048e4a4ca33f6d817a0b9,3b7d56c26da14b3a9b1cd52b5b35891b,0.801036
9df4eaf2213048e4a4ca33f6d817a0b9,1004b33e3126472faa78e1929ed974e6,0.778334
9df4eaf2213048e4a4ca33f6d817a0b9,99ba4cc9355f4d79a68bc69ac12a716f,0.766023
452c8a69dd45447f976e014338d22ae6,1004b33e3126472faa78e1929ed974e6,0.988722
452c8a69dd45447f976e014338d22ae6,3b7d56c26da14b3a9b1cd52b5b35891b,0.878851
452c8a69dd45447f976e014338d22ae6,9ffa09a2b9bd4da0ba98fc537ca68802,0.865039
452c8a69dd45447f976e014338d22ae6,0228b1e9e3244da3a727930123ba7bda,0.824925
452c8a69dd45447f976e014338d22ae6,9aca522158f443fd8a9caaec38ae5e2c,0.808696
452c8a69dd45447f976e014338d22ae6,36ee1613abf245cdbe93fef69b5f981f,0.790563
452c8a69dd45447f976e014338d22ae6,f2077addeb6142c8b3540916522126e8,0.790018
452c8a69dd45447f976e014338d22ae6,ec07b4e88bea4086a5eafed96d81edb5,0.753378
452c8a69dd45447f976e014338d22ae6,47eb17da319d440aa52da8008c26327a,0.753082
9294a2cddd6848f5a6bc5c647fe94884,c5486d5e31084ee797da0ebdacb17abc,0.949508
eb3962be88734097b437832a832493f0,42805d29975b400ea7c570fc45ec4938,0.975425
eb3962be88734097b437832a832493f0,f32f4607b4714e378831f924c5e6084d,0.759910
4bb99b51272145f8be128cac5ef3bd65,63eab812f3254cccb9631b09725aec3d,0.981917
4bb99b51272145f8be128cac5ef3bd65,ff51ca928cd54f4da620c27983e221f8,0.792960
122365aed2d049328715f0fe1b2a43c7,63eab812f3254cccb9631b09725aec3d,0.982781
122365aed2d049328715f0fe1b2a43c7,ff51ca928cd54f4da620c27983e221f8,0.804085
742fec743e3e477785a08d04b8407e64,42805d29975b400ea7c570fc45ec4938,0.988915
742fec743e3e477785a08d04b8407e64,f32f4607b4714e378831f924c5e6084d,0.765134
c3484b8c5f024854997f34baca483cc0,2d812431f07c44f1a56a71c72766e0b0,0.989285
c3484b8c5f024854997f34baca483cc0,7ee65b33f8f44852ada468b1fed83433,0.818562
c3484b8c5f024854997f34baca483cc0,4254f6eaaed746bea797c3522036fc12,0.777641
c3484b8c5f024854997f34baca483cc0,595e438d2b394bb3a3259f47efd37ae8,0.770941
c3484b8c5f024854997f34baca483cc0,e0d8aee46b1d4d998858cd05027251b6,0.759196
94e0d776b3794ee083e5c1681cef5d04,7ee65b33f8f44852ada468b1fed83433,0.979769
94e0d776b3794ee083e5c1681cef5d04,2d812431f07c44f1a56a71c72766e0b0,0.816133
94e0d776b3794ee083e5c1681cef5d04,595e438d2b394bb3a3259f47efd37ae8,0.815183
94e0d776b3794ee083e5c1681cef5d04,ee7c00877ae64dac87123a3d75251530,0.762344
94e0d776b3794ee083e5c1681cef5d04,e0d8aee46b1d4d998858cd05027251b6,0.756474
2b23b46313714edcb7da655ef18a0f03,7ee65b33f8f44852ada468b1fed83433,0.974101
2b23b46313714edcb7da655ef18a0f03,595e438d2b394bb3a3259f47efd37ae8,0.822698
2b23b46313714edcb7da655ef18a0f03,2d812431f07c44f1a56a71c72766e0b0,0.813183
fad34cbf60564c3f99677bb2e06263aa,af532d6e5090478ba520505d5f9107f2,0.918654
a47ae5564b854b989994a2a30367bfa4,2d812431f07c44f1a56a71c72766e0b0,0.992885
a47ae5564b854b989994a2a30367bfa4,7ee65b33f8f44852ada468b1fed83433,0.823862
a47ae5564b854b989994a2a30367bfa4,e0d8aee46b1d4d998858cd05027251b6,0.772184
a47ae5564b854b989994a2a30367bfa4,595e438d2b394bb3a3259f47efd37ae8,0.768299
a47ae5564b854b989994a2a30367bfa4,4254f6eaaed746bea797c3522036fc12,0.768196
9113b0a4a5e24e61aed364a478da29ee,bcfa4a4177d44d8b8cda17b7a23196b0,0.975527
9113b0a4a5e24e61aed364a478da29ee,c1def54262224e23acf67a9870725ce5,0.802538
9113b0a4a5e24e61aed364a478da29ee,99a52c93a3304ec18dab9206f98f2a8b,0.778181
9113b0a4a5e24e61aed364a478da29ee,f1eecad10a61421eb16b1be7435d9c19,0.766781
9113b0a4a5e24e61aed364a478da29ee,250d411ae270441085be3501b7b55d86,0.759694
b3926611d2914adc8eadda384ed96905,c1def54262224e23acf67a9870725ce5,0.964523
b3926611d2914adc8eadda384ed96905,bcfa4a4177d44d8b8cda17b7a23196b0,0.807893
b3926611d2914adc8eadda384ed96905,ad42c467d0fe43dbb328073f9a16bc4d,0.756346
b3926611d2914adc8eadda384ed96905,5f481b07f9734f518a14853831233b78,0.755732
36bc21f1eb9547d6acfa87c18625fa92,c1def54262224e23acf67a9870725ce5,0.923582
d7becb5524844f73b41af1cad1c1266b,999a2b52a5004ee984e587d5a1327b23,0.882313
d7becb5524844f73b41af1cad1c1266b,f1eecad10a61421eb16b1be7435d9c19,0.806441
d7becb5524844f73b41af1cad1c1266b,bcfa4a4177d44d8b8cda17b7a23196b0,0.790375
d7becb5524844f73b41af1cad1c1266b,c1def54262224e23acf67a9870725ce5,0.755327
f63ec53d7383437a8d1e627efc4dd528,bcfa4a4177d44d8b8cda17b7a23196b0,0.940901
f63ec53d7383437a8d1e627efc4dd528,c1def54262224e23acf67a9870725ce5,0.807195
d76ebc807f524eb9b8f95b523304233d,b3a022950e444682a113cec5a0537f6a,0.856858
d76ebc807f524eb9b8f95b523304233d,0ecfdd96e0054841883acba75e83b232,0.752951
4b8fd90e4d5b4a25a57652c495f66ea5,b3a022950e444682a113cec5a0537f6a,0.900455
9ac82778d5784882b02b03d8ce1a4ccd,35d06fce2df446569702778e2250bd82,0.889378
9ac82778d5784882b02b03d8ce1a4ccd,3c0f3b44c0844df49b5898406fe9195a,0.762788
9ac82778d5784882b02b03d8ce1a4ccd,98b2022b2cb84af09ee8b789db928b13,0.759012
9ac82778d5784882b02b03d8ce1a4ccd,f4474150010f4021a4620372062f3797,0.757064
dee104ae444246ed89dd5a5796eafc0a,2c65a898314b42e6b2e93dca66fd15c2,0.975030
dee104ae444246ed89dd5a5796eafc0a,c24e3823376b436c8eb46eaeebbc7718,0.794439
dee104ae444246ed89dd5a5796eafc0a,da9cfbdf124143b78bec89393dd5287a,0.789620
dee104ae444246ed89dd5a5796eafc0a,f59a3ee5387440d981754b6595e8664c,0.781842
dee104ae444246ed89dd5a5796eafc0a,4a6eba10a02a4ecdbb6b25e8651c3789,0.768868
dee104ae444246ed89dd5a5796eafc0a,eafb3480db704d7baa8216ce857d1610,0.753336
9a46e2903ca8474d9cb7fe93138049f0,2c65a898314b42e6b2e93dca66fd15c2,0.966062
9a46e2903ca8474d9cb7fe93138049f0,c24e3823376b436c8eb46eaeebbc7718,0.788549
9a46e2903ca8474d9cb7fe93138049f0,da9cfbdf124143b78bec89393dd5287a,0.766969
9a46e2903ca8474d9cb7fe93138049f0,f59a3ee5387440d981754b6595e8664c,0.761886
9a46e2903ca8474d9cb7fe93138049f0,4a6eba10a02a4ecdbb6b25e8651c3789,0.756826
bfa6dfb11d9e42a98ba3ab87d5f2ffde,da9cfbdf124143b78bec89393dd5287a,0.915461
bfa6dfb11d9e42a98ba3ab87d5f2ffde,f59a3ee5387440d981754b6595e8664c,0.822892
bfa6dfb11d9e42a98ba3ab87d5f2ffde,2c65a898314b42e6b2e93dca66fd15c2,0.777792
bfa6dfb11d9e42a98ba3ab87d5f2ffde,a70909d3ce0d4235913b5ce6a138dcce,0.760799
f677dfcf19e14a9faf24ac74066422c2,f59a3ee5387440d981754b6595e8664c,0.981405
f677dfcf19e14a9faf24ac74066422c2,da9cfbdf124143b78bec89393dd5287a,0.827422
f677dfcf19e14a9faf24ac74066422c2,2c65a898314b42e6b2e93dca66fd15c2,0.792588
f677dfcf19e14a9faf24ac74066422c2,22d9d5ad33e947fd857c5c4a8b7dfae1,0.775229
98fd88d0387e44c3950f7955f062c9b3,761a3a01495143f0a86beac4234cae3a,0.967772
98fd88d0387e44c3950f7955f062c9b3,d37bf09399d848df9a4d880fb097239c,0.863339
98fd88d0387e44c3950f7955f062c9b3,93bf0b86be094f68a9d308ca5ecfb4e3,0.826267
98fd88d0387e44c3950f7955f062c9b3,ee337b5c1ef3431e9c120250bfec4cac,0.810032
98fd88d0387e44c3950f7955f062c9b3,bb6ecabbce1b43d997d00d7acdc95193,0.798154
98fd88d0387e44c3950f7955f062c9b3,b01fd4d037a84a7aa777e1fc345c73c5,0.792520
98fd88d0387e44c3950f7955f062c9b3,a8904adcdd21495f890bc614bfdbf86f,0.789702
98fd88d0387e44c3950f7955f062c9b3,fc70a4c2c4834e0eba1a14470f563b03,0.788702
98fd88d0387e44c3950f7955f062c9b3,afac6ae28fac41dabae96696990c5555,0.781675
98fd88d0387e44c3950f7955f062c9b3,d7618b61a65a4bc1a0d0f2cc1bddc448,0.780418
90efefd1c3314a96b5fd32625e55a054,5e199f7727cc4910ad88dbd81ed1ec82,0.988918
90efefd1c3314a96b5fd32625e55a054,93bf0b86be094f68a9d308ca5ecfb4e3,0.890889
90efefd1c3314a96b5fd32625e55a054,bb6ecabbce1b43d997d00d7acdc95193,0.851622
90efefd1c3314a96b5fd32625e55a054,b2b22c673e554db39c8acdbe42687a6d,0.842847
90efefd1c3314a96b5fd32625e55a054,fe363cef357840fcb35f320fe7c27e4e,0.825347
90efefd1c3314a96b5fd32625e55a054,a297e08effdf4a69a6c4d79a34a0c6ad,0.819263
90efefd1c3314a96b5fd32625e55a054,afac6ae28fac41dabae96696990c5555,0.813725
90efefd1c3314a96b5fd32625e55a054,8ad1f345ca194b29bde0a924f27b2de5,0.813128
90efefd1c3314a96b5fd32625e55a054,116f6c1f0cb54312986a0a729508a33e,0.809199
90efefd1c3314a96b5fd32625e55a054,1d93c07de74c482ebf0a76ec564c3252,0.801474
b77b731d5a9c49139163f1fac2ed9337,5e199f7727cc4910ad88dbd81ed1ec82,0.995120
b77b731d5a9c49139163f1fac2ed9337,93bf0b86be094f68a9d308ca5ecfb4e3,0.897667
b77b731d5a9c49139163f1fac2ed9337,b2b22c673e554db39c8acdbe42687a6d,0.844127
b77b731d5a9c49139163f1fac2ed9337,bb6ecabbce1b43d997d00d7acdc95193,0.836422
b77b731d5a9c49139163f1fac2ed9337,fe363cef357840fcb35f320fe7c27e4e,0.820483
b77b731d5a9c49139163f1fac2ed9337,a297e08effdf4a69a6c4d79a34a0c6ad,0.809527
b77b731d5a9c49139163f1fac2ed9337,afac6ae28fac41dabae96696990c5555,0.809407
b77b731d5a9c49139163f1fac2ed9337,8ad1f345ca194b29bde0a924f27b2de5,0.801685
b77b731d5a9c49139163f1fac2ed9337,116f6c1f0cb54312986a0a729508a33e,0.799749
b77b731d5a9c49139163f1fac2ed9337,1d93c07de74c482ebf0a76ec564c3252,0.793681
dd2de907048e4d1ba625a54ad1bdeb2a,d37bf09399d848df9a4d880fb097239c,0.972637
dd2de907048e4d1ba625a54ad1bdeb2a,761a3a01495143f0a86beac4234cae3a,0.858383
dd2de907048e4d1ba625a54ad1bdeb2a,716a15d66b63424a8068da89e75733b4,0.830328
dd2de907048e4d1ba625a54ad1bdeb2a,a8904adcdd21495f890bc614bfdbf86f,0.816412
dd2de907048e4d1ba625a54ad1bdeb2a,b01fd4d037a84a7aa777e1fc345c73c5,0.814295
dd2de907048e4d1ba625a54ad1bdeb2a,1d93c07de74c482ebf0a76ec564c3252,0.814290
dd2de907048e4d1ba625a54ad1bdeb2a,8c5f38853679436ba434b6a696e43168,0.799032
dd2de907048e4d1ba625a54ad1bdeb2a,afac6ae28fac41dabae96696990c5555,0.797191
dd2de907048e4d1ba625a54ad1bdeb2a,fc70a4c2c4834e0eba1a14470f563b03,0.796027
dd2de907048e4d1ba625a54ad1bdeb2a,13aca0959cc948cabeee0d7255f55a65,0.795854
b1494352b57f4f809fbe88f8f61ab247,11e9586d6c7a443c8025278f8ef53b6d,0.927805
b1494352b57f4f809fbe88f8f61ab247,75bf181ea5dc490e95d364a5f5c7af1d,0.820517
b1494352b57f4f809fbe88f8f61ab247,2c8eafa0ff26437a862dc2224ab57073,0.777150
b1494352b57f4f809fbe88f8f61ab247,415641aa43724ed9bc4710302b77edc3,0.772248
841cacf592b14de2bc2fcdaf4995bf39,75bf181ea5dc490e95d364a5f5c7af1d,0.954502
841cacf592b14de2bc2fcdaf4995bf39,11e9586d6c7a443c8025278f8ef53b6d,0.830234
841cacf592b14de2bc2fcdaf4995bf39,ae3f42d57b3046a3821026173286a43e,0.800725
841cacf592b14de2bc2fcdaf4995bf39,2c8eafa0ff26437a862dc2224ab57073,0.798214
a8c2576da05048d4a652ebaf10c7447d,,
4237232296b841bd8be058dc85f807b1,,
9c8f594f127f4823807c7d9a40bc9547,7d5c0a2bfccf4255a43d9bd0f84a6d3a,0.970254
9c8f594f127f4823807c7d9a40bc9547,1578afd6ce694d46ab6e24f965f51fd6,0.803158
9c8f594f127f4823807c7d9a40bc9547,9dd98c9126c44642a20711729f2e731e,0.765550
e0f3fe21dd04463787d620860a0ec6a2,7d5c0a2bfccf4255a43d9bd0f84a6d3a,0.912339
e0f3fe21dd04463787d620860a0ec6a2,1578afd6ce694d46ab6e24f965f51fd6,0.776396
26a7ded48a0842c28c407984aa614b3c,c713a0ca69864ee7b240069c98dc44dc,0.893424
26a7ded48a0842c28c407984aa614b3c,8889c114b071429cbe2418f5b0f2024b,0.756419
95e4e242519d4cd9bae0a574d881fa7b,c713a0ca69864ee7b240069c98dc44dc,0.891620
e8f5726fe08646aab29fd6e5202c7f88,feb980ae999948ce9be0266b4ddc048d,0.921970
3bdf75b6d56a422d94e6c850d515d3ed,feb980ae999948ce9be0266b4ddc048d,0.967562
978f36c5e8ff41efa416cf6c32ca240e,7d3d751215194e649a03457226f599d7,0.920689
57add4e71a1c4202a2502065ae10d002,3e6a4b65a1004c08a6f3f570cf986c2f,0.899804
57add4e71a1c4202a2502065ae10d002,cd764fbfae774d068af7549c648a02c9,0.834410
57add4e71a1c4202a2502065ae10d002,2b039224b54142d185a406b31fe01de2,0.822108
57add4e71a1c4202a2502065ae10d002,f5d09519cf7647f8a107cd8fadd322e5,0.811237
57add4e71a1c4202a2502065ae10d002,f879b316413f45d2b64bb25e3f45a667,0.797909
57add4e71a1c4202a2502065ae10d002,31cf7db26a3249c5a6205b005662ddcf,0.772718
57add4e71a1c4202a2502065ae10d002,342aaa81ed004635bbf9cbc2592cd7b6,0.761831
9509c30cb1bb48f38a20b700b4c3456e,7ab9086baf99475d8c93862a7dd36344,0.975677
9509c30cb1bb48f38a20b700b4c3456e,342aaa81ed004635bbf9cbc2592cd7b6,0.903466
9509c30cb1bb48f38a20b700b4c3456e,2b039224b54142d185a406b31fe01de2,0.869395
9509c30cb1bb48f38a20b700b4c3456e,cd764fbfae774d068af7549c648a02c9,0.767437
9509c30cb1bb48f38a20b700b4c3456e,a64f6232ee1e4357937008a327a63cf4,0.762868
9509c30cb1bb48f38a20b700b4c3456e,3c1b91a23b694da1973dbc5f75f2f3ed,0.759663
9509c30cb1bb48f38a20b700b4c3456e,99ba4cc9355f4d79a68bc69ac12a716f,0.754835
e25640a5cf1a493db2690655a45676b5,7ab9086baf99475d8c93862a7dd36344,0.983318
e25640a5cf1a493db2690655a45676b5,342aaa81ed004635bbf9cbc2592cd7b6,0.890773
e25640a5cf1a493db2690655a45676b5,2b039224b54142d185a406b31fe01de2,0.866896
e25640a5cf1a493db2690655a45676b5,a64f6232ee1e4357937008a327a63cf4,0.771573
e25640a5cf1a493db2690655a45676b5,cd764fbfae774d068af7549c648a02c9,0.765168
ce1ecc1569cc4b1ca2945be90a005698,f5d09519cf7647f8a107cd8fadd322e5,0.817488
ce1ecc1569cc4b1ca2945be90a005698,3e6a4b65a1004c08a6f3f570cf986c2f,0.804394
ce1ecc1569cc4b1ca2945be90a005698,5b588e34588940788a22036b775ecc2f,0.775564
ce1ecc1569cc4b1ca2945be90a005698,91f9f8576e5142a49926bd623b0bc19c,0.762337
ce1ecc1569cc4b1ca2945be90a005698,bc607fd6000b43108e49b3d05688fe90,0.757931
0c0b0a3a57ae44f5bc9a682ecdf7017e,ad3d372fbf054ea1ad06cfcb7490df4b,0.956893
0c0b0a3a57ae44f5bc9a682ecdf7017e,5f65785004054c67a618fe43b6a30f56,0.783634
0c0b0a3a57ae44f5bc9a682ecdf7017e,039a871609044cb1b69f70c082fe61d8,0.766387
0c0b0a3a57ae44f5bc9a682ecdf7017e,be70e49b76c24527b4fddfb6b78b6d8d,0.759567
60de40f69385488097a1e4a1e36a7e71,ad3d372fbf054ea1ad06cfcb7490df4b,0.953707
60de40f69385488097a1e4a1e36a7e71,5f65785004054c67a618fe43b6a30f56,0.775968
e24bf2d26b3447a0a1cabfedc1474778,44f41e6e6faa4facb0bb9a72205229f8,0.966156
e24bf2d26b3447a0a1cabfedc1474778,b64cef9df31c4e92a7b7ecd42f74f396,0.755327
26e498e22958483fb8c239d967efe176,5f65785004054c67a618fe43b6a30f56,0.876679
26e498e22958483fb8c239d967efe176,be70e49b76c24527b4fddfb6b78b6d8d,0.793005
26e498e22958483fb8c239d967efe176,ad3d372fbf054ea1ad06cfcb7490df4b,0.790196
26e498e22958483fb8c239d967efe176,039a871609044cb1b69f70c082fe61d8,0.770942
0e5860811dd84425862213b698237538,44f41e6e6faa4facb0bb9a72205229f8,0.920031
