query_id,gallery_id_1,gallery_id_2,gallery_id_3,gallery_id_4,gallery_id_5,gallery_id_6,gallery_id_7,gallery_id_8,gallery_id_9,gallery_id_10
486dd80d22f94a5496b3e670b19399a7,df7ea50171af48df81584ab7e8107d15,0a61f52258f643b6a6436a1ec234e197,fb8c2b83e46441c2aaa7c81d3642e2da,8dfbb6a204a0441492c35baca6190969,55c0b899937042c98162389b209aca7f,268f8ec9f2734029a8e75857db56ccb3,ef60b54aa4b5490890da32d0bb8c9cbf,75efe5ddef364f49865d9bb283492b48,d9b70c4ed8bb4fc5957ecebf102528ee,78d0265d47df4f4cb7153da919763730
9e1bede2ba464377897f1d482b7c49ae,df7ea50171af48df81584ab7e8107d15,0a61f52258f643b6a6436a1ec234e197,75efe5ddef364f49865d9bb283492b48,fb8c2b83e46441c2aaa7c81d3642e2da,ef60b54aa4b5490890da32d0bb8c9cbf,32aaca2a732f4272b237374d3cdeec90,8dfbb6a204a0441492c35baca6190969,55c0b899937042c98162389b209aca7f,d9b70c4ed8bb4fc5957ecebf102528ee,cc243eebbb2b44a581745865a60c423a
a1595c1d280449abbff7742dcdc90b72,e79ae27b52fa4d54aa37735fd275c66e,7199f2fe77824236a392e1f00a5bdfc3,f439b5616ba24b7f82eccfa095a0eff8,9094e936e13641cc9bfcc7dc1408d86e,3aaea7fa41fd43cdb88f8ef59062c5df,5abf57d57d84440e94d0d2e2ffb37575,df0c94234d9d4890b5b4b95c441b3e9a,fb8c2b83e46441c2aaa7c81d3642e2da,cc243eebbb2b44a581745865a60c423a,13e659415ac84c7a81fc769111d43417
58c2bd09ab0c4a56ad05b91a3de36417,34b736136487439389c10cc6bd4e9f4e,97959d02a64f4a3fbbebe7cbece6c012,c84deec0ecf843c39f52d4cb8e7300f8,23a16d69ffe848d593a4808907d8aa98,dee9eddb2eac41bfaf36d3279d43674a,d361a9e414fb41c1a605200d9cbba496,23199e1859544647893a97ea365c5c83,e7aaa514f6f64a258a640ea341aa1a18,77cecb221149474896d9b2eb848bf150,7fe9e665bf41491c9788941aa2894a10
4d5ef36361734ccdae5d52098bf0123f,34b736136487439389c10cc6bd4e9f4e,23a16d69ffe848d593a4808907d8aa98,c84deec0ecf843c39f52d4cb8e7300f8,dee9eddb2eac41bfaf36d3279d43674a,97959d02a64f4a3fbbebe7cbece6c012,d361a9e414fb41c1a605200d9cbba496,77cecb221149474896d9b2eb848bf150,7fe9e665bf41491c9788941aa2894a10,23199e1859544647893a97ea365c5c83,e7aaa514f6f64a258a640ea341aa1a18
4d78e6316a014332815f66e59a8a4099,23199e1859544647893a97ea365c5c83,34b736136487439389c10cc6bd4e9f4e,211ef3181e524685866fb8574d9bf456,984058b7165d4c6385bec3c94afa9fb2,c84deec0ecf843c39f52d4cb8e7300f8,9c69642fab6749848e7ea7f5406a6da4,97959d02a64f4a3fbbebe7cbece6c012,dee9eddb2eac41bfaf36d3279d43674a,d361a9e414fb41c1a605200d9cbba496,01ffceddb5b34406a08bb982b424b3cf
4e7bd3e813564642929978bfa51f30c7,23199e1859544647893a97ea365c5c83,34b736136487439389c10cc6bd4e9f4e,211ef3181e524685866fb8574d9bf456,984058b7165d4c6385bec3c94afa9fb2,c84deec0ecf843c39f52d4cb8e7300f8,dee9eddb2eac41bfaf36d3279d43674a,d361a9e414fb41c1a605200d9cbba496,97959d02a64f4a3fbbebe7cbece6c012,9c69642fab6749848e7ea7f5406a6da4,01ffceddb5b34406a08bb982b424b3cf
f25af2430f9345bebb1d841e5867c08d,fbfaa119f55a477984e42d80498f54d3,41e657daa20545a588584578bdb4101c,52ee59901f3b4de884d7a6720538aed6,23a16d69ffe848d593a4808907d8aa98,6c874292dbcc49ff8bb8bbe5643593a5,19a124c6dad14a4fa7864463b081009c,b77d8b7bb0114c379139d280a9210e83,de6ac628a786435f9925c8cc1d707d6b,30f654c6e69e48888f9f42dd95ab3c77,8d595c7da42545c88052e7b213b6c97c
44b22297fb9049d682c5ca2921bfc8fa,fbfaa119f55a477984e42d80498f54d3,52ee59901f3b4de884d7a6720538aed6,23a16d69ffe848d593a4808907d8aa98,6c874292dbcc49ff8bb8bbe5643593a5,41e657daa20545a588584578bdb4101c,19a124c6dad14a4fa7864463b081009c,b77d8b7bb0114c379139d280a9210e83,de6ac628a786435f9925c8cc1d707d6b,77cecb221149474896d9b2eb848bf150,30578712823948b086e3781343982938
115a8b58da1343fd928c9b8e89d40878,41e657daa20545a588584578bdb4101c,70558882c04e46bd99d15e9786468418,eafb3480db704d7baa8216ce857d1610,590df34aa41f46e9ad13ffc6a98da3b7,eb21a4e2b7bd43efbdf0c365415e7fef,fbfaa119f55a477984e42d80498f54d3,25109e3a7df549e5b380aae716d71366,8dfe01febd46475ab5aef97033716ce1,b77d8b7bb0114c379139d280a9210e83,19a124c6dad14a4fa7864463b081009c
dcb5bc6262f24669a59aadae1fe8a9c6,41e657daa20545a588584578bdb4101c,70558882c04e46bd99d15e9786468418,590df34aa41f46e9ad13ffc6a98da3b7,fbfaa119f55a477984e42d80498f54d3,8dfe01febd46475ab5aef97033716ce1,eafb3480db704d7baa8216ce857d1610,eb21a4e2b7bd43efbdf0c365415e7fef,0971af4212484a958eb0f60f93d1dfe0,25109e3a7df549e5b380aae716d71366,19a124c6dad14a4fa7864463b081009c
16bb236a08d141388ef98f19a4ca335b,57bcda73abab44ee930b20cdaee9d24b,8889c114b071429cbe2418f5b0f2024b,4c36aafaf38f4e9e9e09991737196fe1,30c71719aed84c07ae21d0eff0deed72,cb550e5ff4694fe9a19eaa6588cef250,092cb872c8724c7681c50da9c6cfa252,59f62d35b1ad451397b700b3dad25448,3766b26b53874893ae48693880e1942c,e7ee85dd47ca43eeb2fdcd70b802f0ec,bbdf9065122d499d9d8f80ad3e0ef6f3
6bb81302398a41f3a58838ff31bdb0f8,57bcda73abab44ee930b20cdaee9d24b,cb550e5ff4694fe9a19eaa6588cef250,8889c114b071429cbe2418f5b0f2024b,30c71719aed84c07ae21d0eff0deed72,092cb872c8724c7681c50da9c6cfa252,3766b26b53874893ae48693880e1942c,59f62d35b1ad451397b700b3dad25448,4c36aafaf38f4e9e9e09991737196fe1,e7ee85dd47ca43eeb2fdcd70b802f0ec,bbdf9065122d499d9d8f80ad3e0ef6f3
efa58554232841b693eb71ccc7417f3d,0accd1d0138b49049d437c0d9b1c23c3,878e5c41be5c477e9f660ca361fdd727,cb550e5ff4694fe9a19eaa6588cef250,bbdf9065122d499d9d8f80ad3e0ef6f3,a0408a6462b24cf18e50a8616359d5ad,3766b26b53874893ae48693880e1942c,59f62d35b1ad451397b700b3dad25448,0daf8d5687b54d158f7f752884c42334,24c55bb5cd694770ba895c7401da2ba5,57bcda73abab44ee930b20cdaee9d24b
9b715a377ba548f682027f97bfd90fef,0accd1d0138b49049d437c0d9b1c23c3,878e5c41be5c477e9f660ca361fdd727,cb550e5ff4694fe9a19eaa6588cef250,a0408a6462b24cf18e50a8616359d5ad,bbdf9065122d499d9d8f80ad3e0ef6f3,59f62d35b1ad451397b700b3dad25448,3766b26b53874893ae48693880e1942c,57bcda73abab44ee930b20cdaee9d24b,4c36aafaf38f4e9e9e09991737196fe1,24c55bb5cd694770ba895c7401da2ba5
1423a1c6689d4577818b5aa7d4dce019,04d24d1cf42b4f7787d8d300cbad6d50,ef511457ee7c490c8e10eccf6e18fef6,25afb6f7e9314af09008644bca5955b9,7bbe3c76bcc04d73969f920d43fcc67d,3e59b61eb70146308db2308b988b54cf,1ade4365590a4ac7865100d8c791e340,14f4db886cca4104877ac7d1d7a64133,e88ce4cd350f43398a5c0ab8629cee72,b4dadb3ea3a04cc3932094471debce13,76e41369a6794714a9fab6968839bfe6
dd907a79f4e744e2851eafcd9227e602,dd36cc0867b94d55a43b82c1c9a0e95c,8fca2e4873e946f7a788af2b846cebd7,74de04f31db94a99b757685c91779412,5455e62f52ae4e03b2a5d0e8b9899506,be70e49b76c24527b4fddfb6b78b6d8d,a2612682d9854a30a7684c91c8619ec9,ef511457ee7c490c8e10eccf6e18fef6,556743bab70d4b75bafcf192fef95b16,be9e713988ba4bbba869885cad419259,04fa591263664fb0a6868552ebd3590b
7c541d4fc72e49c0ab64a3c1d0fd1c08,dd36cc0867b94d55a43b82c1c9a0e95c,74de04f31db94a99b757685c91779412,8fca2e4873e946f7a788af2b846cebd7,0842a796c09b4089933a4f27e4e5e3bc,31a2675a2e944a1ab3b810cfb92ebd34,5f65785004054c67a618fe43b6a30f56,3574ab91c29940b3afc62354ae06b73b,be70e49b76c24527b4fddfb6b78b6d8d,04d24d1cf42b4f7787d8d300cbad6d50,94ed54abfdc74b04b0dcb19c278e66f4
518c046dd36b449fab3f0ffe249b1282,b83013f4c5524232814efa0f8651867f,898eabaaa1a047e18aecbb1c5a8decbf,7f5b658239034d35b7f4cf1c63cb388c,10b152bdafe94db8a93f7c374226a071,06b7dd1b701544ac80dd7ca54ed707cf,beccee3a988f48c1ad207e2380766fa4,77d8e01a914d4f4a8b87d407e0d741aa,27fe100af7884932a33bf30f10dacc55,ec5fe0d3a2a2426ea4e49a5c0ad44e04,d445ccdb4cda497e9f0343a3298022d2
623639be18e04aeba2e0129efe84aab8,27fe100af7884932a33bf30f10dacc55,b83013f4c5524232814efa0f8651867f,06b7dd1b701544ac80dd7ca54ed707cf,40f040fd5c824c8e8e710af1fdf70b5f,898eabaaa1a047e18aecbb1c5a8decbf,aaab880f032a4e00904cf50566164044,de1102228a324428989533278cd482f6,77d8e01a914d4f4a8b87d407e0d741aa,08ecf89bc10942a4bd894482f6fcdfa7,64d9091426f9461c97c98a5428856bcf
12c13948584341d6a5e45dde227253f8,b83013f4c5524232814efa0f8651867f,898eabaaa1a047e18aecbb1c5a8decbf,7f5b658239034d35b7f4cf1c63cb388c,10b152bdafe94db8a93f7c374226a071,27fe100af7884932a33bf30f10dacc55,beccee3a988f48c1ad207e2380766fa4,ec5fe0d3a2a2426ea4e49a5c0ad44e04,06b7dd1b701544ac80dd7ca54ed707cf,aaab880f032a4e00904cf50566164044,77d8e01a914d4f4a8b87d407e0d741aa
4d070f30ba5d4a11b0b78073f47f11a8,27fe100af7884932a33bf30f10dacc55,b83013f4c5524232814efa0f8651867f,40f040fd5c824c8e8e710af1fdf70b5f,aaab880f032a4e00904cf50566164044,898eabaaa1a047e18aecbb1c5a8decbf,06b7dd1b701544ac80dd7ca54ed707cf,de1102228a324428989533278cd482f6,77d8e01a914d4f4a8b87d407e0d741aa,7f5b658239034d35b7f4cf1c63cb388c,08ecf89bc10942a4bd894482f6fcdfa7
a376e7d651454d5490a6836fdcfbb986,c3f66637872c4141ab3898296739457d,da61d9bc8f024a4aba18d5c3072b7838,01930613ce7d4a5f90ccf78d1e92a55d,2b039224b54142d185a406b31fe01de2,1aaf8edc37ea412b85e3d1b5c5317051,ce4fdd5499f8498793c11e586f7da70c,99ba4cc9355f4d79a68bc69ac12a716f,baf841bad27c456c9de7227555ea3ef8,64fc9fe3c8d5424ebc005e5cf4a608db,bf789f42ccfc42c5a330a3f6e30ddb83
127639f543af45dba72da3cecff7c65a,ce4fdd5499f8498793c11e586f7da70c,da61d9bc8f024a4aba18d5c3072b7838,9aca522158f443fd8a9caaec38ae5e2c,0228b1e9e3244da3a727930123ba7bda,9ffa09a2b9bd4da0ba98fc537ca68802,99ba4cc9355f4d79a68bc69ac12a716f,ec07b4e88bea4086a5eafed96d81edb5,f2077addeb6142c8b3540916522126e8,1aaf8edc37ea412b85e3d1b5c5317051,3b7d56c26da14b3a9b1cd52b5b35891b
c91c2c649312417aa86fe0975f437d9f,ce4fdd5499f8498793c11e586f7da70c,da61d9bc8f024a4aba18d5c3072b7838,9aca522158f443fd8a9caaec38ae5e2c,0228b1e9e3244da3a727930123ba7bda,9ffa09a2b9bd4da0ba98fc537ca68802,f2077addeb6142c8b3540916522126e8,99ba4cc9355f4d79a68bc69ac12a716f,36ee1613abf245cdbe93fef69b5f981f,ec07b4e88bea4086a5eafed96d81edb5,342aaa81ed004635bbf9cbc2592cd7b6
06975950c6134fdfb4b0ed6a5cf0a50d,93dc50abd35349f7923100dca2f41002,eee7f32249c5452ea36c8ed3a3540010,1aaf8edc37ea412b85e3d1b5c5317051,6fc7a2cf0684475a82f6ff9be2c8e850,9460474d89704a68aaa6ccb62310ae3d,9aca522158f443fd8a9caaec38ae5e2c,3b7d56c26da14b3a9b1cd52b5b35891b,4a6eba10a02a4ecdbb6b25e8651c3789,ce4fdd5499f8498793c11e586f7da70c,73f684f538ea452cbb4fbecc2e8126a4
8b60f7f0b86c4168ad03970ab04f5e6f,51c6049a18b84ee381d0512e40b67c0e,6b4676aba2a746b3ab778315afc8ee82,e2769c67dadd4c988f7ccf249a998a56,19098957d8c24cab95daa30c2baefd8f,7e17bbd109dc486c8f0a76f913782180,04fa591263664fb0a6868552ebd3590b,7daa434073604cb98a04fefb55468dda,361f2b7f3f044907b3a331872fb18755,50a2129b83404b94889a01f4688ebafd,04d24d1cf42b4f7787d8d300cbad6d50
514ebe94b40c403482de042102289b46,51c6049a18b84ee381d0512e40b67c0e,e2769c67dadd4c988f7ccf249a998a56,6b4676aba2a746b3ab778315afc8ee82,7e17bbd109dc486c8f0a76f913782180,66cba49431224a3788f914d6a80165e1,19098957d8c24cab95daa30c2baefd8f,2639b6540bda414f8a9baa3b5cdb612a,f32f4607b4714e378831f924c5e6084d,5c09482fc8dc45bdbf7919f00dd540e0,86f59bd78b424260b0cf356f2f9ae734
543ddcbf2bd941a58120dad59c45ceb0,6b4676aba2a746b3ab778315afc8ee82,51c6049a18b84ee381d0512e40b67c0e,e2769c67dadd4c988f7ccf249a998a56,7e17bbd109dc486c8f0a76f913782180,19098957d8c24cab95daa30c2baefd8f,7daa434073604cb98a04fefb55468dda,24c55bb5cd694770ba895c7401da2ba5,21eb9f06dd834a108d816efdf3aca8dc,27a0d24dc1e14b28a1f18456b29c93f1,0accd1d0138b49049d437c0d9b1c23c3
107e548bacc844d38e74d9d3d4c6daef,7226603f024c45c6a6e44b00e52e8aad,f12e9e5805534d719f829332d1ea5d29,e12ad1ce8e7940a999b9a4f91a95fab7,f1c9c5051bdd4a11a064260bbb9d6d7b,e5a3c8867e44498d9182e8be934e0fce,d695b7afdc3841a28a56df578e56afce,daed5458403e49e3aea72f4bcc6dd224,b3f8b4bec0164d0e81997b4f5a277e8f,cf7476d6c96b4dcdb6f025b9291eb62b,8dfe01febd46475ab5aef97033716ce1
2b96b856fb814e1ea13121869bdfba59,f12e9e5805534d719f829332d1ea5d29,7226603f024c45c6a6e44b00e52e8aad,f1c9c5051bdd4a11a064260bbb9d6d7b,e12ad1ce8e7940a999b9a4f91a95fab7,d695b7afdc3841a28a56df578e56afce,daed5458403e49e3aea72f4bcc6dd224,599feb1e512c43ad8c0a1845922acf78,8dfe01febd46475ab5aef97033716ce1,2ece45504eff42469c104dc2a2d03caf,aa082284f9894b5aa210c179d59999b1
b2bd2aeb78c846db8046a83ff0fa2cd1,f12e9e5805534d719f829332d1ea5d29,f1c9c5051bdd4a11a064260bbb9d6d7b,7226603f024c45c6a6e44b00e52e8aad,d695b7afdc3841a28a56df578e56afce,e12ad1ce8e7940a999b9a4f91a95fab7,daed5458403e49e3aea72f4bcc6dd224,8dfe01febd46475ab5aef97033716ce1,2ece45504eff42469c104dc2a2d03caf,599feb1e512c43ad8c0a1845922acf78,e5a3c8867e44498d9182e8be934e0fce
dba7a96eede9465fb56a4f743a85c9c0,7226603f024c45c6a6e44b00e52e8aad,e12ad1ce8e7940a999b9a4f91a95fab7,f12e9e5805534d719f829332d1ea5d29,f1c9c5051bdd4a11a064260bbb9d6d7b,d695b7afdc3841a28a56df578e56afce,e5a3c8867e44498d9182e8be934e0fce,daed5458403e49e3aea72f4bcc6dd224,8dfe01febd46475ab5aef97033716ce1,cf7476d6c96b4dcdb6f025b9291eb62b,2ece45504eff42469c104dc2a2d03caf
95a37fbd9d724d448e13f4ffabbe0274,93dc50abd35349f7923100dca2f41002,b9228fdb5f0c413d81cffb51829d95c6,eafb3480db704d7baa8216ce857d1610,36ee1613abf245cdbe93fef69b5f981f,4a6eba10a02a4ecdbb6b25e8651c3789,d9ac372330a4446886fa19bac0d19877,7ec1584e9a5b49eab9ef249143d9bb86,1004b33e3126472faa78e1929ed974e6,9ffa09a2b9bd4da0ba98fc537ca68802,eee7f32249c5452ea36c8ed3a3540010
e365a82950b3437a9ffd8bbebb0713a8,93dc50abd35349f7923100dca2f41002,b9228fdb5f0c413d81cffb51829d95c6,eafb3480db704d7baa8216ce857d1610,4a6eba10a02a4ecdbb6b25e8651c3789,36ee1613abf245cdbe93fef69b5f981f,d9ac372330a4446886fa19bac0d19877,7ec1584e9a5b49eab9ef249143d9bb86,9ffa09a2b9bd4da0ba98fc537ca68802,eee7f32249c5452ea36c8ed3a3540010,ce4fdd5499f8498793c11e586f7da70c
5fe3bf5786b54f9f8d85861573fc9d2f,a0b4d283f12a407286dbeaa3a4d128a5,d65e3a3657ae455e954b6d7221afc84c,9daaefe080b34656a0c7a54d2d6a1713,b52468fc0af2435f9ba91939f72bbf6a,5605fa1188974644937bbf92fec50e21,6fc7a2cf0684475a82f6ff9be2c8e850,ff276acede2f4c14876ef47257758ae8,e4fcd30261804b089efa940359057ba2,ad42c467d0fe43dbb328073f9a16bc4d,89e983dca0a34b768e17b3871b9cea1e
be8193e46ed74126aa2fa3bd4d20feb7,4e4495962a9b4864882397042f1a2b3e,8683a3ad55d84a78834fabe20cde5269,724a3f6551e74ad585bdeac9a75fd639,78809cb3c6b841a9b8b132133dd6bb96,be9e713988ba4bbba869885cad419259,b675be39e8ff421aa59811f146da945b,e2e0c8c96aff4c00896ac6986bbb20c2,0daf8d5687b54d158f7f752884c42334,bbdf9065122d499d9d8f80ad3e0ef6f3,e7ee85dd47ca43eeb2fdcd70b802f0ec
0d39327b000c4d44854a7870268edacc,93bf0b86be094f68a9d308ca5ecfb4e3,5e199f7727cc4910ad88dbd81ed1ec82,8ad1f345ca194b29bde0a924f27b2de5,ee337b5c1ef3431e9c120250bfec4cac,bb6ecabbce1b43d997d00d7acdc95193,133bfbe9a7c741fcb638ecf1b0088213,1d93c07de74c482ebf0a76ec564c3252,4c8476482736459881e2a3b0509ee103,a297e08effdf4a69a6c4d79a34a0c6ad,50aa0f56e00d4c23ac78b3e63bc0f0e1
e0e982cb170f440b970c9d9d1946f9dd,78809cb3c6b841a9b8b132133dd6bb96,4e4495962a9b4864882397042f1a2b3e,8683a3ad55d84a78834fabe20cde5269,be9e713988ba4bbba869885cad419259,bbdf9065122d499d9d8f80ad3e0ef6f3,0daf8d5687b54d158f7f752884c42334,e2e0c8c96aff4c00896ac6986bbb20c2,7daa434073604cb98a04fefb55468dda,65e30dd62cfa4dccb9ea4d908a9d6fab,878e5c41be5c477e9f660ca361fdd727
e0249c6a39824516a1c3d7d3d47dfde9,4e4495962a9b4864882397042f1a2b3e,8683a3ad55d84a78834fabe20cde5269,78809cb3c6b841a9b8b132133dd6bb96,e2e0c8c96aff4c00896ac6986bbb20c2,724a3f6551e74ad585bdeac9a75fd639,be9e713988ba4bbba869885cad419259,bbdf9065122d499d9d8f80ad3e0ef6f3,0daf8d5687b54d158f7f752884c42334,7daa434073604cb98a04fefb55468dda,eeb3b60f34af40de850e065b475d8180
1c0381823ed0499e8e96e4cfd8b9a64a,ff51ca928cd54f4da620c27983e221f8,63eab812f3254cccb9631b09725aec3d,6fc7a2cf0684475a82f6ff9be2c8e850,7862a63720b34104abf5bfa44bc8178d,5abf57d57d84440e94d0d2e2ffb37575,9c69642fab6749848e7ea7f5406a6da4,bb5c7d03a54647d08b8c62deeb803271,99dbf0cd0c6343ffbcf97f04efc4143c,3b7d56c26da14b3a9b1cd52b5b35891b,1004b33e3126472faa78e1929ed974e6
2282d8cf50554304ab195b1a53c7d9f3,6dc5832f0ac04df2bd99c6415b3ecf09,eff24b01b2f5428baa4c3fef6cb40d41,ec07b4e88bea4086a5eafed96d81edb5,bc13c2b0221744a29a8ddf56aa015df9,0592b57e490d4206a3f12eb004a0afe0,ffc5805e29a74be0a55b40318aa321d7,9ffa09a2b9bd4da0ba98fc537ca68802,99ba4cc9355f4d79a68bc69ac12a716f,7ab9086baf99475d8c93862a7dd36344,0cc5015848a044b59fa4b290813f859c
c4f8a865ba2744e0b7c4701468c16ca4,6dc5832f0ac04df2bd99c6415b3ecf09,ec07b4e88bea4086a5eafed96d81edb5,eff24b01b2f5428baa4c3fef6cb40d41,0ecfdd96e0054841883acba75e83b232,99ba4cc9355f4d79a68bc69ac12a716f,93dc50abd35349f7923100dca2f41002,36ee1613abf245cdbe93fef69b5f981f,4a6eba10a02a4ecdbb6b25e8651c3789,d53fa54d5536463ab0d87648dfc5fd78,9ffa09a2b9bd4da0ba98fc537ca68802
2f5d7dabbac54943ab9522573ada0736,f9fe93fae6084350b81964d354e2130f,6f8d80f8673144dfa7a4e09190442ab3,2ece45504eff42469c104dc2a2d03caf,2070754bb5dd4a248be9c2a6a1a9d381,db2466dc7da64ac5a2a21c20ace67856,69ac8397e9624bfd8aee237b9f9ea3b5,5cf392f15360460bae6a6b0182bb99b9,b3f8b4bec0164d0e81997b4f5a277e8f,dbf0926f9f344f1d88b114660db4d2eb,c2a665cec90e46db8d2a74389beb4649
3d2b131349684742968cd2b214a13f76,590df34aa41f46e9ad13ffc6a98da3b7,01bbbf1caa554d94b5decb69cc1add41,93dc50abd35349f7923100dca2f41002,7ec1584e9a5b49eab9ef249143d9bb86,eafb3480db704d7baa8216ce857d1610,c3f66637872c4141ab3898296739457d,d9ac372330a4446886fa19bac0d19877,b9228fdb5f0c413d81cffb51829d95c6,c1d504dfeded4b8bb3c07777b7c7abde,df5ca61304074da1bec8f536ab50baf3
e542409acd694eab90192399d89ccb4c,f9fe93fae6084350b81964d354e2130f,6f8d80f8673144dfa7a4e09190442ab3,2ece45504eff42469c104dc2a2d03caf,b3f8b4bec0164d0e81997b4f5a277e8f,2070754bb5dd4a248be9c2a6a1a9d381,db2466dc7da64ac5a2a21c20ace67856,69ac8397e9624bfd8aee237b9f9ea3b5,5cf392f15360460bae6a6b0182bb99b9,15b7b988bba143989cfd98d5c6c4d203,aa082284f9894b5aa210c179d59999b1
317db6fcd5d1443fb6271acc6ec8fe3e,590df34aa41f46e9ad13ffc6a98da3b7,01bbbf1caa554d94b5decb69cc1add41,93dc50abd35349f7923100dca2f41002,c3f66637872c4141ab3898296739457d,3b7d56c26da14b3a9b1cd52b5b35891b,eafb3480db704d7baa8216ce857d1610,c1d504dfeded4b8bb3c07777b7c7abde,7ec1584e9a5b49eab9ef249143d9bb86,1004b33e3126472faa78e1929ed974e6,36ee1613abf245cdbe93fef69b5f981f
b0553ed82597421aabe852652c5915d7,d53fa54d5536463ab0d87648dfc5fd78,c78547bdc2e64ac8935559f7de2efd41,bc607fd6000b43108e49b3d05688fe90,5605fa1188974644937bbf92fec50e21,7e8a4a43e2f84dbb88e41cb24b3fe79f,8228c9eb29a542ba98c8b9b854eadaa4,701ac1447f5a414e81156a56c3593a31,5a9a716f53364389864a4018d9e9c6c0,6dc5832f0ac04df2bd99c6415b3ecf09,268f8ec9f2734029a8e75857db56ccb3
8c59bfc1aa7b42cf882806e395ee4fec,d53fa54d5536463ab0d87648dfc5fd78,bc607fd6000b43108e49b3d05688fe90,5605fa1188974644937bbf92fec50e21,c78547bdc2e64ac8935559f7de2efd41,8228c9eb29a542ba98c8b9b854eadaa4,7e8a4a43e2f84dbb88e41cb24b3fe79f,6dc5832f0ac04df2bd99c6415b3ecf09,7d0190486da540718e4dc4ca4bd1f573,e834bfbd30b247e899f0dc029ab9f072,268f8ec9f2734029a8e75857db56ccb3
deb7d97e50b24c63943a8af997d083f8,ec07b4e88bea4086a5eafed96d81edb5,9ffa09a2b9bd4da0ba98fc537ca68802,9aca522158f443fd8a9caaec38ae5e2c,3b7d56c26da14b3a9b1cd52b5b35891b,b9228fdb5f0c413d81cffb51829d95c6,ce4fdd5499f8498793c11e586f7da70c,1004b33e3126472faa78e1929ed974e6,0592b57e490d4206a3f12eb004a0afe0,36ee1613abf245cdbe93fef69b5f981f,225818abe99e45a0bf5b0b3ec30db76b
8ffc24d118e54740a39563141f642fd9,ec07b4e88bea4086a5eafed96d81edb5,9ffa09a2b9bd4da0ba98fc537ca68802,0592b57e490d4206a3f12eb004a0afe0,3b7d56c26da14b3a9b1cd52b5b35891b,b9228fdb5f0c413d81cffb51829d95c6,9aca522158f443fd8a9caaec38ae5e2c,6dc5832f0ac04df2bd99c6415b3ecf09,ce4fdd5499f8498793c11e586f7da70c,36ee1613abf245cdbe93fef69b5f981f,225818abe99e45a0bf5b0b3ec30db76b
ff75e5d8a9bb46c9b12855ec33529f3f,174581fc299840e18e827432c0cce4dc,0d0973762130427eaa2ce9a7a34517db,c78547bdc2e64ac8935559f7de2efd41,b69c17a10a55494d8caa56c33e8f4a56,268f8ec9f2734029a8e75857db56ccb3,c2b49382e2f34b1c90013236a5fbaef0,5605fa1188974644937bbf92fec50e21,6dc5832f0ac04df2bd99c6415b3ecf09,d53fa54d5536463ab0d87648dfc5fd78,225818abe99e45a0bf5b0b3ec30db76b
c2b4fed7ce5c4e108721e62f2bfbb819,33b5e2ae5ebe4f548bac3a00ab0a59eb,295d0d40791245ff838c73a2aa27d065,6c79712e67b54dd0a11d426a91207939,5363ae1c905d4879a63259de4954702e,e2e0c8c96aff4c00896ac6986bbb20c2,3fce01bbc56d49d39f61cba3d17648f2,4e4495962a9b4864882397042f1a2b3e,8683a3ad55d84a78834fabe20cde5269,2fcf4a04d3654ffb9a5c1dfa3799e4f0,0f52f676197e4d4e92dec0a7bc4c4f7d
ab1c9263088b477082ee7d7c6f73b671,33b5e2ae5ebe4f548bac3a00ab0a59eb,295d0d40791245ff838c73a2aa27d065,6c79712e67b54dd0a11d426a91207939,5363ae1c905d4879a63259de4954702e,0f52f676197e4d4e92dec0a7bc4c4f7d,4e4495962a9b4864882397042f1a2b3e,3fce01bbc56d49d39f61cba3d17648f2,e2e0c8c96aff4c00896ac6986bbb20c2,2fcf4a04d3654ffb9a5c1dfa3799e4f0,8683a3ad55d84a78834fabe20cde5269
54e5b71847024cdaa9fd8a7d3fc3ea03,6c79712e67b54dd0a11d426a91207939,5363ae1c905d4879a63259de4954702e,295d0d40791245ff838c73a2aa27d065,33b5e2ae5ebe4f548bac3a00ab0a59eb,f464960d2dbc43c0970c60600bd7f1cd,35c5a560ecdc4d6a9d20f057ed1fa0e6,7aceed0dbea645b091207f4a53d879f2,1099cb6f4fac4eb8a1fb6db50e18296b,f69855cdf66d4f6887ecfd0ddb9014b5,0f52f676197e4d4e92dec0a7bc4c4f7d
f124583fb5cc42aa903308e1b43296de,6c79712e67b54dd0a11d426a91207939,5363ae1c905d4879a63259de4954702e,295d0d40791245ff838c73a2aa27d065,33b5e2ae5ebe4f548bac3a00ab0a59eb,f464960d2dbc43c0970c60600bd7f1cd,f69855cdf66d4f6887ecfd0ddb9014b5,35c5a560ecdc4d6a9d20f057ed1fa0e6,7aceed0dbea645b091207f4a53d879f2,e2e0c8c96aff4c00896ac6986bbb20c2,2639b6540bda414f8a9baa3b5cdb612a
d97ddb9bd5c8460ab3b3a13992c1f179,0433768f874042a5b2d2e37ad9deae13,a35d7304347a4f81b1ccfb086956921c,2f0401170d104b47b0a8f087f69dee88,f92d16d3a970487094292439c3e00923,e7ee85dd47ca43eeb2fdcd70b802f0ec,bbdf9065122d499d9d8f80ad3e0ef6f3,097f2ce3b88c4d008488b9908076497e,cb550e5ff4694fe9a19eaa6588cef250,59f62d35b1ad451397b700b3dad25448,3766b26b53874893ae48693880e1942c
3bb97a2804c84688a699e6d6b97b5e9d,e6afe89ff7bc491193141c057083d8a8,94ed54abfdc74b04b0dcb19c278e66f4,8af25c7ae8e14435a6e27a5671968f50,b01fd4d037a84a7aa777e1fc345c73c5,13aca0959cc948cabeee0d7255f55a65,91f0da6d71574ababd8e868bddec9310,a35d7304347a4f81b1ccfb086956921c,7879fa4d4db046a2a8d195311b6e5789,db69f22fe72246ea85d33991961a649a,1d93c07de74c482ebf0a76ec564c3252
929038d5c3ba4b189fc88a3b127ede72,0433768f874042a5b2d2e37ad9deae13,a35d7304347a4f81b1ccfb086956921c,2f0401170d104b47b0a8f087f69dee88,f92d16d3a970487094292439c3e00923,e7ee85dd47ca43eeb2fdcd70b802f0ec,097f2ce3b88c4d008488b9908076497e,cb550e5ff4694fe9a19eaa6588cef250,59f62d35b1ad451397b700b3dad25448,bbdf9065122d499d9d8f80ad3e0ef6f3,a0408a6462b24cf18e50a8616359d5ad
1d36cd75ee6a4691965cfc6ebdef6a3e,f92d16d3a970487094292439c3e00923,b675be39e8ff421aa59811f146da945b,3766b26b53874893ae48693880e1942c,2f0401170d104b47b0a8f087f69dee88,70aa10580bfe4069bdaa5721ae2d29db,77ce0587a12b46bab8814225ba86753e,724a3f6551e74ad585bdeac9a75fd639,cb550e5ff4694fe9a19eaa6588cef250,71c1a8479b194efca65b44fb7f327afb,a5d5fb459a1844088e93ae557ab34afe
7baf188fc4ed41ba826b499b6d495286,f92d16d3a970487094292439c3e00923,b675be39e8ff421aa59811f146da945b,2f0401170d104b47b0a8f087f69dee88,724a3f6551e74ad585bdeac9a75fd639,097f2ce3b88c4d008488b9908076497e,77ce0587a12b46bab8814225ba86753e,a4af9472683c4df0a86f9400c99c2b61,3766b26b53874893ae48693880e1942c,a35d7304347a4f81b1ccfb086956921c,8c7c9eaae41a44a3a4ebe39ce167d300
6a314fb4bd0e4c2097e70bd43a81fbb7,797cc520b8c94d9bbef187818ab51647,87fc1d6a57ea488786caaec8599c3b8b,e12ad1ce8e7940a999b9a4f91a95fab7,714e47cd21e5416f864a4bc938850a72,a7077a82d2c74518b96fb45e35f6e150,d695b7afdc3841a28a56df578e56afce,6866efc8987a4ec8b04b7abd28fb5777,403835bbf2f1447188bcc78e062b0028,ccb62901750b4d13a922fc161b607f83,aedd476072b345e9be46ebd7260e93a6
9ae6df3c8f2549109316a434d1741a53,797cc520b8c94d9bbef187818ab51647,87fc1d6a57ea488786caaec8599c3b8b,714e47cd21e5416f864a4bc938850a72,a7077a82d2c74518b96fb45e35f6e150,e12ad1ce8e7940a999b9a4f91a95fab7,d695b7afdc3841a28a56df578e56afce,6866efc8987a4ec8b04b7abd28fb5777,ccb62901750b4d13a922fc161b607f83,403835bbf2f1447188bcc78e062b0028,7c1126d46a934db6b951d1e98feae327
2a8e892e4b784abf8fb9fd55fa443335,87fc1d6a57ea488786caaec8599c3b8b,797cc520b8c94d9bbef187818ab51647,a7077a82d2c74518b96fb45e35f6e150,e12ad1ce8e7940a999b9a4f91a95fab7,714e47cd21e5416f864a4bc938850a72,d695b7afdc3841a28a56df578e56afce,7c1126d46a934db6b951d1e98feae327,403835bbf2f1447188bcc78e062b0028,aedd476072b345e9be46ebd7260e93a6,2c8eafa0ff26437a862dc2224ab57073
1ac66b061b80428b8b3758bc6dfa066b,87fc1d6a57ea488786caaec8599c3b8b,797cc520b8c94d9bbef187818ab51647,a7077a82d2c74518b96fb45e35f6e150,e12ad1ce8e7940a999b9a4f91a95fab7,714e47cd21e5416f864a4bc938850a72,d695b7afdc3841a28a56df578e56afce,7c1126d46a934db6b951d1e98feae327,403835bbf2f1447188bcc78e062b0028,aedd476072b345e9be46ebd7260e93a6,6866efc8987a4ec8b04b7abd28fb5777
0d4bb3432ea544988cf3bb308b46c8c8,a297e08effdf4a69a6c4d79a34a0c6ad,b2b22c673e554db39c8acdbe42687a6d,93bf0b86be094f68a9d308ca5ecfb4e3,ee337b5c1ef3431e9c120250bfec4cac,5e199f7727cc4910ad88dbd81ed1ec82,bb6ecabbce1b43d997d00d7acdc95193,1c6bbf19b3d2498696a5baf0f53a0f18,fe363cef357840fcb35f320fe7c27e4e,4230775a9d51448396cacb9061f0e5f9,afac6ae28fac41dabae96696990c5555
2b4cf2ff830e462d96c8cfbcee5669da,a297e08effdf4a69a6c4d79a34a0c6ad,b2b22c673e554db39c8acdbe42687a6d,93bf0b86be094f68a9d308ca5ecfb4e3,ee337b5c1ef3431e9c120250bfec4cac,5e199f7727cc4910ad88dbd81ed1ec82,bb6ecabbce1b43d997d00d7acdc95193,fe363cef357840fcb35f320fe7c27e4e,1c6bbf19b3d2498696a5baf0f53a0f18,4230775a9d51448396cacb9061f0e5f9,fc70a4c2c4834e0eba1a14470f563b03
2390c8a3de9e49be9617b01f4f21dfa9,ee337b5c1ef3431e9c120250bfec4cac,a297e08effdf4a69a6c4d79a34a0c6ad,93bf0b86be094f68a9d308ca5ecfb4e3,bb6ecabbce1b43d997d00d7acdc95193,8c5f38853679436ba434b6a696e43168,761a3a01495143f0a86beac4234cae3a,af648fa7ac6c4c50a246de470329cd83,5e199f7727cc4910ad88dbd81ed1ec82,4230775a9d51448396cacb9061f0e5f9,fc70a4c2c4834e0eba1a14470f563b03
e37905b36c44400c9dc7bc0c71a6db51,0bd1cce9370a461089e25393086800a8,6f57d1175ad243edada61643d01fcd54,fadf133e0e684a24ac79b5fa9515bac2,b69c17a10a55494d8caa56c33e8f4a56,7d5c0a2bfccf4255a43d9bd0f84a6d3a,c756409435634fc48c643a64e73c93ce,2c65a898314b42e6b2e93dca66fd15c2,225818abe99e45a0bf5b0b3ec30db76b,b626eb67c2e14afeae2846bb150976f3,6dc5832f0ac04df2bd99c6415b3ecf09
a9bb430482a1442a958b35a625eecb97,6f57d1175ad243edada61643d01fcd54,7ec1584e9a5b49eab9ef249143d9bb86,df5ca61304074da1bec8f536ab50baf3,b9228fdb5f0c413d81cffb51829d95c6,fadf133e0e684a24ac79b5fa9515bac2,0bd1cce9370a461089e25393086800a8,225818abe99e45a0bf5b0b3ec30db76b,eafb3480db704d7baa8216ce857d1610,4a6eba10a02a4ecdbb6b25e8651c3789,d9ac372330a4446886fa19bac0d19877
62c71ed913414a6f9456293a4c566314,0bd1cce9370a461089e25393086800a8,6f57d1175ad243edada61643d01fcd54,fadf133e0e684a24ac79b5fa9515bac2,c756409435634fc48c643a64e73c93ce,225818abe99e45a0bf5b0b3ec30db76b,df5ca61304074da1bec8f536ab50baf3,56272326c7e94e419ea8c69fb634f610,c14e45f5201b4038bdddddb238d888a3,b9228fdb5f0c413d81cffb51829d95c6,25109e3a7df549e5b380aae716d71366
c647312353a84341a92cd4486a8b9c3e,6f57d1175ad243edada61643d01fcd54,7ec1584e9a5b49eab9ef249143d9bb86,df5ca61304074da1bec8f536ab50baf3,0bd1cce9370a461089e25393086800a8,fadf133e0e684a24ac79b5fa9515bac2,b9228fdb5f0c413d81cffb51829d95c6,225818abe99e45a0bf5b0b3ec30db76b,eafb3480db704d7baa8216ce857d1610,e1c63000ace94c1d9381d82389fe6afd,d9ac372330a4446886fa19bac0d19877
cc3afd20f236454a8f3a9ff08992daab,e96fae6d607246b18b8494aabe521036,29088685e31a4d86b60b514e98117361,26b18153216b48d793b75598ddb54d77,f32f4607b4714e378831f924c5e6084d,384f94503bcd4f4c863056ad69f45b43,1d70bc69b2f84bef9aa5fb0d9917e38d,babbeca1f6a244a2a11ea77a3855e70f,88353d1136d24836816b073de62e5f50,384b14b18c3c43b1a4dc1aa2f661e076,e88ce4cd350f43398a5c0ab8629cee72
1e1ec51c4cb84f3285f79f7aeb252500,65e52d14d4d64d4fbad3de6ad319e745,6fbdacd3d8814ea2a13e81ee1ec128f2,5cfb876eeb4f410aa1282cc279f0e546,88353d1136d24836816b073de62e5f50,7aceed0dbea645b091207f4a53d879f2,e4e12f4711fd41e39075e26cc274df45,29088685e31a4d86b60b514e98117361,f69855cdf66d4f6887ecfd0ddb9014b5,2b3ecf8be2b242f3b8a1e714390749fb,d8b3ad3b5c4e474db41a671ab286424f
082920d4f79f4c5eb2e805b195ac3e89,65e52d14d4d64d4fbad3de6ad319e745,e4e12f4711fd41e39075e26cc274df45,88353d1136d24836816b073de62e5f50,7aceed0dbea645b091207f4a53d879f2,2b3ecf8be2b242f3b8a1e714390749fb,d8b3ad3b5c4e474db41a671ab286424f,f69855cdf66d4f6887ecfd0ddb9014b5,6fbdacd3d8814ea2a13e81ee1ec128f2,5cfb876eeb4f410aa1282cc279f0e546,29088685e31a4d86b60b514e98117361
759985fc2dc4496abbc7fe23cf71706f,29088685e31a4d86b60b514e98117361,e96fae6d607246b18b8494aabe521036,26b18153216b48d793b75598ddb54d77,88353d1136d24836816b073de62e5f50,43464ed6733f4642a0b90e7d995a5e40,30578712823948b086e3781343982938,ee7c00877ae64dac87123a3d75251530,e2769c67dadd4c988f7ccf249a998a56,384b14b18c3c43b1a4dc1aa2f661e076,6732de8994744decbb3306c74aaa7882
a1b386e9b08e402dba0d820140ba1a00,29088685e31a4d86b60b514e98117361,e96fae6d607246b18b8494aabe521036,26b18153216b48d793b75598ddb54d77,babbeca1f6a244a2a11ea77a3855e70f,2639b6540bda414f8a9baa3b5cdb612a,1d70bc69b2f84bef9aa5fb0d9917e38d,f0084465b2e646c9a53d9dc766067d9b,65e52d14d4d64d4fbad3de6ad319e745,5d5baf5ce88b4b529e28ab9c7c114148,43464ed6733f4642a0b90e7d995a5e40
0fed5c48002b4dd1b3ce42653a372fe6,cb2e893276894906976593c3edcb3a5f,d361a9e414fb41c1a605200d9cbba496,039f8e63b273472d8f1d99d9a5de5cf5,452d645d5bf4485185e996dcec9523e5,86f59bd78b424260b0cf356f2f9ae734,d60986f4025d443ea58adba0e3d224a1,be42a43f5186434db4f2815f768a9991,f5a9583711fc4ff4a46e85c24886b234,ec4820b018a04967a457a9c032a51dc6,18ab15fbf00f42f7a410ec75f7592bea
5b5008e2d4f7492abe1ff44e2e3e754b,cb2e893276894906976593c3edcb3a5f,d361a9e414fb41c1a605200d9cbba496,86f59bd78b424260b0cf356f2f9ae734,039f8e63b273472d8f1d99d9a5de5cf5,ec4820b018a04967a457a9c032a51dc6,d60986f4025d443ea58adba0e3d224a1,f5a9583711fc4ff4a46e85c24886b234,bce599075dfd4fac8dd78626106e3071,8a464aa9e2ee45d0abc7ae6181cd1bda,34b736136487439389c10cc6bd4e9f4e
8e431e5ca5dd49a8984118e7fb05d12e,2839430464164d5ba00713b42d4d96e4,f69855cdf66d4f6887ecfd0ddb9014b5,1099cb6f4fac4eb8a1fb6db50e18296b,039f8e63b273472d8f1d99d9a5de5cf5,c74557a980e2428a9ffcc245278df692,de6ac628a786435f9925c8cc1d707d6b,c4b9d7a8d5d342459d2282589b3af293,23199e1859544647893a97ea365c5c83,7aceed0dbea645b091207f4a53d879f2,211ef3181e524685866fb8574d9bf456
142af56a899c43098ec79a3f762d09b6,2839430464164d5ba00713b42d4d96e4,f69855cdf66d4f6887ecfd0ddb9014b5,1099cb6f4fac4eb8a1fb6db50e18296b,039f8e63b273472d8f1d99d9a5de5cf5,c74557a980e2428a9ffcc245278df692,c4b9d7a8d5d342459d2282589b3af293,de6ac628a786435f9925c8cc1d707d6b,23199e1859544647893a97ea365c5c83,7aceed0dbea645b091207f4a53d879f2,c713a0ca69864ee7b240069c98dc44dc
9f14363158ef49309f13b2aa0692d2a9,61d2391e8bc548b6bfa08f1ef2a0c47a,78d0265d47df4f4cb7153da919763730,0568345606fa4a2c84ed4ea6c74639ee,d2bcc978e7aa49908919d9fc40138b27,72a7e2ce22d045efbdbbab9c68f5d026,7dd5e88dfdd24cafab2c765939757354,21019944fc2c4838a682a6dcdc62c4ef,64e74af099b0485f8b6e71ac73aa2cb8,d87e5facd03b45f9829e8a1cd0fe0190,452d645d5bf4485185e996dcec9523e5
ebd3c9006cf5464190f7a5edca24f0ba,61d2391e8bc548b6bfa08f1ef2a0c47a,78d0265d47df4f4cb7153da919763730,0568345606fa4a2c84ed4ea6c74639ee,d2bcc978e7aa49908919d9fc40138b27,7dd5e88dfdd24cafab2c765939757354,21019944fc2c4838a682a6dcdc62c4ef,72a7e2ce22d045efbdbbab9c68f5d026,452d645d5bf4485185e996dcec9523e5,64e74af099b0485f8b6e71ac73aa2cb8,99830b8da7c24f909914f7bb167f3ea6
0135e10058cf48aa847fa399f62df6f4,90b560de76b149c09c7cd6efb3f12cfd,afaf2edba0ee4d58860a5a04e4aabc5c,b3209c60460a437294e2b30a9e9d3f53,66690895454847fea5a000202fbfab2e,c4b9d7a8d5d342459d2282589b3af293,f37d285ad0de42f0b1546d0d1acfb221,7d0190486da540718e4dc4ca4bd1f573,6c51b4f57ba0415f994756e944b11cee,dee9eddb2eac41bfaf36d3279d43674a,04537eabb0434eb2804d1220770b85a0
2e9dbf0f864548ae8bc35b5c0d70934e,b3f8b4bec0164d0e81997b4f5a277e8f,c2a665cec90e46db8d2a74389beb4649,27a67d3e76814297aebf64e03d14c336,52f20bd7eb50430c95f0916727880a1b,69ac8397e9624bfd8aee237b9f9ea3b5,e8c8742459dc48a49080bf0e5b3fdee0,7226603f024c45c6a6e44b00e52e8aad,2c8eafa0ff26437a862dc2224ab57073,dbf0926f9f344f1d88b114660db4d2eb,664da77d25e74df693eaad44a5e7617f
1db84228548c42318f1a33456931f361,c2a665cec90e46db8d2a74389beb4649,27a67d3e76814297aebf64e03d14c336,b3f8b4bec0164d0e81997b4f5a277e8f,52f20bd7eb50430c95f0916727880a1b,e8c8742459dc48a49080bf0e5b3fdee0,5be48a6bc26044f2a2e4e9b6a223c319,664da77d25e74df693eaad44a5e7617f,5cf392f15360460bae6a6b0182bb99b9,8dfd98bb97584157b207e1f4be471a8e,403835bbf2f1447188bcc78e062b0028
1b5bba6ae5ff4f568094280de0bf2c1b,c2a665cec90e46db8d2a74389beb4649,27a67d3e76814297aebf64e03d14c336,b3f8b4bec0164d0e81997b4f5a277e8f,52f20bd7eb50430c95f0916727880a1b,8dfd98bb97584157b207e1f4be471a8e,e8c8742459dc48a49080bf0e5b3fdee0,664da77d25e74df693eaad44a5e7617f,87fc1d6a57ea488786caaec8599c3b8b,5be48a6bc26044f2a2e4e9b6a223c319,403835bbf2f1447188bcc78e062b0028
7265c466b8cf411cb462945d3ceb8145,b3f8b4bec0164d0e81997b4f5a277e8f,27a67d3e76814297aebf64e03d14c336,c2a665cec90e46db8d2a74389beb4649,52f20bd7eb50430c95f0916727880a1b,5be48a6bc26044f2a2e4e9b6a223c319,e8c8742459dc48a49080bf0e5b3fdee0,69ac8397e9624bfd8aee237b9f9ea3b5,8dfd98bb97584157b207e1f4be471a8e,664da77d25e74df693eaad44a5e7617f,9d09e3cd382c4d0ea0f6f50261e3e4c8
bca392563d0a45d594ce43a0c540b7c9,68aefc97056440af874039a28497cf98,b6da55bea1244cf0a753b258420946b2,86179aff3df24ff59b11e9a34974a3f4,00614d60b3544ba790dfd23dd53992e0,4285b02dc9164cb9bae36b0566bb42f0,27a0d24dc1e14b28a1f18456b29c93f1,b7f5c165ea2242709a2fb71f3a3f1bcb,3827ad869b3740278b98db4e65c40e0c,e59dba65749140f4a1bdaf2695de2fc6,9a500a20b1ff4694acc31339a8d1349e
bb39e720d9cf4df1a19e4ab20285bf18,86179aff3df24ff59b11e9a34974a3f4,91f0da6d71574ababd8e868bddec9310,68aefc97056440af874039a28497cf98,716a15d66b63424a8068da89e75733b4,b6da55bea1244cf0a753b258420946b2,a8904adcdd21495f890bc614bfdbf86f,b7f5c165ea2242709a2fb71f3a3f1bcb,d37bf09399d848df9a4d880fb097239c,8af25c7ae8e14435a6e27a5671968f50,2d43cf91509846e29ab4febd7781919f
5c427d65b21d4bf387d1885f334834c7,b6da55bea1244cf0a753b258420946b2,68aefc97056440af874039a28497cf98,00614d60b3544ba790dfd23dd53992e0,86179aff3df24ff59b11e9a34974a3f4,71d4b4036e594d7399506e6fd9b88063,b7f5c165ea2242709a2fb71f3a3f1bcb,f532294d68604bc2aa9ad8804a8c6d5f,9a500a20b1ff4694acc31339a8d1349e,4285b02dc9164cb9bae36b0566bb42f0,8350ea8cd6514c2c8d7b625abe7e895b
141cab6e49204199a8fb74a74fa8165a,68aefc97056440af874039a28497cf98,b6da55bea1244cf0a753b258420946b2,86179aff3df24ff59b11e9a34974a3f4,4285b02dc9164cb9bae36b0566bb42f0,00614d60b3544ba790dfd23dd53992e0,27a0d24dc1e14b28a1f18456b29c93f1,b7f5c165ea2242709a2fb71f3a3f1bcb,9a500a20b1ff4694acc31339a8d1349e,e59dba65749140f4a1bdaf2695de2fc6,3827ad869b3740278b98db4e65c40e0c
7f90d0a672a44046bdf2443f14b82cb9,74bd120b8f714d03bc9dd1a703fe4d7f,9677dd2a3aae457a8079087ce4177e14,c756409435634fc48c643a64e73c93ce,df5ca61304074da1bec8f536ab50baf3,36ee1613abf245cdbe93fef69b5f981f,b9228fdb5f0c413d81cffb51829d95c6,32aaca2a732f4272b237374d3cdeec90,e79ae27b52fa4d54aa37735fd275c66e,93dc50abd35349f7923100dca2f41002,225818abe99e45a0bf5b0b3ec30db76b
06aa6a2cf00d425998b1a815f23a0094,9677dd2a3aae457a8079087ce4177e14,74bd120b8f714d03bc9dd1a703fe4d7f,df5ca61304074da1bec8f536ab50baf3,eafb3480db704d7baa8216ce857d1610,4a6eba10a02a4ecdbb6b25e8651c3789,f2077addeb6142c8b3540916522126e8,1027a336232c4454a9c4ae450a562788,4a3d4daed4b24a1898551f0fd1ba44f1,93dc50abd35349f7923100dca2f41002,b9228fdb5f0c413d81cffb51829d95c6
54a2df3aa63a483b8e33322f74c34dbf,9677dd2a3aae457a8079087ce4177e14,74bd120b8f714d03bc9dd1a703fe4d7f,4a6eba10a02a4ecdbb6b25e8651c3789,df5ca61304074da1bec8f536ab50baf3,da61d9bc8f024a4aba18d5c3072b7838,b9228fdb5f0c413d81cffb51829d95c6,eafb3480db704d7baa8216ce857d1610,7ec1584e9a5b49eab9ef249143d9bb86,01930613ce7d4a5f90ccf78d1e92a55d,93dc50abd35349f7923100dca2f41002
e2d1cdb4f95c4f47bb20f91e77f469f2,74bd120b8f714d03bc9dd1a703fe4d7f,9677dd2a3aae457a8079087ce4177e14,c756409435634fc48c643a64e73c93ce,df5ca61304074da1bec8f536ab50baf3,36ee1613abf245cdbe93fef69b5f981f,93dc50abd35349f7923100dca2f41002,b9228fdb5f0c413d81cffb51829d95c6,f1eecad10a61421eb16b1be7435d9c19,4a6eba10a02a4ecdbb6b25e8651c3789,225818abe99e45a0bf5b0b3ec30db76b
4a483247df4540a9badb4a94f17d7760,6bedb2d6ace34e18811b7f1206b2d1b0,02641488de414b72b63f62b40200b101,44b3bc5953364d72a53edcf9fc4f1fed,200f7fc78e4c403982f61b2894e50bad,06b7dd1b701544ac80dd7ca54ed707cf,0e28ed072d6c444aa6f02e64955b44c6,de1102228a324428989533278cd482f6,77d8e01a914d4f4a8b87d407e0d741aa,64d9091426f9461c97c98a5428856bcf,27fe100af7884932a33bf30f10dacc55
ca37d7b02d7542a0bea6535a0d193dbc,6bedb2d6ace34e18811b7f1206b2d1b0,02641488de414b72b63f62b40200b101,de1102228a324428989533278cd482f6,77d8e01a914d4f4a8b87d407e0d741aa,06b7dd1b701544ac80dd7ca54ed707cf,64d9091426f9461c97c98a5428856bcf,f6507bae2aaa4785842167f8320428b3,44b3bc5953364d72a53edcf9fc4f1fed,b83013f4c5524232814efa0f8651867f,3b37a4c34b6e4ca89a04da864e141422
ada916d5f8044eba9ac39c104e27f797,02641488de414b72b63f62b40200b101,6bedb2d6ace34e18811b7f1206b2d1b0,77d8e01a914d4f4a8b87d407e0d741aa,06b7dd1b701544ac80dd7ca54ed707cf,de1102228a324428989533278cd482f6,f6507bae2aaa4785842167f8320428b3,64d9091426f9461c97c98a5428856bcf,44b3bc5953364d72a53edcf9fc4f1fed,b83013f4c5524232814efa0f8651867f,27fe100af7884932a33bf30f10dacc55
985e9b4be1fa45b19b48cbd6b1d37764,02641488de414b72b63f62b40200b101,6bedb2d6ace34e18811b7f1206b2d1b0,06b7dd1b701544ac80dd7ca54ed707cf,77d8e01a914d4f4a8b87d407e0d741aa,de1102228a324428989533278cd482f6,64d9091426f9461c97c98a5428856bcf,f6507bae2aaa4785842167f8320428b3,b83013f4c5524232814efa0f8651867f,3b37a4c34b6e4ca89a04da864e141422,27fe100af7884932a33bf30f10dacc55
7b7e0d3f38a3435a83b8d6fb5aba99ba,f6061b71031b4ddb9384f86c103690a4,15b7b988bba143989cfd98d5c6c4d203,5be48a6bc26044f2a2e4e9b6a223c319,03df72bcf3504272a27f4bbaea89118a,5cf392f15360460bae6a6b0182bb99b9,aedd476072b345e9be46ebd7260e93a6,e8c8742459dc48a49080bf0e5b3fdee0,daed5458403e49e3aea72f4bcc6dd224,812a1568c77d46e695f8eb7357e24a0e,4385ac4645b34f3c8a44c4676ebcd8be
acbc17523c034d799301828aef6ae58f,812a1568c77d46e695f8eb7357e24a0e,b3f8b4bec0164d0e81997b4f5a277e8f,5cf392f15360460bae6a6b0182bb99b9,3f28365e18244eb28cc7d23de8895956,dbf0926f9f344f1d88b114660db4d2eb,15b7b988bba143989cfd98d5c6c4d203,2c8eafa0ff26437a862dc2224ab57073,2ece45504eff42469c104dc2a2d03caf,c36ef11228124c438ed3256c9822b03d,6f8d80f8673144dfa7a4e09190442ab3
68f05d38644e4af6a8b6cb1bef20c57a,f6061b71031b4ddb9384f86c103690a4,15b7b988bba143989cfd98d5c6c4d203,5be48a6bc26044f2a2e4e9b6a223c319,03df72bcf3504272a27f4bbaea89118a,daed5458403e49e3aea72f4bcc6dd224,4385ac4645b34f3c8a44c4676ebcd8be,5cf392f15360460bae6a6b0182bb99b9,e8c8742459dc48a49080bf0e5b3fdee0,db620271348d404a9a0b978d96c63f29,0e8487b2e6a2439b9e6623a1e2e5e19d
e34f7090730d4eaa871618aa8bb5627d,5cf392f15360460bae6a6b0182bb99b9,812a1568c77d46e695f8eb7357e24a0e,15b7b988bba143989cfd98d5c6c4d203,59e4dcf2794943b18fb902a6eb475ff8,f6061b71031b4ddb9384f86c103690a4,db620271348d404a9a0b978d96c63f29,0e8487b2e6a2439b9e6623a1e2e5e19d,03df72bcf3504272a27f4bbaea89118a,5be48a6bc26044f2a2e4e9b6a223c319,a7077a82d2c74518b96fb45e35f6e150
aff084577eae48fca44757575b1848bc,812a1568c77d46e695f8eb7357e24a0e,5cf392f15360460bae6a6b0182bb99b9,1aaf8edc37ea412b85e3d1b5c5317051,4d0a737f396d4a95808085bd1306746c,59e4dcf2794943b18fb902a6eb475ff8,3f28365e18244eb28cc7d23de8895956,15b7b988bba143989cfd98d5c6c4d203,dbf0926f9f344f1d88b114660db4d2eb,eee7f32249c5452ea36c8ed3a3540010,f6061b71031b4ddb9384f86c103690a4
f4763c7dac494231ae593878b63b4961,eff24b01b2f5428baa4c3fef6cb40d41,bc13c2b0221744a29a8ddf56aa015df9,98b2022b2cb84af09ee8b789db928b13,3c0f3b44c0844df49b5898406fe9195a,a64f6232ee1e4357937008a327a63cf4,5760084aabef4d8095b2d21902151f64,5cf392f15360460bae6a6b0182bb99b9,7d0190486da540718e4dc4ca4bd1f573,99830b8da7c24f909914f7bb167f3ea6,f37d285ad0de42f0b1546d0d1acfb221
adabb6bfc633432cab9ab674c1e0f975,01bbbf1caa554d94b5decb69cc1add41,590df34aa41f46e9ad13ffc6a98da3b7,0f785440b29548e1a1968868262fd42e,097c30a7f39a4a3abf6da2ca80cad3a5,3b7d56c26da14b3a9b1cd52b5b35891b,a0b4d283f12a407286dbeaa3a4d128a5,93dc50abd35349f7923100dca2f41002,f37d285ad0de42f0b1546d0d1acfb221,c1d504dfeded4b8bb3c07777b7c7abde,e343a998f4df4ac195c84e0fb571a393
f9d7f4db082c4389a2bdcc19d6d92cba,01bbbf1caa554d94b5decb69cc1add41,590df34aa41f46e9ad13ffc6a98da3b7,0f785440b29548e1a1968868262fd42e,097c30a7f39a4a3abf6da2ca80cad3a5,a0b4d283f12a407286dbeaa3a4d128a5,3b7d56c26da14b3a9b1cd52b5b35891b,c1d504dfeded4b8bb3c07777b7c7abde,93dc50abd35349f7923100dca2f41002,f37d285ad0de42f0b1546d0d1acfb221,b3209c60460a437294e2b30a9e9d3f53
32ae3069da404e6f843cbd95fa018a71,eff24b01b2f5428baa4c3fef6cb40d41,bc13c2b0221744a29a8ddf56aa015df9,99ba4cc9355f4d79a68bc69ac12a716f,3c0f3b44c0844df49b5898406fe9195a,98b2022b2cb84af09ee8b789db928b13,5760084aabef4d8095b2d21902151f64,66690895454847fea5a000202fbfab2e,5cf392f15360460bae6a6b0182bb99b9,6c51b4f57ba0415f994756e944b11cee,e834bfbd30b247e899f0dc029ab9f072
605d42bbb0154c76b70114f63b807951,8889c114b071429cbe2418f5b0f2024b,30c71719aed84c07ae21d0eff0deed72,01ffceddb5b34406a08bb982b424b3cf,57bcda73abab44ee930b20cdaee9d24b,a94cb58f1ca8456b96e39b5b1ebfb7ea,cb550e5ff4694fe9a19eaa6588cef250,a5d5fb459a1844088e93ae557ab34afe,26e55eb4d910464497d700bfdf5a36ca,7359a1cc20d54f96aeea121d7247b88d,35c5a560ecdc4d6a9d20f057ed1fa0e6
19805d9c7c944703bb05511bc3145812,30c71719aed84c07ae21d0eff0deed72,a94cb58f1ca8456b96e39b5b1ebfb7ea,8889c114b071429cbe2418f5b0f2024b,57bcda73abab44ee930b20cdaee9d24b,01ffceddb5b34406a08bb982b424b3cf,4e4495962a9b4864882397042f1a2b3e,2fcf4a04d3654ffb9a5c1dfa3799e4f0,295d0d40791245ff838c73a2aa27d065,0daf8d5687b54d158f7f752884c42334,092cb872c8724c7681c50da9c6cfa252
4ed65c954d584e13a9e98e27808e0c6a,a94cb58f1ca8456b96e39b5b1ebfb7ea,3e59b61eb70146308db2308b988b54cf,30c71719aed84c07ae21d0eff0deed72,2fcf4a04d3654ffb9a5c1dfa3799e4f0,f91157bb8fca4a8e98db33591a76be9a,dd36cc0867b94d55a43b82c1c9a0e95c,521004289ebc4e6da6623381d40a5e73,295d0d40791245ff838c73a2aa27d065,3c72832689d8406996e80893b719b974,0f52f676197e4d4e92dec0a7bc4c4f7d
9d58ebfc8b864b49a9c970a667fff950,30c71719aed84c07ae21d0eff0deed72,8889c114b071429cbe2418f5b0f2024b,01ffceddb5b34406a08bb982b424b3cf,57bcda73abab44ee930b20cdaee9d24b,a94cb58f1ca8456b96e39b5b1ebfb7ea,26e55eb4d910464497d700bfdf5a36ca,0daf8d5687b54d158f7f752884c42334,4e4495962a9b4864882397042f1a2b3e,2fcf4a04d3654ffb9a5c1dfa3799e4f0,3e59b61eb70146308db2308b988b54cf
5e1395d13dc84b8abd6f0452e25b3a7f,8889c114b071429cbe2418f5b0f2024b,30c71719aed84c07ae21d0eff0deed72,d658e3a743af41899183fecff6b2628d,57bcda73abab44ee930b20cdaee9d24b,01ffceddb5b34406a08bb982b424b3cf,a94cb58f1ca8456b96e39b5b1ebfb7ea,4e4495962a9b4864882397042f1a2b3e,092cb872c8724c7681c50da9c6cfa252,bbdf9065122d499d9d8f80ad3e0ef6f3,0daf8d5687b54d158f7f752884c42334
df7a79cf083f40ca846761b9760fc72f,e343a998f4df4ac195c84e0fb571a393,ca0fe2dd97434e2ca7aecc38d4f1fcd9,9948a890ef25479e834f70944cb42eae,a0b4d283f12a407286dbeaa3a4d128a5,f5b766ea6abe4b5fb27d49cc3bc06020,b40d3c588ad647ff85e397a6bc5f9d8b,0ecfdd96e0054841883acba75e83b232,93dc50abd35349f7923100dca2f41002,ed4449952a9e45339b76fc5f123cb917,baf841bad27c456c9de7227555ea3ef8
489108f0d3474ebb97eeace77d5bcece,e343a998f4df4ac195c84e0fb571a393,9948a890ef25479e834f70944cb42eae,eb21a4e2b7bd43efbdf0c365415e7fef,ca0fe2dd97434e2ca7aecc38d4f1fcd9,93dc50abd35349f7923100dca2f41002,590df34aa41f46e9ad13ffc6a98da3b7,a0b4d283f12a407286dbeaa3a4d128a5,3f1c2bb09c4e4400b6ba19542fafce18,0ecfdd96e0054841883acba75e83b232,01bbbf1caa554d94b5decb69cc1add41
9cd6d1191c914787875042fd76df0c35,8746ae2ca7514699b629b4d9b5fe95a7,a0408a6462b24cf18e50a8616359d5ad,408ae6a767874fc782467ec2f054ad15,70aa10580bfe4069bdaa5721ae2d29db,3766b26b53874893ae48693880e1942c,cb550e5ff4694fe9a19eaa6588cef250,57bcda73abab44ee930b20cdaee9d24b,878e5c41be5c477e9f660ca361fdd727,4c36aafaf38f4e9e9e09991737196fe1,f92d16d3a970487094292439c3e00923
77f7e4ffce974b33ab54c80177a1c9c0,a0408a6462b24cf18e50a8616359d5ad,878e5c41be5c477e9f660ca361fdd727,2f0401170d104b47b0a8f087f69dee88,0accd1d0138b49049d437c0d9b1c23c3,8746ae2ca7514699b629b4d9b5fe95a7,cb550e5ff4694fe9a19eaa6588cef250,cdd73e0289aa4e2b87cd14e6ff5bd75e,4c36aafaf38f4e9e9e09991737196fe1,f92d16d3a970487094292439c3e00923,3766b26b53874893ae48693880e1942c
27af2d56825b4ded843852cb1cbe3494,8746ae2ca7514699b629b4d9b5fe95a7,a0408a6462b24cf18e50a8616359d5ad,408ae6a767874fc782467ec2f054ad15,878e5c41be5c477e9f660ca361fdd727,4c36aafaf38f4e9e9e09991737196fe1,3766b26b53874893ae48693880e1942c,2f0401170d104b47b0a8f087f69dee88,dbb3fe11ad004895b302a84e7c066fcc,cb550e5ff4694fe9a19eaa6588cef250,d2bcc978e7aa49908919d9fc40138b27
7a09c2cc2bcd4fbb8b083d6f02a88232,a0408a6462b24cf18e50a8616359d5ad,8746ae2ca7514699b629b4d9b5fe95a7,878e5c41be5c477e9f660ca361fdd727,cdd73e0289aa4e2b87cd14e6ff5bd75e,4c36aafaf38f4e9e9e09991737196fe1,408ae6a767874fc782467ec2f054ad15,f92d16d3a970487094292439c3e00923,7879fa4d4db046a2a8d195311b6e5789,3e59b61eb70146308db2308b988b54cf,e6afe89ff7bc491193141c057083d8a8
c0ff951246c54333b756315834f32971,563043f180e54e238ad4876974e5db4c,11e1e3cdfe214385a2c24d0f957dde9b,b44645c11ece4326a45f50fdc5d45dcf,189a3b686ad14c24b5e1a495f76dd239,de72d25d08da4b03ac6f6411ce30e07c,bc607fd6000b43108e49b3d05688fe90,c2b49382e2f34b1c90013236a5fbaef0,4152360a4bea4cbbbfbe45ff3bf7f62b,6c6de17135be4f8c9423be633eaefcd4,f69bf682935e47e1b4c72d237becd13a
7d8239bb435749bdaaba93674e4c0b98,632cc2bc04034dd4848855fe6497262d,f8856799293e49feab6368e794eb8b00,91f9f8576e5142a49926bd623b0bc19c,d7c9dafddaf547159d366dacf7b68a7e,189a3b686ad14c24b5e1a495f76dd239,7d5c0a2bfccf4255a43d9bd0f84a6d3a,c78547bdc2e64ac8935559f7de2efd41,6c6de17135be4f8c9423be633eaefcd4,d53fa54d5536463ab0d87648dfc5fd78,bc607fd6000b43108e49b3d05688fe90
ae918c8fd007427fbc53dbaff23eddbe,f8856799293e49feab6368e794eb8b00,632cc2bc04034dd4848855fe6497262d,91f9f8576e5142a49926bd623b0bc19c,189a3b686ad14c24b5e1a495f76dd239,7d5c0a2bfccf4255a43d9bd0f84a6d3a,d7c9dafddaf547159d366dacf7b68a7e,6c6de17135be4f8c9423be633eaefcd4,b69c17a10a55494d8caa56c33e8f4a56,c78547bdc2e64ac8935559f7de2efd41,563043f180e54e238ad4876974e5db4c
b30bc5f593ba46bc8b6fa26692576484,babbeca1f6a244a2a11ea77a3855e70f,45e440d874a54bb591862ff441114cd3,a9573f188204436090fb4a5240e4eccd,230b9ef63ea240e9b61a18f41473f942,c1d504dfeded4b8bb3c07777b7c7abde,43ee0103cba54b4e9d165717735ca0f6,91f9f8576e5142a49926bd623b0bc19c,31cf7db26a3249c5a6205b005662ddcf,e96fae6d607246b18b8494aabe521036,3e6a4b65a1004c08a6f3f570cf986c2f
91d18daf6bae44789d31014e55bdf5b2,bc607fd6000b43108e49b3d05688fe90,d7c9dafddaf547159d366dacf7b68a7e,563043f180e54e238ad4876974e5db4c,b44645c11ece4326a45f50fdc5d45dcf,de72d25d08da4b03ac6f6411ce30e07c,11e1e3cdfe214385a2c24d0f957dde9b,6c6de17135be4f8c9423be633eaefcd4,bdb0d45caa2a4943959f8f501e51132b,f69bf682935e47e1b4c72d237becd13a,e22e1ad3c1fc4493bcb7c9b923566ff7
8b8fe37d85da4a28a5c27452a42435e6,0b57f893483647c3aed811775a4c4c04,ba8d0208e32e42969bd4349cf24f6ed1,d0e41bf891254ba0872f1641139f84f6,da14e9dc2c3d4963b725de8102de5028,4d5cbe57c3094d01843e4f950a280b50,f8e7f9688fd546829da579434180ffee,f2cfa68a47ce4a43a0fe1cc7dc860418,d9096650c434432c871effeca9acd5c6,a055f8188384479a8bad418f7dffd9a5,baad022010b44fad8d8410869d909fd1
a222b9dea1384b57ad0fae45ff950737,0b57f893483647c3aed811775a4c4c04,ba8d0208e32e42969bd4349cf24f6ed1,d0e41bf891254ba0872f1641139f84f6,da14e9dc2c3d4963b725de8102de5028,f8e7f9688fd546829da579434180ffee,d9096650c434432c871effeca9acd5c6,f2cfa68a47ce4a43a0fe1cc7dc860418,4d5cbe57c3094d01843e4f950a280b50,076e2669c305401fb3afcfafdd6c79c7,a055f8188384479a8bad418f7dffd9a5
043d64050fe145349300b95379966923,2070754bb5dd4a248be9c2a6a1a9d381,f2cfa68a47ce4a43a0fe1cc7dc860418,7e190e3c05d74e6b9f103e39142c1684,dbf0926f9f344f1d88b114660db4d2eb,7c1126d46a934db6b951d1e98feae327,0b57f893483647c3aed811775a4c4c04,6b7b5d28293d4a5a8075f7f7dd231ddb,403835bbf2f1447188bcc78e062b0028,5fc200cab89346658c9c91cce27e85fe,0cdb0f32850f4585a16de4886462bbe0
ab8935721e0240089dafee6f408c220a,a055f8188384479a8bad418f7dffd9a5,d9096650c434432c871effeca9acd5c6,da14e9dc2c3d4963b725de8102de5028,ba8d0208e32e42969bd4349cf24f6ed1,f8e7f9688fd546829da579434180ffee,f2cfa68a47ce4a43a0fe1cc7dc860418,0b57f893483647c3aed811775a4c4c04,5fc200cab89346658c9c91cce27e85fe,15b7b988bba143989cfd98d5c6c4d203,d0e41bf891254ba0872f1641139f84f6
00d0f767535a4289833325887d72e3d2,2070754bb5dd4a248be9c2a6a1a9d381,f2cfa68a47ce4a43a0fe1cc7dc860418,0b57f893483647c3aed811775a4c4c04,7c1126d46a934db6b951d1e98feae327,403835bbf2f1447188bcc78e062b0028,6b7b5d28293d4a5a8075f7f7dd231ddb,dbf0926f9f344f1d88b114660db4d2eb,be8953cc364d46cebbcc2c2da2c348ab,7e190e3c05d74e6b9f103e39142c1684,baad022010b44fad8d8410869d909fd1
1d0c8e601ffb4534a871d984ad842a4f,a055f8188384479a8bad418f7dffd9a5,d9096650c434432c871effeca9acd5c6,da14e9dc2c3d4963b725de8102de5028,ba8d0208e32e42969bd4349cf24f6ed1,f8e7f9688fd546829da579434180ffee,8987ceafff324f9599b842542e37eddd,503d2f067a8a4f5798b1c64b07ab0bc5,f2cfa68a47ce4a43a0fe1cc7dc860418,4c67cc7a1ccc496db132636e3f4853a2,0b57f893483647c3aed811775a4c4c04
ebd87dca48ae4df38943cc6f9b4f2912,5c8a8b7a59c54b9aa7b7136fd91b5869,e9428816b054499298745b742f128f65,d60986f4025d443ea58adba0e3d224a1,18ab15fbf00f42f7a410ec75f7592bea,25afb6f7e9314af09008644bca5955b9,7bbe3c76bcc04d73969f920d43fcc67d,da88fa5efc674368b593444ca950dff9,1c2b01416e3943e3b3c575e53c3f1d16,ef511457ee7c490c8e10eccf6e18fef6,8fca2e4873e946f7a788af2b846cebd7
558c6735b6104bc98ca4b2db381640fe,8fca2e4873e946f7a788af2b846cebd7,5c644b51b1394a7b8fa0a9a6275c422d,da88fa5efc674368b593444ca950dff9,5455e62f52ae4e03b2a5d0e8b9899506,9500823cb050427696343b1ea5cf8881,f464960d2dbc43c0970c60600bd7f1cd,eeca68825e2a4bbdaa5ae962998fc33b,a2612682d9854a30a7684c91c8619ec9,2471f23cb9b64d35a72deed09c9c8975,dd36cc0867b94d55a43b82c1c9a0e95c
6064cb0ed7d64bde866fe6ad42b6ede6,5c8a8b7a59c54b9aa7b7136fd91b5869,e9428816b054499298745b742f128f65,d60986f4025d443ea58adba0e3d224a1,18ab15fbf00f42f7a410ec75f7592bea,25afb6f7e9314af09008644bca5955b9,da88fa5efc674368b593444ca950dff9,7bbe3c76bcc04d73969f920d43fcc67d,1c2b01416e3943e3b3c575e53c3f1d16,be42a43f5186434db4f2815f768a9991,a2612682d9854a30a7684c91c8619ec9
cf344978d7a04303b41fa8b37a18c300,8fca2e4873e946f7a788af2b846cebd7,5c644b51b1394a7b8fa0a9a6275c422d,5455e62f52ae4e03b2a5d0e8b9899506,be70e49b76c24527b4fddfb6b78b6d8d,5c8a8b7a59c54b9aa7b7136fd91b5869,f464960d2dbc43c0970c60600bd7f1cd,9500823cb050427696343b1ea5cf8881,da88fa5efc674368b593444ca950dff9,2471f23cb9b64d35a72deed09c9c8975,039a871609044cb1b69f70c082fe61d8
e8f38f28c61d4444ba078fe27ebcbc24,9094e936e13641cc9bfcc7dc1408d86e,b33a0f5b564a4942b04046ab7a8e2aae,e79ae27b52fa4d54aa37735fd275c66e,7f0a68d19d2e4850846ffc08c47ed87d,57430214baf045cb92fa3b3b70a4ca3f,23a16d69ffe848d593a4808907d8aa98,f439b5616ba24b7f82eccfa095a0eff8,6f57d1175ad243edada61643d01fcd54,4a3d4daed4b24a1898551f0fd1ba44f1,cc243eebbb2b44a581745865a60c423a
4ec003b24cdc4b138166c6b304000312,f65b6fb5b40a49d1896de7a115469d40,8f0e477fc779414e9b47995c0b25a87d,1aef014473b84ef9a0f799114fe516c9,23a16d69ffe848d593a4808907d8aa98,c3a741d302d94ee294bb6e4090fd2da9,243dbbcdc67c42bfa6f32c47477adf6d,8fdee0611965465eb45387b8c39f4136,eb21a4e2b7bd43efbdf0c365415e7fef,3138244ae91040948d5bd6772e4075ea,938147b72e9540da8513910871e0830a
7a0163f3c4484730b1f7324ebf67cd09,9094e936e13641cc9bfcc7dc1408d86e,e79ae27b52fa4d54aa37735fd275c66e,b33a0f5b564a4942b04046ab7a8e2aae,7f0a68d19d2e4850846ffc08c47ed87d,23a16d69ffe848d593a4808907d8aa98,57430214baf045cb92fa3b3b70a4ca3f,f439b5616ba24b7f82eccfa095a0eff8,4a3d4daed4b24a1898551f0fd1ba44f1,3f1c2bb09c4e4400b6ba19542fafce18,cc243eebbb2b44a581745865a60c423a
4950b6a47e8e44f8bbb0aac7868f4b36,4e7ee74be72a461fa02fa61bee62bdcc,e903085a3f944ad2a41c37306b4e6ab4,f676e16c6a134bd5a7bbeee4590adcfe,df7ea50171af48df81584ab7e8107d15,9daaefe080b34656a0c7a54d2d6a1713,5a9a716f53364389864a4018d9e9c6c0,5b588e34588940788a22036b775ecc2f,c588868fc3fd4e87a7cddf1ceb00b022,2ea3b46262e649f79900258cd90cce31,e4fcd30261804b089efa940359057ba2
4c620d71caf444eb9f723cc29094dcc2,772cb9726861451d9972604da6f65c55,b8da01ceddcb45a491a288ddbc658e90,9909a671f7414c19b2727e7d4d4dcf1b,7d6cdff8c9ac434196df803628fe9f62,189a3b686ad14c24b5e1a495f76dd239,452d645d5bf4485185e996dcec9523e5,6252aa87531748e5bac5f6c65fc87e14,c588868fc3fd4e87a7cddf1ceb00b022,e59dba65749140f4a1bdaf2695de2fc6,41047823f2cb4194ba1e0709443c719a
1852c13dfd984c51bfb11e6364bf47ba,189a3b686ad14c24b5e1a495f76dd239,f8856799293e49feab6368e794eb8b00,11e1e3cdfe214385a2c24d0f957dde9b,e22e1ad3c1fc4493bcb7c9b923566ff7,d7c9dafddaf547159d366dacf7b68a7e,4152360a4bea4cbbbfbe45ff3bf7f62b,e43d8e7bc32f406b9a692e2604f5b45a,c2b49382e2f34b1c90013236a5fbaef0,91f9f8576e5142a49926bd623b0bc19c,6c6de17135be4f8c9423be633eaefcd4
0e088d9c189b42fba49c31c41949bba8,bf789f42ccfc42c5a330a3f6e30ddb83,99ba4cc9355f4d79a68bc69ac12a716f,37ae696e40dd42ebb4738722daa3c523,7ab9086baf99475d8c93862a7dd36344,342aaa81ed004635bbf9cbc2592cd7b6,2b039224b54142d185a406b31fe01de2,f2077addeb6142c8b3540916522126e8,a64f6232ee1e4357937008a327a63cf4,ce4fdd5499f8498793c11e586f7da70c,9aca522158f443fd8a9caaec38ae5e2c
46422438d0644a1cb590332f27fe002e,bf789f42ccfc42c5a330a3f6e30ddb83,13cda6e8f2d948eeb5508288a172e76f,2b039224b54142d185a406b31fe01de2,b2992fe473124dd0b895cf81f59f6db6,e1c63000ace94c1d9381d82389fe6afd,37ae696e40dd42ebb4738722daa3c523,342aaa81ed004635bbf9cbc2592cd7b6,5e2f1a45f7174f1aa39a194179985876,64fc9fe3c8d5424ebc005e5cf4a608db,c3f66637872c4141ab3898296739457d
968aaed29a304ba7b1a1990450602307,37ae696e40dd42ebb4738722daa3c523,ad054da7e1704a53931a341173f0605f,dd9e8283197b473d8ffd502561bdaaec,5e2f1a45f7174f1aa39a194179985876,2e7836ee5e5144f5b63e6629b969a362,bf789f42ccfc42c5a330a3f6e30ddb83,99ba4cc9355f4d79a68bc69ac12a716f,2b039224b54142d185a406b31fe01de2,02e1d712f37e428c998f72e7a7eeb1e6,ffe2740eee8c49b39b2ce41f9983bcb4
f3e1733712aa449e916483279ed84027,bf789f42ccfc42c5a330a3f6e30ddb83,13cda6e8f2d948eeb5508288a172e76f,db13ed5446be46269dff3de3c1bf2660,342aaa81ed004635bbf9cbc2592cd7b6,2b039224b54142d185a406b31fe01de2,e1c63000ace94c1d9381d82389fe6afd,5e2f1a45f7174f1aa39a194179985876,37ae696e40dd42ebb4738722daa3c523,84581d81d46d44bc99ffb8f871646a7a,7ab9086baf99475d8c93862a7dd36344
4fa08d976269478fa124bfa62b83982f,66cba49431224a3788f914d6a80165e1,ee89670285c74e27aa174dadf39fbca7,e2769c67dadd4c988f7ccf249a998a56,5c644b51b1394a7b8fa0a9a6275c422d,da88fa5efc674368b593444ca950dff9,039a871609044cb1b69f70c082fe61d8,ca544e6629b14e8fab5f7cb40d1ac88e,5455e62f52ae4e03b2a5d0e8b9899506,88353d1136d24836816b073de62e5f50,249c2d8d8d2345c6990b3c4d94385b5a
d9a90abcdd1d474ba4dc176d544afc6e,66cba49431224a3788f914d6a80165e1,e2769c67dadd4c988f7ccf249a998a56,5c644b51b1394a7b8fa0a9a6275c422d,ee89670285c74e27aa174dadf39fbca7,da88fa5efc674368b593444ca950dff9,5455e62f52ae4e03b2a5d0e8b9899506,b0236c76ae244fd8aacbea7da10e55ca,039a871609044cb1b69f70c082fe61d8,88353d1136d24836816b073de62e5f50,51c6049a18b84ee381d0512e40b67c0e
a340c00c29c84c2e841e61bba8c9b67b,bc13c2b0221744a29a8ddf56aa015df9,89e983dca0a34b768e17b3871b9cea1e,e511c40ca6324803b5021e47b4e777f8,99a52c93a3304ec18dab9206f98f2a8b,643fbbdd6b764ba9904a4ee67a86b9fd,8d595c7da42545c88052e7b213b6c97c,eff24b01b2f5428baa4c3fef6cb40d41,250d411ae270441085be3501b7b55d86,1393dac7d34b4c34b1a8091a5bea3663,bcfa4a4177d44d8b8cda17b7a23196b0
ee8c72e038f140a5bc9cb4770711253a,ca0fe2dd97434e2ca7aecc38d4f1fcd9,e343a998f4df4ac195c84e0fb571a393,6fc7a2cf0684475a82f6ff9be2c8e850,3f1c2bb09c4e4400b6ba19542fafce18,c588868fc3fd4e87a7cddf1ceb00b022,ed4449952a9e45339b76fc5f123cb917,9948a890ef25479e834f70944cb42eae,b52468fc0af2435f9ba91939f72bbf6a,2c3599a1611644f4908562f8fb8870d3,9460474d89704a68aaa6ccb62310ae3d
fcf7329cd9b742bd82f6e3c42cb5139d,bc13c2b0221744a29a8ddf56aa015df9,99830b8da7c24f909914f7bb167f3ea6,e511c40ca6324803b5021e47b4e777f8,b0d2e6c4b2384950b3696c4414870282,1393dac7d34b4c34b1a8091a5bea3663,99a52c93a3304ec18dab9206f98f2a8b,1578afd6ce694d46ab6e24f965f51fd6,64e74af099b0485f8b6e71ac73aa2cb8,2c3599a1611644f4908562f8fb8870d3,79721c9bb6a54ecdb3d0a0f4011762c1
1a24459300a447d3a68d04bf7b154891,99a52c93a3304ec18dab9206f98f2a8b,ad42c467d0fe43dbb328073f9a16bc4d,e511c40ca6324803b5021e47b4e777f8,bcfa4a4177d44d8b8cda17b7a23196b0,8d595c7da42545c88052e7b213b6c97c,b40d3c588ad647ff85e397a6bc5f9d8b,89e983dca0a34b768e17b3871b9cea1e,bc13c2b0221744a29a8ddf56aa015df9,b98519f97e424c1389f5553f0869b15a,2c3599a1611644f4908562f8fb8870d3
37cd8f1e7c334f42965941e69fac45d7,e511c40ca6324803b5021e47b4e777f8,bc13c2b0221744a29a8ddf56aa015df9,89e983dca0a34b768e17b3871b9cea1e,9dd98c9126c44642a20711729f2e731e,655a618282cd4fa39a26f0967c033f4b,99a52c93a3304ec18dab9206f98f2a8b,f0084465b2e646c9a53d9dc766067d9b,b23a9c50eada4286a4f7ce8668b92db1,b0d2e6c4b2384950b3696c4414870282,36ac84a73ad34261ad45cf569edb60af
e6c222899c8948ca8776d43041023512,b77d8b7bb0114c379139d280a9210e83,19a124c6dad14a4fa7864463b081009c,70558882c04e46bd99d15e9786468418,6c874292dbcc49ff8bb8bbe5643593a5,e7aaa514f6f64a258a640ea341aa1a18,599feb1e512c43ad8c0a1845922acf78,f439b5616ba24b7f82eccfa095a0eff8,cc243eebbb2b44a581745865a60c423a,1027a336232c4454a9c4ae450a562788,41e657daa20545a588584578bdb4101c
406a4cc04a7b4bf1bedba252a370170a,6c874292dbcc49ff8bb8bbe5643593a5,52ee59901f3b4de884d7a6720538aed6,b77d8b7bb0114c379139d280a9210e83,e1c63000ace94c1d9381d82389fe6afd,cb75c6ef71cb4991805920f2894e0e96,e79ae27b52fa4d54aa37735fd275c66e,5537ddec608a4ec586ea068fa27547ca,df0c94234d9d4890b5b4b95c441b3e9a,19a124c6dad14a4fa7864463b081009c,fbfaa119f55a477984e42d80498f54d3
9536a093de5c454f8107c944fdbc4de0,b77d8b7bb0114c379139d280a9210e83,6c874292dbcc49ff8bb8bbe5643593a5,70558882c04e46bd99d15e9786468418,8dfbb6a204a0441492c35baca6190969,19a124c6dad14a4fa7864463b081009c,cc243eebbb2b44a581745865a60c423a,f439b5616ba24b7f82eccfa095a0eff8,32aaca2a732f4272b237374d3cdeec90,75efe5ddef364f49865d9bb283492b48,3138244ae91040948d5bd6772e4075ea
ee26c03d830d424ba086d493237a5c76,6c874292dbcc49ff8bb8bbe5643593a5,e1c63000ace94c1d9381d82389fe6afd,b77d8b7bb0114c379139d280a9210e83,52ee59901f3b4de884d7a6720538aed6,cb75c6ef71cb4991805920f2894e0e96,e79ae27b52fa4d54aa37735fd275c66e,19a124c6dad14a4fa7864463b081009c,225818abe99e45a0bf5b0b3ec30db76b,f439b5616ba24b7f82eccfa095a0eff8,93dc50abd35349f7923100dca2f41002
f3ab568e4b5948f9ac5e94ddaf848ef1,051d304b7139431fb3bff19b4e75aff7,59e4dcf2794943b18fb902a6eb475ff8,664da77d25e74df693eaad44a5e7617f,7584980704ae4617bb27ca162cc9c5db,291130c42a884be2800e026bab5ddf53,be8953cc364d46cebbcc2c2da2c348ab,03df72bcf3504272a27f4bbaea89118a,5e44915237fc4445b54b037e1c4e29a4,c2a665cec90e46db8d2a74389beb4649,4c67cc7a1ccc496db132636e3f4853a2
72711fdab1134c6c884778196c514a78,dbf0926f9f344f1d88b114660db4d2eb,2c8eafa0ff26437a862dc2224ab57073,6f8d80f8673144dfa7a4e09190442ab3,db620271348d404a9a0b978d96c63f29,ff171f0b29974f78b0e81fee30abdd38,2ece45504eff42469c104dc2a2d03caf,aa082284f9894b5aa210c179d59999b1,5e44915237fc4445b54b037e1c4e29a4,6b7b5d28293d4a5a8075f7f7dd231ddb,5fc200cab89346658c9c91cce27e85fe
b40b5c9909d84456806fed5c7fb41ff3,051d304b7139431fb3bff19b4e75aff7,59e4dcf2794943b18fb902a6eb475ff8,7584980704ae4617bb27ca162cc9c5db,664da77d25e74df693eaad44a5e7617f,291130c42a884be2800e026bab5ddf53,be8953cc364d46cebbcc2c2da2c348ab,03df72bcf3504272a27f4bbaea89118a,5e44915237fc4445b54b037e1c4e29a4,c2a665cec90e46db8d2a74389beb4649,4c67cc7a1ccc496db132636e3f4853a2
4fd6e570dc5a4e03bbe54c468c9a570c,9909a671f7414c19b2727e7d4d4dcf1b,772cb9726861451d9972604da6f65c55,e8f18e4bdf054390a1768978dca8e430,b2992fe473124dd0b895cf81f59f6db6,20297482a5014732a843c9fdafba548e,191b01e1728e4583a8ead5a86db27370,0e28ed072d6c444aa6f02e64955b44c6,d25e6f2fc8154dd7816f8f7a41bee12b,69ac8397e9624bfd8aee237b9f9ea3b5,36ee1613abf245cdbe93fef69b5f981f
af888c70b0554578b1511b9ccc3a13af,e8f18e4bdf054390a1768978dca8e430,20297482a5014732a843c9fdafba548e,9909a671f7414c19b2727e7d4d4dcf1b,772cb9726861451d9972604da6f65c55,105ad424733e4cffa7c474b51e3980aa,4a6eba10a02a4ecdbb6b25e8651c3789,3675c688960a4f3b9f82c4ccf4049e93,236c362d8b664c93b41882c119df9706,d445ccdb4cda497e9f0343a3298022d2,97959d02a64f4a3fbbebe7cbece6c012
47b057e77a1148e08d82607a8ba8b64b,e8f18e4bdf054390a1768978dca8e430,20297482a5014732a843c9fdafba548e,13cda6e8f2d948eeb5508288a172e76f,9909a671f7414c19b2727e7d4d4dcf1b,3675c688960a4f3b9f82c4ccf4049e93,88f796c14d184ecfaa5b0109161db259,bf789f42ccfc42c5a330a3f6e30ddb83,97959d02a64f4a3fbbebe7cbece6c012,b2992fe473124dd0b895cf81f59f6db6,3f1c2bb09c4e4400b6ba19542fafce18
d004772f2bcb4290817f8a5eaf8e089e,9909a671f7414c19b2727e7d4d4dcf1b,ab57f83304bc4005998bbd6bc063fb4f,bf789f42ccfc42c5a330a3f6e30ddb83,7e8a4a43e2f84dbb88e41cb24b3fe79f,7d0190486da540718e4dc4ca4bd1f573,31cf7db26a3249c5a6205b005662ddcf,b2992fe473124dd0b895cf81f59f6db6,105ad424733e4cffa7c474b51e3980aa,772cb9726861451d9972604da6f65c55,d361a9e414fb41c1a605200d9cbba496
c5cd895ffe7143f7b76b9704dd73a0e1,e8c8742459dc48a49080bf0e5b3fdee0,27a67d3e76814297aebf64e03d14c336,5be48a6bc26044f2a2e4e9b6a223c319,15b7b988bba143989cfd98d5c6c4d203,b3f8b4bec0164d0e81997b4f5a277e8f,c2a665cec90e46db8d2a74389beb4649,f6061b71031b4ddb9384f86c103690a4,4385ac4645b34f3c8a44c4676ebcd8be,03df72bcf3504272a27f4bbaea89118a,664da77d25e74df693eaad44a5e7617f
4fdf4fbcd0c942659a768bc44c26e36b,27a67d3e76814297aebf64e03d14c336,c2a665cec90e46db8d2a74389beb4649,e8c8742459dc48a49080bf0e5b3fdee0,52f20bd7eb50430c95f0916727880a1b,5be48a6bc26044f2a2e4e9b6a223c319,b3f8b4bec0164d0e81997b4f5a277e8f,664da77d25e74df693eaad44a5e7617f,9d09e3cd382c4d0ea0f6f50261e3e4c8,5cf392f15360460bae6a6b0182bb99b9,15b7b988bba143989cfd98d5c6c4d203
e713b8481db84ce48754efe4036cb367,27a67d3e76814297aebf64e03d14c336,c2a665cec90e46db8d2a74389beb4649,52f20bd7eb50430c95f0916727880a1b,b3f8b4bec0164d0e81997b4f5a277e8f,e8c8742459dc48a49080bf0e5b3fdee0,5be48a6bc26044f2a2e4e9b6a223c319,9d09e3cd382c4d0ea0f6f50261e3e4c8,664da77d25e74df693eaad44a5e7617f,5cf392f15360460bae6a6b0182bb99b9,8dfd98bb97584157b207e1f4be471a8e
2c6a9ad5618343c3af68eb2b03c705ca,4c293487c809486585d65ed10b2cb1e4,e88ce4cd350f43398a5c0ab8629cee72,76e41369a6794714a9fab6968839bfe6,42805d29975b400ea7c570fc45ec4938,6732de8994744decbb3306c74aaa7882,25afb6f7e9314af09008644bca5955b9,26b18153216b48d793b75598ddb54d77,d0b6e9c1cc5341faba9e03c17767bc2e,f32f4607b4714e378831f924c5e6084d,7bbe3c76bcc04d73969f920d43fcc67d
a140cb170b604376817a046b5c07af44,67984873125e4a0f9562179c906d1b0f,bb84a4cf60c84a8d8e23276b1863d293,7e17bbd109dc486c8f0a76f913782180,ef511457ee7c490c8e10eccf6e18fef6,e2769c67dadd4c988f7ccf249a998a56,4c293487c809486585d65ed10b2cb1e4,7879fa4d4db046a2a8d195311b6e5789,d0b6e9c1cc5341faba9e03c17767bc2e,86f59bd78b424260b0cf356f2f9ae734,09f4970dfe684b809bc0959fb62f41bf
0b381fa026434777872d3b9ac3c227cd,e2769c67dadd4c988f7ccf249a998a56,51c6049a18b84ee381d0512e40b67c0e,6b4676aba2a746b3ab778315afc8ee82,66cba49431224a3788f914d6a80165e1,67984873125e4a0f9562179c906d1b0f,7e17bbd109dc486c8f0a76f913782180,76e41369a6794714a9fab6968839bfe6,2c82919b038847fabbf5d13ca5ac55a7,bb84a4cf60c84a8d8e23276b1863d293,5c09482fc8dc45bdbf7919f00dd540e0
125d9c4bb335433bb1a04d677002207c,664da77d25e74df693eaad44a5e7617f,59e4dcf2794943b18fb902a6eb475ff8,291130c42a884be2800e026bab5ddf53,051d304b7139431fb3bff19b4e75aff7,03df72bcf3504272a27f4bbaea89118a,5be48a6bc26044f2a2e4e9b6a223c319,27a67d3e76814297aebf64e03d14c336,7584980704ae4617bb27ca162cc9c5db,e8c8742459dc48a49080bf0e5b3fdee0,be8953cc364d46cebbcc2c2da2c348ab
dc06b2fc4efd4a42ae957e86afc762c4,59e4dcf2794943b18fb902a6eb475ff8,664da77d25e74df693eaad44a5e7617f,291130c42a884be2800e026bab5ddf53,051d304b7139431fb3bff19b4e75aff7,03df72bcf3504272a27f4bbaea89118a,be8953cc364d46cebbcc2c2da2c348ab,5e44915237fc4445b54b037e1c4e29a4,db620271348d404a9a0b978d96c63f29,c4e79c8992e54866b0c6f26c55b1a774,7584980704ae4617bb27ca162cc9c5db
ee46cf904fbc4ddfae1da60297817b48,03df72bcf3504272a27f4bbaea89118a,59e4dcf2794943b18fb902a6eb475ff8,664da77d25e74df693eaad44a5e7617f,f6061b71031b4ddb9384f86c103690a4,291130c42a884be2800e026bab5ddf53,5be48a6bc26044f2a2e4e9b6a223c319,15b7b988bba143989cfd98d5c6c4d203,e8c8742459dc48a49080bf0e5b3fdee0,daed5458403e49e3aea72f4bcc6dd224,4385ac4645b34f3c8a44c4676ebcd8be
2d078fc2891f4628914aa44ba8603a04,59e4dcf2794943b18fb902a6eb475ff8,664da77d25e74df693eaad44a5e7617f,291130c42a884be2800e026bab5ddf53,051d304b7139431fb3bff19b4e75aff7,03df72bcf3504272a27f4bbaea89118a,be8953cc364d46cebbcc2c2da2c348ab,5e44915237fc4445b54b037e1c4e29a4,7584980704ae4617bb27ca162cc9c5db,db620271348d404a9a0b978d96c63f29,c4e79c8992e54866b0c6f26c55b1a774
e394d55c1e79420f832b2aabb8a96d39,03df72bcf3504272a27f4bbaea89118a,59e4dcf2794943b18fb902a6eb475ff8,664da77d25e74df693eaad44a5e7617f,f6061b71031b4ddb9384f86c103690a4,291130c42a884be2800e026bab5ddf53,5be48a6bc26044f2a2e4e9b6a223c319,e8c8742459dc48a49080bf0e5b3fdee0,051d304b7139431fb3bff19b4e75aff7,15b7b988bba143989cfd98d5c6c4d203,daed5458403e49e3aea72f4bcc6dd224
946d71a18f264ed887f55c1a9a2ffc4d,26b18153216b48d793b75598ddb54d77,e88ce4cd350f43398a5c0ab8629cee72,4a7fa5a1bafe4b6995e2920444ac07c4,e96fae6d607246b18b8494aabe521036,1d70bc69b2f84bef9aa5fb0d9917e38d,7bbe3c76bcc04d73969f920d43fcc67d,29088685e31a4d86b60b514e98117361,50a2129b83404b94889a01f4688ebafd,39e2b00e1cbd471488cf56f31d2cec7f,e2e0c8c96aff4c00896ac6986bbb20c2
e89b67fc618f4ccc84877eb31c645e09,26b18153216b48d793b75598ddb54d77,1d70bc69b2f84bef9aa5fb0d9917e38d,e96fae6d607246b18b8494aabe521036,4a7fa5a1bafe4b6995e2920444ac07c4,e88ce4cd350f43398a5c0ab8629cee72,29088685e31a4d86b60b514e98117361,7bbe3c76bcc04d73969f920d43fcc67d,50a2129b83404b94889a01f4688ebafd,e2e0c8c96aff4c00896ac6986bbb20c2,5d5baf5ce88b4b529e28ab9c7c114148
bc267c43ca1f44febd9e7093727ef543,4a7fa5a1bafe4b6995e2920444ac07c4,b4dadb3ea3a04cc3932094471debce13,26b18153216b48d793b75598ddb54d77,5455e62f52ae4e03b2a5d0e8b9899506,be9e713988ba4bbba869885cad419259,7bbe3c76bcc04d73969f920d43fcc67d,ef511457ee7c490c8e10eccf6e18fef6,1d70bc69b2f84bef9aa5fb0d9917e38d,5c644b51b1394a7b8fa0a9a6275c422d,cdd73e0289aa4e2b87cd14e6ff5bd75e
01ac8202a1f44b648edeaa48d9b3be1c,4a7fa5a1bafe4b6995e2920444ac07c4,b4dadb3ea3a04cc3932094471debce13,ef511457ee7c490c8e10eccf6e18fef6,3e59b61eb70146308db2308b988b54cf,14f4db886cca4104877ac7d1d7a64133,7bbe3c76bcc04d73969f920d43fcc67d,26b18153216b48d793b75598ddb54d77,0eb119aabc884795a4768c6d3e677ea1,50a2129b83404b94889a01f4688ebafd,0daf8d5687b54d158f7f752884c42334
3f6590287d024cde9a430ca74bf005c7,8a464aa9e2ee45d0abc7ae6181cd1bda,cc78a6c92dfe4af49c2bd93f15e4f870,cb32ec9a538a4c0f8462771946ced93b,452d645d5bf4485185e996dcec9523e5,00fb3a55134242769182c520d55681a2,b425f33c33ad4be89a12da266d131a86,06a5f0cec6ce4170a02dad0ad4c55b1c,a865b8d581b44104afe7c8508e3486f5,66f4c650b7ca48f1bc27f9daff8d312a,22d9d5ad33e947fd857c5c4a8b7dfae1
c293e0f7c0da40049992e9ce791370db,2939ef012c5c4a1b94b49df9469dfb3c,f8856799293e49feab6368e794eb8b00,5a9a716f53364389864a4018d9e9c6c0,e22e1ad3c1fc4493bcb7c9b923566ff7,91f9f8576e5142a49926bd623b0bc19c,bdb0d45caa2a4943959f8f501e51132b,6c6de17135be4f8c9423be633eaefcd4,189a3b686ad14c24b5e1a495f76dd239,f9fe93fae6084350b81964d354e2130f,632cc2bc04034dd4848855fe6497262d
30cf83c6a107496a894c8ee50f9b6941,2939ef012c5c4a1b94b49df9469dfb3c,f8856799293e49feab6368e794eb8b00,e22e1ad3c1fc4493bcb7c9b923566ff7,91f9f8576e5142a49926bd623b0bc19c,632cc2bc04034dd4848855fe6497262d,189a3b686ad14c24b5e1a495f76dd239,5a9a716f53364389864a4018d9e9c6c0,6c6de17135be4f8c9423be633eaefcd4,f9fe93fae6084350b81964d354e2130f,5b588e34588940788a22036b775ecc2f
0cf92dcb9bc94f0697e76d4ccdd96aea,8a464aa9e2ee45d0abc7ae6181cd1bda,b425f33c33ad4be89a12da266d131a86,cb32ec9a538a4c0f8462771946ced93b,a865b8d581b44104afe7c8508e3486f5,66f4c650b7ca48f1bc27f9daff8d312a,73f684f538ea452cbb4fbecc2e8126a4,14ca42308d3141fba50b774042144343,9460474d89704a68aaa6ccb62310ae3d,00fb3a55134242769182c520d55681a2,a70909d3ce0d4235913b5ce6a138dcce
0defb2dd1f4e42b8867d78c68c45bf69,14ca42308d3141fba50b774042144343,9460474d89704a68aaa6ccb62310ae3d,b425f33c33ad4be89a12da266d131a86,cb32ec9a538a4c0f8462771946ced93b,9948a890ef25479e834f70944cb42eae,f676e16c6a134bd5a7bbeee4590adcfe,2c65a898314b42e6b2e93dca66fd15c2,8a464aa9e2ee45d0abc7ae6181cd1bda,66f4c650b7ca48f1bc27f9daff8d312a,19b81e71e7f04ebcbfade9daa899ed3d
7e165023b13a4ea89bb41b86336ed275,7f0b453cc8c14156802497f5cbae9d62,673aee19895b4d339ada93213d8874ac,e59dba65749140f4a1bdaf2695de2fc6,d37bf09399d848df9a4d880fb097239c,b7f5c165ea2242709a2fb71f3a3f1bcb,761a3a01495143f0a86beac4234cae3a,b01fd4d037a84a7aa777e1fc345c73c5,b0236c76ae244fd8aacbea7da10e55ca,d2a03ea4b2d3439ca3dc6fe056ab0f04,e6afe89ff7bc491193141c057083d8a8
bbd916e845d14857ad0f48dd4693ed85,673aee19895b4d339ada93213d8874ac,7f0b453cc8c14156802497f5cbae9d62,e59dba65749140f4a1bdaf2695de2fc6,b0236c76ae244fd8aacbea7da10e55ca,d2a03ea4b2d3439ca3dc6fe056ab0f04,98fbdf945d0c4206a48a4f7260e56017,b7f5c165ea2242709a2fb71f3a3f1bcb,db69f22fe72246ea85d33991961a649a,4c67cc7a1ccc496db132636e3f4853a2,be9e713988ba4bbba869885cad419259
e74837fbb60c42a4a65d86d1568b4649,b7f5c165ea2242709a2fb71f3a3f1bcb,7f0b453cc8c14156802497f5cbae9d62,e59dba65749140f4a1bdaf2695de2fc6,b6da55bea1244cf0a753b258420946b2,d37bf09399d848df9a4d880fb097239c,00614d60b3544ba790dfd23dd53992e0,07d869789eda4445a1ecfe59c331db0d,f532294d68604bc2aa9ad8804a8c6d5f,68aefc97056440af874039a28497cf98,673aee19895b4d339ada93213d8874ac
13f2026fed26452685621e4b5e90c497,db2466dc7da64ac5a2a21c20ace67856,4385ac4645b34f3c8a44c4676ebcd8be,baad022010b44fad8d8410869d909fd1,11e1e3cdfe214385a2c24d0f957dde9b,2ece45504eff42469c104dc2a2d03caf,b3f8b4bec0164d0e81997b4f5a277e8f,105ad424733e4cffa7c474b51e3980aa,e53dd6188816429ab915de6f9649a026,f9fe93fae6084350b81964d354e2130f,da14e9dc2c3d4963b725de8102de5028
a3a3c4b19635404cace83ff7b80a1679,db2466dc7da64ac5a2a21c20ace67856,f9fe93fae6084350b81964d354e2130f,5b588e34588940788a22036b775ecc2f,11e1e3cdfe214385a2c24d0f957dde9b,2ece45504eff42469c104dc2a2d03caf,fb8c2b83e46441c2aaa7c81d3642e2da,de72d25d08da4b03ac6f6411ce30e07c,bc607fd6000b43108e49b3d05688fe90,7e8a4a43e2f84dbb88e41cb24b3fe79f,df7ea50171af48df81584ab7e8107d15
72772d2296a24491b21db0cf0ffec2cc,4385ac4645b34f3c8a44c4676ebcd8be,15b7b988bba143989cfd98d5c6c4d203,e8c8742459dc48a49080bf0e5b3fdee0,f6061b71031b4ddb9384f86c103690a4,69ac8397e9624bfd8aee237b9f9ea3b5,b3f8b4bec0164d0e81997b4f5a277e8f,03df72bcf3504272a27f4bbaea89118a,0e8487b2e6a2439b9e6623a1e2e5e19d,d9096650c434432c871effeca9acd5c6,3f28365e18244eb28cc7d23de8895956
3c36c01d06db430891436e7338519629,4385ac4645b34f3c8a44c4676ebcd8be,15b7b988bba143989cfd98d5c6c4d203,f6061b71031b4ddb9384f86c103690a4,e8c8742459dc48a49080bf0e5b3fdee0,69ac8397e9624bfd8aee237b9f9ea3b5,b3f8b4bec0164d0e81997b4f5a277e8f,0e8487b2e6a2439b9e6623a1e2e5e19d,3f28365e18244eb28cc7d23de8895956,d9096650c434432c871effeca9acd5c6,daed5458403e49e3aea72f4bcc6dd224
27f5e7c9028741ea99cbf424d87b7f8f,15b7b988bba143989cfd98d5c6c4d203,4385ac4645b34f3c8a44c4676ebcd8be,f6061b71031b4ddb9384f86c103690a4,5be48a6bc26044f2a2e4e9b6a223c319,e8c8742459dc48a49080bf0e5b3fdee0,0e8487b2e6a2439b9e6623a1e2e5e19d,3f28365e18244eb28cc7d23de8895956,5cf392f15360460bae6a6b0182bb99b9,d9096650c434432c871effeca9acd5c6,dbf0926f9f344f1d88b114660db4d2eb
1ff1f628d46c4fffbf9a44323220d682,b2bcb4d9456c4763a0159ffd1f3660bb,cb2505b30d8a4dc086c353cf94424b6d,361f2b7f3f044907b3a331872fb18755,8c7c9eaae41a44a3a4ebe39ce167d300,ccb62901750b4d13a922fc161b607f83,3f23eafbd9cc4e209aca631fd6fc9dfd,39e2b00e1cbd471488cf56f31d2cec7f,db69f22fe72246ea85d33991961a649a,b834c0b0c10b471b87ad3f11468de619,3d3e8565d2f84e0cad5ae622f2909765
d12ab20387aa452093121c89f55faef6,cb2505b30d8a4dc086c353cf94424b6d,b2bcb4d9456c4763a0159ffd1f3660bb,059a284910e849efbbc7073b8681409f,3d3e8565d2f84e0cad5ae622f2909765,39e2b00e1cbd471488cf56f31d2cec7f,8fdee0611965465eb45387b8c39f4136,8683a3ad55d84a78834fabe20cde5269,f32f4607b4714e378831f924c5e6084d,19098957d8c24cab95daa30c2baefd8f,361f2b7f3f044907b3a331872fb18755
cf7d4b9d3c9c4789b84574f7294511e4,b2bcb4d9456c4763a0159ffd1f3660bb,cb2505b30d8a4dc086c353cf94424b6d,361f2b7f3f044907b3a331872fb18755,8c7c9eaae41a44a3a4ebe39ce167d300,3f23eafbd9cc4e209aca631fd6fc9dfd,39e2b00e1cbd471488cf56f31d2cec7f,ccb62901750b4d13a922fc161b607f83,db69f22fe72246ea85d33991961a649a,b834c0b0c10b471b87ad3f11468de619,bb5c7d03a54647d08b8c62deeb803271
ebadbbba9888428c97cd7f6f9d614d2b,cb2505b30d8a4dc086c353cf94424b6d,b2bcb4d9456c4763a0159ffd1f3660bb,059a284910e849efbbc7073b8681409f,3d3e8565d2f84e0cad5ae622f2909765,19098957d8c24cab95daa30c2baefd8f,8fdee0611965465eb45387b8c39f4136,f32f4607b4714e378831f924c5e6084d,39e2b00e1cbd471488cf56f31d2cec7f,8683a3ad55d84a78834fabe20cde5269,db69f22fe72246ea85d33991961a649a
3ef127b149d24d42a5b4d73a369daeba,8fdee0611965465eb45387b8c39f4136,8c7c9eaae41a44a3a4ebe39ce167d300,059a284910e849efbbc7073b8681409f,3d3e8565d2f84e0cad5ae622f2909765,e2e0c8c96aff4c00896ac6986bbb20c2,b834c0b0c10b471b87ad3f11468de619,be9e713988ba4bbba869885cad419259,8683a3ad55d84a78834fabe20cde5269,b2bcb4d9456c4763a0159ffd1f3660bb,361f2b7f3f044907b3a331872fb18755
86cc05a71e4440cba336690dfa0149ac,8fdee0611965465eb45387b8c39f4136,059a284910e849efbbc7073b8681409f,8c7c9eaae41a44a3a4ebe39ce167d300,3d3e8565d2f84e0cad5ae622f2909765,f91157bb8fca4a8e98db33591a76be9a,b2bcb4d9456c4763a0159ffd1f3660bb,9500823cb050427696343b1ea5cf8881,b834c0b0c10b471b87ad3f11468de619,b585a2970e9f421da236241f603883f2,361f2b7f3f044907b3a331872fb18755
dda93eeaef8c4891aa99f6851955606e,3aa003c1e31b476e999c3a808a1d5dc6,65e30dd62cfa4dccb9ea4d908a9d6fab,0daf8d5687b54d158f7f752884c42334,bbdf9065122d499d9d8f80ad3e0ef6f3,4a7fa5a1bafe4b6995e2920444ac07c4,cb550e5ff4694fe9a19eaa6588cef250,0accd1d0138b49049d437c0d9b1c23c3,dd77b570036f40de9fdf49011bb9e2d8,0433768f874042a5b2d2e37ad9deae13,04fa591263664fb0a6868552ebd3590b
1c7e49f7fcc1484593f48dc107e63996,65e30dd62cfa4dccb9ea4d908a9d6fab,3aa003c1e31b476e999c3a808a1d5dc6,0daf8d5687b54d158f7f752884c42334,bbdf9065122d499d9d8f80ad3e0ef6f3,2d43cf91509846e29ab4febd7781919f,27a0d24dc1e14b28a1f18456b29c93f1,78809cb3c6b841a9b8b132133dd6bb96,84ff5144597241bba5cbd3d0b21d220d,cb550e5ff4694fe9a19eaa6588cef250,d658e3a743af41899183fecff6b2628d
01b3be2b5b2f4891ad053f74f427514b,3aa003c1e31b476e999c3a808a1d5dc6,65e30dd62cfa4dccb9ea4d908a9d6fab,0daf8d5687b54d158f7f752884c42334,bbdf9065122d499d9d8f80ad3e0ef6f3,4a7fa5a1bafe4b6995e2920444ac07c4,cb550e5ff4694fe9a19eaa6588cef250,0433768f874042a5b2d2e37ad9deae13,0accd1d0138b49049d437c0d9b1c23c3,dd77b570036f40de9fdf49011bb9e2d8,78809cb3c6b841a9b8b132133dd6bb96
6da229c88f574b79a9aa35557565a86e,4230775a9d51448396cacb9061f0e5f9,afac6ae28fac41dabae96696990c5555,8ad1f345ca194b29bde0a924f27b2de5,d7618b61a65a4bc1a0d0f2cc1bddc448,116f6c1f0cb54312986a0a729508a33e,a8904adcdd21495f890bc614bfdbf86f,bb6ecabbce1b43d997d00d7acdc95193,fe363cef357840fcb35f320fe7c27e4e,af648fa7ac6c4c50a246de470329cd83,fc70a4c2c4834e0eba1a14470f563b03
692f47ec6a394c83acb7708bfd6c7c96,fc70a4c2c4834e0eba1a14470f563b03,8c5f38853679436ba434b6a696e43168,afac6ae28fac41dabae96696990c5555,bb6ecabbce1b43d997d00d7acdc95193,fe363cef357840fcb35f320fe7c27e4e,887e323cc38f4cf8adc5970617f1c286,4230775a9d51448396cacb9061f0e5f9,af648fa7ac6c4c50a246de470329cd83,8ad1f345ca194b29bde0a924f27b2de5,a8904adcdd21495f890bc614bfdbf86f
f880dd7555534b77bb131f2d6fa4ab37,4230775a9d51448396cacb9061f0e5f9,afac6ae28fac41dabae96696990c5555,116f6c1f0cb54312986a0a729508a33e,d7618b61a65a4bc1a0d0f2cc1bddc448,8ad1f345ca194b29bde0a924f27b2de5,a8904adcdd21495f890bc614bfdbf86f,bb6ecabbce1b43d997d00d7acdc95193,fe363cef357840fcb35f320fe7c27e4e,8c5f38853679436ba434b6a696e43168,fc70a4c2c4834e0eba1a14470f563b03
fc88a18e8b6343d3a58e4aab7a84620b,fc70a4c2c4834e0eba1a14470f563b03,8c5f38853679436ba434b6a696e43168,887e323cc38f4cf8adc5970617f1c286,afac6ae28fac41dabae96696990c5555,bb6ecabbce1b43d997d00d7acdc95193,fe363cef357840fcb35f320fe7c27e4e,4230775a9d51448396cacb9061f0e5f9,116f6c1f0cb54312986a0a729508a33e,a8904adcdd21495f890bc614bfdbf86f,8ad1f345ca194b29bde0a924f27b2de5
b715f62fa2f14ddeb98cb30d9c54339d,3b7d56c26da14b3a9b1cd52b5b35891b,9ffa09a2b9bd4da0ba98fc537ca68802,1004b33e3126472faa78e1929ed974e6,9aca522158f443fd8a9caaec38ae5e2c,ec07b4e88bea4086a5eafed96d81edb5,f2077addeb6142c8b3540916522126e8,0228b1e9e3244da3a727930123ba7bda,36ee1613abf245cdbe93fef69b5f981f,ce4fdd5499f8498793c11e586f7da70c,a5365055a36a4ec1bf5b0ce2ef949a35
07cc561ef3f04e93a701b6919ee81175,0228b1e9e3244da3a727930123ba7bda,9aca522158f443fd8a9caaec38ae5e2c,1004b33e3126472faa78e1929ed974e6,9ffa09a2b9bd4da0ba98fc537ca68802,f2077addeb6142c8b3540916522126e8,3b7d56c26da14b3a9b1cd52b5b35891b,7c061d36393540b49e20d98086bdb5bd,ce4fdd5499f8498793c11e586f7da70c,c5486d5e31084ee797da0ebdacb17abc,36ee1613abf245cdbe93fef69b5f981f
cb80f73ab9454fa798342057923edd40,3b7d56c26da14b3a9b1cd52b5b35891b,9ffa09a2b9bd4da0ba98fc537ca68802,1004b33e3126472faa78e1929ed974e6,9aca522158f443fd8a9caaec38ae5e2c,0228b1e9e3244da3a727930123ba7bda,ec07b4e88bea4086a5eafed96d81edb5,f2077addeb6142c8b3540916522126e8,99ba4cc9355f4d79a68bc69ac12a716f,ce4fdd5499f8498793c11e586f7da70c,a5365055a36a4ec1bf5b0ce2ef949a35
c7fdef440d9345c6b34634ef46754490,415641aa43724ed9bc4710302b77edc3,f4b7e6e902e344859cb041126b69ce3c,11e9586d6c7a443c8025278f8ef53b6d,ae3f42d57b3046a3821026173286a43e,3f28365e18244eb28cc7d23de8895956,75bf181ea5dc490e95d364a5f5c7af1d,8987ceafff324f9599b842542e37eddd,ac5a760b45c146ec840193371cfb2d30,ca5add3cbf044a95a5bec88a5841ce98,6bde760ad5d4485db9889b1bdc074005
f94bc288e76b4781b013d419ca5295b2,f4b7e6e902e344859cb041126b69ce3c,415641aa43724ed9bc4710302b77edc3,503d2f067a8a4f5798b1c64b07ab0bc5,8987ceafff324f9599b842542e37eddd,0e8487b2e6a2439b9e6623a1e2e5e19d,a7077a82d2c74518b96fb45e35f6e150,11e9586d6c7a443c8025278f8ef53b6d,cf7476d6c96b4dcdb6f025b9291eb62b,4c67cc7a1ccc496db132636e3f4853a2,ae3f42d57b3046a3821026173286a43e
c6a1eb4b8cc74dc0a3d818ef10b1b04e,415641aa43724ed9bc4710302b77edc3,f4b7e6e902e344859cb041126b69ce3c,11e9586d6c7a443c8025278f8ef53b6d,3f28365e18244eb28cc7d23de8895956,ae3f42d57b3046a3821026173286a43e,6bde760ad5d4485db9889b1bdc074005,75bf181ea5dc490e95d364a5f5c7af1d,8987ceafff324f9599b842542e37eddd,ca5add3cbf044a95a5bec88a5841ce98,8dfd98bb97584157b207e1f4be471a8e
f34c07d2f2ad4b4fb027ab3f4c68bffd,f4b7e6e902e344859cb041126b69ce3c,415641aa43724ed9bc4710302b77edc3,0e8487b2e6a2439b9e6623a1e2e5e19d,a7077a82d2c74518b96fb45e35f6e150,8987ceafff324f9599b842542e37eddd,503d2f067a8a4f5798b1c64b07ab0bc5,11e9586d6c7a443c8025278f8ef53b6d,da14e9dc2c3d4963b725de8102de5028,ca5add3cbf044a95a5bec88a5841ce98,714e47cd21e5416f864a4bc938850a72
bd6f2e8af94548da8676de16a6853e69,d87e5facd03b45f9829e8a1cd0fe0190,0568345606fa4a2c84ed4ea6c74639ee,7dd5e88dfdd24cafab2c765939757354,599feb1e512c43ad8c0a1845922acf78,78d0265d47df4f4cb7153da919763730,55c0b899937042c98162389b209aca7f,f5bcc6f48ed2447581b401d453039866,da61e0de396149208c9ebd0fd6d7415d,61d2391e8bc548b6bfa08f1ef2a0c47a,249c2d8d8d2345c6990b3c4d94385b5a
af596599aa804ad2bbe10c2ddf0b3e34,d87e5facd03b45f9829e8a1cd0fe0190,0568345606fa4a2c84ed4ea6c74639ee,7dd5e88dfdd24cafab2c765939757354,599feb1e512c43ad8c0a1845922acf78,f5bcc6f48ed2447581b401d453039866,78d0265d47df4f4cb7153da919763730,de6ac628a786435f9925c8cc1d707d6b,df0c94234d9d4890b5b4b95c441b3e9a,da61e0de396149208c9ebd0fd6d7415d,55c0b899937042c98162389b209aca7f
680120b1438b42a3acd998a7e00f02ef,d87e5facd03b45f9829e8a1cd0fe0190,0568345606fa4a2c84ed4ea6c74639ee,7dd5e88dfdd24cafab2c765939757354,da61e0de396149208c9ebd0fd6d7415d,f5bcc6f48ed2447581b401d453039866,30f654c6e69e48888f9f42dd95ab3c77,249c2d8d8d2345c6990b3c4d94385b5a,599feb1e512c43ad8c0a1845922acf78,530b37164090408dbab4e6da51111b8a,6866efc8987a4ec8b04b7abd28fb5777
5d17356d82d74aa3a6e6f979ef1796fd,d87e5facd03b45f9829e8a1cd0fe0190,0568345606fa4a2c84ed4ea6c74639ee,7dd5e88dfdd24cafab2c765939757354,f5bcc6f48ed2447581b401d453039866,da61e0de396149208c9ebd0fd6d7415d,30f654c6e69e48888f9f42dd95ab3c77,599feb1e512c43ad8c0a1845922acf78,249c2d8d8d2345c6990b3c4d94385b5a,530b37164090408dbab4e6da51111b8a,78d0265d47df4f4cb7153da919763730
6b3c7ce1b5524d3e98acc2312a661188,d7618b61a65a4bc1a0d0f2cc1bddc448,afac6ae28fac41dabae96696990c5555,a8904adcdd21495f890bc614bfdbf86f,4230775a9d51448396cacb9061f0e5f9,8ad1f345ca194b29bde0a924f27b2de5,bb6ecabbce1b43d997d00d7acdc95193,fe363cef357840fcb35f320fe7c27e4e,116f6c1f0cb54312986a0a729508a33e,fc70a4c2c4834e0eba1a14470f563b03,716a15d66b63424a8068da89e75733b4
d31bba63f0c74cfd9135ddb2ec58f186,716a15d66b63424a8068da89e75733b4,a8904adcdd21495f890bc614bfdbf86f,8c5f38853679436ba434b6a696e43168,91f0da6d71574ababd8e868bddec9310,1d93c07de74c482ebf0a76ec564c3252,33e2a95109e647cbb4ba2687631b169a,d37bf09399d848df9a4d880fb097239c,13aca0959cc948cabeee0d7255f55a65,fc70a4c2c4834e0eba1a14470f563b03,116f6c1f0cb54312986a0a729508a33e
908351dacb5c427f88bd9aa375503388,b64cef9df31c4e92a7b7ecd42f74f396,b0236c76ae244fd8aacbea7da10e55ca,d2a03ea4b2d3439ca3dc6fe056ab0f04,76e41369a6794714a9fab6968839bfe6,b4dadb3ea3a04cc3932094471debce13,384b14b18c3c43b1a4dc1aa2f661e076,1ade4365590a4ac7865100d8c791e340,009be1c3430743ff9b054bdfcd6228d6,1c2b01416e3943e3b3c575e53c3f1d16,50a2129b83404b94889a01f4688ebafd
33683cdbfab14a3f8b56e5f75d2b3d00,76e41369a6794714a9fab6968839bfe6,7bbe3c76bcc04d73969f920d43fcc67d,25afb6f7e9314af09008644bca5955b9,ca544e6629b14e8fab5f7cb40d1ac88e,e88ce4cd350f43398a5c0ab8629cee72,50a2129b83404b94889a01f4688ebafd,88353d1136d24836816b073de62e5f50,4c293487c809486585d65ed10b2cb1e4,bb84a4cf60c84a8d8e23276b1863d293,b64cef9df31c4e92a7b7ecd42f74f396
cbb9562935ed4ec7b4fbd9c04a1c17c3,76e41369a6794714a9fab6968839bfe6,bb84a4cf60c84a8d8e23276b1863d293,67984873125e4a0f9562179c906d1b0f,25afb6f7e9314af09008644bca5955b9,e88ce4cd350f43398a5c0ab8629cee72,b64cef9df31c4e92a7b7ecd42f74f396,4c293487c809486585d65ed10b2cb1e4,7bbe3c76bcc04d73969f920d43fcc67d,04d24d1cf42b4f7787d8d300cbad6d50,d0b6e9c1cc5341faba9e03c17767bc2e
2093ec4e54224ee59a6b3df761f52ad4,b64cef9df31c4e92a7b7ecd42f74f396,bb84a4cf60c84a8d8e23276b1863d293,b0236c76ae244fd8aacbea7da10e55ca,d37bf09399d848df9a4d880fb097239c,1ade4365590a4ac7865100d8c791e340,761a3a01495143f0a86beac4234cae3a,67984873125e4a0f9562179c906d1b0f,7e17bbd109dc486c8f0a76f913782180,ef511457ee7c490c8e10eccf6e18fef6,673aee19895b4d339ada93213d8874ac
034598db2c774843ae5b70f89a468dd1,8c7c9eaae41a44a3a4ebe39ce167d300,b834c0b0c10b471b87ad3f11468de619,db69f22fe72246ea85d33991961a649a,be9e713988ba4bbba869885cad419259,eeb3b60f34af40de850e065b475d8180,8fdee0611965465eb45387b8c39f4136,e2e0c8c96aff4c00896ac6986bbb20c2,f92d16d3a970487094292439c3e00923,8683a3ad55d84a78834fabe20cde5269,b675be39e8ff421aa59811f146da945b
e1b0c09a4b5745ba87cb45d6b31cc047,8c7c9eaae41a44a3a4ebe39ce167d300,b834c0b0c10b471b87ad3f11468de619,be9e713988ba4bbba869885cad419259,db69f22fe72246ea85d33991961a649a,eeb3b60f34af40de850e065b475d8180,e2e0c8c96aff4c00896ac6986bbb20c2,04fa591263664fb0a6868552ebd3590b,f92d16d3a970487094292439c3e00923,673aee19895b4d339ada93213d8874ac,7bbe3c76bcc04d73969f920d43fcc67d
2ee4e4c157314893ac1677408acd1e13,8c7c9eaae41a44a3a4ebe39ce167d300,b834c0b0c10b471b87ad3f11468de619,db69f22fe72246ea85d33991961a649a,be9e713988ba4bbba869885cad419259,eeb3b60f34af40de850e065b475d8180,e2e0c8c96aff4c00896ac6986bbb20c2,f92d16d3a970487094292439c3e00923,8fdee0611965465eb45387b8c39f4136,b2bcb4d9456c4763a0159ffd1f3660bb,8683a3ad55d84a78834fabe20cde5269
d2d1bfd6b701442bac97d11e1bcdcbff,b834c0b0c10b471b87ad3f11468de619,8c7c9eaae41a44a3a4ebe39ce167d300,db69f22fe72246ea85d33991961a649a,be9e713988ba4bbba869885cad419259,8fdee0611965465eb45387b8c39f4136,f92d16d3a970487094292439c3e00923,b2bcb4d9456c4763a0159ffd1f3660bb,a35d7304347a4f81b1ccfb086956921c,b675be39e8ff421aa59811f146da945b,eeb3b60f34af40de850e065b475d8180
6da4af4998924e888bc085da81c883e1,0f785440b29548e1a1968868262fd42e,01bbbf1caa554d94b5decb69cc1add41,097c30a7f39a4a3abf6da2ca80cad3a5,02a3cd76ce534d188b4d5ac4778bd652,bb5c7d03a54647d08b8c62deeb803271,26b18153216b48d793b75598ddb54d77,1d70bc69b2f84bef9aa5fb0d9917e38d,39e2b00e1cbd471488cf56f31d2cec7f,5c644b51b1394a7b8fa0a9a6275c422d,d9ac372330a4446886fa19bac0d19877
62a839f4213d46759d8133e354ae93a4,0f785440b29548e1a1968868262fd42e,01bbbf1caa554d94b5decb69cc1add41,097c30a7f39a4a3abf6da2ca80cad3a5,02a3cd76ce534d188b4d5ac4778bd652,bb5c7d03a54647d08b8c62deeb803271,39e2b00e1cbd471488cf56f31d2cec7f,5c644b51b1394a7b8fa0a9a6275c422d,d9ac372330a4446886fa19bac0d19877,26b18153216b48d793b75598ddb54d77,1d70bc69b2f84bef9aa5fb0d9917e38d
f22180d73d204b929c77cc738c93dec8,c36ef11228124c438ed3256c9822b03d,7627d5e28ba74cbeaf9225e88a7a44cc,eabdd2813a954f9aa01f0eb8212ee387,4c67cc7a1ccc496db132636e3f4853a2,ca5add3cbf044a95a5bec88a5841ce98,94ed54abfdc74b04b0dcb19c278e66f4,2c8eafa0ff26437a862dc2224ab57073,3bd43a42811048e3b7a7d9740bdb1971,f335a944a27a4504a82ecf70c2d4a5e4,11e9586d6c7a443c8025278f8ef53b6d
b43451e5261643dab9a0627813d31785,7627d5e28ba74cbeaf9225e88a7a44cc,7c1126d46a934db6b951d1e98feae327,8dfd98bb97584157b207e1f4be471a8e,ca5add3cbf044a95a5bec88a5841ce98,714e47cd21e5416f864a4bc938850a72,aedd476072b345e9be46ebd7260e93a6,2c8eafa0ff26437a862dc2224ab57073,8987ceafff324f9599b842542e37eddd,415641aa43724ed9bc4710302b77edc3,11e9586d6c7a443c8025278f8ef53b6d
89b4973e66414223af70d8648086e97c,7627d5e28ba74cbeaf9225e88a7a44cc,7c1126d46a934db6b951d1e98feae327,8dfd98bb97584157b207e1f4be471a8e,ca5add3cbf044a95a5bec88a5841ce98,714e47cd21e5416f864a4bc938850a72,2c8eafa0ff26437a862dc2224ab57073,c36ef11228124c438ed3256c9822b03d,aedd476072b345e9be46ebd7260e93a6,8987ceafff324f9599b842542e37eddd,415641aa43724ed9bc4710302b77edc3
cca9ed42ea00433984410ed65b0435fb,7c1126d46a934db6b951d1e98feae327,8dfd98bb97584157b207e1f4be471a8e,2070754bb5dd4a248be9c2a6a1a9d381,7e190e3c05d74e6b9f103e39142c1684,f2cfa68a47ce4a43a0fe1cc7dc860418,ca5add3cbf044a95a5bec88a5841ce98,87fc1d6a57ea488786caaec8599c3b8b,a7077a82d2c74518b96fb45e35f6e150,2c8eafa0ff26437a862dc2224ab57073,714e47cd21e5416f864a4bc938850a72
ca3ae3f2f83a4b709148933472566ca6,c36ef11228124c438ed3256c9822b03d,ca5add3cbf044a95a5bec88a5841ce98,7627d5e28ba74cbeaf9225e88a7a44cc,aedd476072b345e9be46ebd7260e93a6,eabdd2813a954f9aa01f0eb8212ee387,a94cb58f1ca8456b96e39b5b1ebfb7ea,7e190e3c05d74e6b9f103e39142c1684,6ea31a945d494834a3d243f1f90af02a,a055f8188384479a8bad418f7dffd9a5,4c67cc7a1ccc496db132636e3f4853a2
bc19c9d3d882406886b4dc137c8085e0,2f0401170d104b47b0a8f087f69dee88,f92d16d3a970487094292439c3e00923,cb550e5ff4694fe9a19eaa6588cef250,be9e713988ba4bbba869885cad419259,24c55bb5cd694770ba895c7401da2ba5,7ef653f7e5f64e1b8bba73b9518b87b7,db69f22fe72246ea85d33991961a649a,a0408a6462b24cf18e50a8616359d5ad,e2e0c8c96aff4c00896ac6986bbb20c2,0433768f874042a5b2d2e37ad9deae13
77823865299d48ddbce6d7d7e199814f,02a3cd76ce534d188b4d5ac4778bd652,24c55bb5cd694770ba895c7401da2ba5,1d70bc69b2f84bef9aa5fb0d9917e38d,cdd73e0289aa4e2b87cd14e6ff5bd75e,0f785440b29548e1a1968868262fd42e,0eb119aabc884795a4768c6d3e677ea1,0daf8d5687b54d158f7f752884c42334,98fbdf945d0c4206a48a4f7260e56017,bbdf9065122d499d9d8f80ad3e0ef6f3,384f94503bcd4f4c863056ad69f45b43
5cfbbd42352245fb9ab4e93f0e17452a,21eb9f06dd834a108d816efdf3aca8dc,6252aa87531748e5bac5f6c65fc87e14,1419b2c686f44896a0ae2a43e93b5402,f5a9583711fc4ff4a46e85c24886b234,98fbdf945d0c4206a48a4f7260e56017,7e17bbd109dc486c8f0a76f913782180,76e41369a6794714a9fab6968839bfe6,67984873125e4a0f9562179c906d1b0f,e903085a3f944ad2a41c37306b4e6ab4,50a2129b83404b94889a01f4688ebafd
4a03d80a56a24730b633957fa5195cf5,02a3cd76ce534d188b4d5ac4778bd652,24c55bb5cd694770ba895c7401da2ba5,1d70bc69b2f84bef9aa5fb0d9917e38d,d658e3a743af41899183fecff6b2628d,0daf8d5687b54d158f7f752884c42334,bbdf9065122d499d9d8f80ad3e0ef6f3,0433768f874042a5b2d2e37ad9deae13,384f94503bcd4f4c863056ad69f45b43,cdd73e0289aa4e2b87cd14e6ff5bd75e,26869cc099c44c4a86f6043476ab4890
ca687051622e4c35823d965df0139509,e2e0c8c96aff4c00896ac6986bbb20c2,db69f22fe72246ea85d33991961a649a,724a3f6551e74ad585bdeac9a75fd639,8c7c9eaae41a44a3a4ebe39ce167d300,04fa591263664fb0a6868552ebd3590b,be9e713988ba4bbba869885cad419259,8683a3ad55d84a78834fabe20cde5269,4e4495962a9b4864882397042f1a2b3e,eeb3b60f34af40de850e065b475d8180,50a2129b83404b94889a01f4688ebafd
62cb56b35d3847a2858dee237b0a7f1e,6252aa87531748e5bac5f6c65fc87e14,f5a9583711fc4ff4a46e85c24886b234,e22e1ad3c1fc4493bcb7c9b923566ff7,f65b6fb5b40a49d1896de7a115469d40,189a3b686ad14c24b5e1a495f76dd239,570f08ce2a1a47978eab16bf7ad16a68,e4ee90d625d44a6d9adc138390eef0f8,243dbbcdc67c42bfa6f32c47477adf6d,772cb9726861451d9972604da6f65c55,8a464aa9e2ee45d0abc7ae6181cd1bda
ad43fc3957284bd78e7d7c9aa5ab29c0,f5a9583711fc4ff4a46e85c24886b234,6252aa87531748e5bac5f6c65fc87e14,f65b6fb5b40a49d1896de7a115469d40,e22e1ad3c1fc4493bcb7c9b923566ff7,9fd4c00672d84215b3e21812aef3d6ac,243dbbcdc67c42bfa6f32c47477adf6d,189a3b686ad14c24b5e1a495f76dd239,d2bcc978e7aa49908919d9fc40138b27,1393dac7d34b4c34b1a8091a5bea3663,452d645d5bf4485185e996dcec9523e5
5871998e8d6c4a9090cdf17915017027,f5a9583711fc4ff4a46e85c24886b234,6252aa87531748e5bac5f6c65fc87e14,243dbbcdc67c42bfa6f32c47477adf6d,f65b6fb5b40a49d1896de7a115469d40,9fd4c00672d84215b3e21812aef3d6ac,e22e1ad3c1fc4493bcb7c9b923566ff7,ee7c00877ae64dac87123a3d75251530,66f4c650b7ca48f1bc27f9daff8d312a,452d645d5bf4485185e996dcec9523e5,189a3b686ad14c24b5e1a495f76dd239
102f600a8c1740ac8a06de1b28c5904e,268f8ec9f2734029a8e75857db56ccb3,5605fa1188974644937bbf92fec50e21,78d0265d47df4f4cb7153da919763730,174581fc299840e18e827432c0cce4dc,32aaca2a732f4272b237374d3cdeec90,22d9d5ad33e947fd857c5c4a8b7dfae1,c2b49382e2f34b1c90013236a5fbaef0,75efe5ddef364f49865d9bb283492b48,6dc5832f0ac04df2bd99c6415b3ecf09,b626eb67c2e14afeae2846bb150976f3
ae0903a7f3be40ce83442e458496fd29,30f654c6e69e48888f9f42dd95ab3c77,039f8e63b273472d8f1d99d9a5de5cf5,7d0190486da540718e4dc4ca4bd1f573,78d0265d47df4f4cb7153da919763730,105ad424733e4cffa7c474b51e3980aa,452d645d5bf4485185e996dcec9523e5,5a9a716f53364389864a4018d9e9c6c0,07958f43551e459eb30638b632e3cd64,5605fa1188974644937bbf92fec50e21,21019944fc2c4838a682a6dcdc62c4ef
f9be6242a66b4efabd439a28435cee95,7dd5e88dfdd24cafab2c765939757354,d87e5facd03b45f9829e8a1cd0fe0190,0568345606fa4a2c84ed4ea6c74639ee,78d0265d47df4f4cb7153da919763730,599feb1e512c43ad8c0a1845922acf78,df0c94234d9d4890b5b4b95c441b3e9a,6866efc8987a4ec8b04b7abd28fb5777,b585a2970e9f421da236241f603883f2,f5bcc6f48ed2447581b401d453039866,26869cc099c44c4a86f6043476ab4890
10ef6812f01b471a8e48fa8e99c81735,268f8ec9f2734029a8e75857db56ccb3,c2b49382e2f34b1c90013236a5fbaef0,5b588e34588940788a22036b775ecc2f,5a9a716f53364389864a4018d9e9c6c0,22d9d5ad33e947fd857c5c4a8b7dfae1,5605fa1188974644937bbf92fec50e21,32aaca2a732f4272b237374d3cdeec90,cc78a6c92dfe4af49c2bd93f15e4f870,31a2675a2e944a1ab3b810cfb92ebd34,75efe5ddef364f49865d9bb283492b48
fb5376db56af4ab4b8ea6d46d191ad26,225818abe99e45a0bf5b0b3ec30db76b,b9228fdb5f0c413d81cffb51829d95c6,df5ca61304074da1bec8f536ab50baf3,fadf133e0e684a24ac79b5fa9515bac2,75efe5ddef364f49865d9bb283492b48,c756409435634fc48c643a64e73c93ce,6f57d1175ad243edada61643d01fcd54,0bd1cce9370a461089e25393086800a8,cc243eebbb2b44a581745865a60c423a,32aaca2a732f4272b237374d3cdeec90
a0e60ab432b94ba291505c129ee405df,225818abe99e45a0bf5b0b3ec30db76b,b9228fdb5f0c413d81cffb51829d95c6,c756409435634fc48c643a64e73c93ce,df5ca61304074da1bec8f536ab50baf3,75efe5ddef364f49865d9bb283492b48,fadf133e0e684a24ac79b5fa9515bac2,36ee1613abf245cdbe93fef69b5f981f,32aaca2a732f4272b237374d3cdeec90,6f57d1175ad243edada61643d01fcd54,eafb3480db704d7baa8216ce857d1610
0d29840b4f2a46659bf734b51438e6ac,cc243eebbb2b44a581745865a60c423a,f439b5616ba24b7f82eccfa095a0eff8,1ad0cf33e96243888d5f970195a75586,75efe5ddef364f49865d9bb283492b48,8dfbb6a204a0441492c35baca6190969,1004b33e3126472faa78e1929ed974e6,e79ae27b52fa4d54aa37735fd275c66e,b77d8b7bb0114c379139d280a9210e83,225818abe99e45a0bf5b0b3ec30db76b,eafb3480db704d7baa8216ce857d1610
62865ed38c05470a8919d1070402fa6b,cc243eebbb2b44a581745865a60c423a,f439b5616ba24b7f82eccfa095a0eff8,1ad0cf33e96243888d5f970195a75586,75efe5ddef364f49865d9bb283492b48,8dfbb6a204a0441492c35baca6190969,e79ae27b52fa4d54aa37735fd275c66e,225818abe99e45a0bf5b0b3ec30db76b,32aaca2a732f4272b237374d3cdeec90,1004b33e3126472faa78e1929ed974e6,b77d8b7bb0114c379139d280a9210e83
09a6f25650ae474385eb70217f8c4843,01ffceddb5b34406a08bb982b424b3cf,30c71719aed84c07ae21d0eff0deed72,8889c114b071429cbe2418f5b0f2024b,2b3ecf8be2b242f3b8a1e714390749fb,57bcda73abab44ee930b20cdaee9d24b,c84deec0ecf843c39f52d4cb8e7300f8,e4e12f4711fd41e39075e26cc274df45,f4474150010f4021a4620372062f3797,d658e3a743af41899183fecff6b2628d,7359a1cc20d54f96aeea121d7247b88d
86e1bd5f53b148b9a9522847363630bf,01ffceddb5b34406a08bb982b424b3cf,30c71719aed84c07ae21d0eff0deed72,2b3ecf8be2b242f3b8a1e714390749fb,8889c114b071429cbe2418f5b0f2024b,57bcda73abab44ee930b20cdaee9d24b,c84deec0ecf843c39f52d4cb8e7300f8,f65c7f50929f431dbf31b441d87616d0,f4474150010f4021a4620372062f3797,7359a1cc20d54f96aeea121d7247b88d,e4e12f4711fd41e39075e26cc274df45
aa561064498b402993740579853c84fc,2b3ecf8be2b242f3b8a1e714390749fb,e4e12f4711fd41e39075e26cc274df45,01ffceddb5b34406a08bb982b424b3cf,d8b3ad3b5c4e474db41a671ab286424f,06a5f0cec6ce4170a02dad0ad4c55b1c,a5d5fb459a1844088e93ae557ab34afe,65e52d14d4d64d4fbad3de6ad319e745,f65c7f50929f431dbf31b441d87616d0,7359a1cc20d54f96aeea121d7247b88d,910827a15eac4e4b9005d8e46ad71f6e
de4bd1f38ae04b8da3f5f36bea97276d,e4e12f4711fd41e39075e26cc274df45,2b3ecf8be2b242f3b8a1e714390749fb,7359a1cc20d54f96aeea121d7247b88d,65e52d14d4d64d4fbad3de6ad319e745,d8b3ad3b5c4e474db41a671ab286424f,01ffceddb5b34406a08bb982b424b3cf,984058b7165d4c6385bec3c94afa9fb2,24c55bb5cd694770ba895c7401da2ba5,5d5baf5ce88b4b529e28ab9c7c114148,88353d1136d24836816b073de62e5f50
3dc160c26fc64d45a5f1e9756e6b1025,04fa591263664fb0a6868552ebd3590b,8b038cd0dafd45d8b1ce75177ca3a76b,1419b2c686f44896a0ae2a43e93b5402,19098957d8c24cab95daa30c2baefd8f,0eb119aabc884795a4768c6d3e677ea1,50a2129b83404b94889a01f4688ebafd,40a95697730046dcbb0d7ba1fe2109a6,e2e0c8c96aff4c00896ac6986bbb20c2,556743bab70d4b75bafcf192fef95b16,655a618282cd4fa39a26f0967c033f4b
f7cfc69b28204d1681a71216a3dafbff,0eb119aabc884795a4768c6d3e677ea1,1419b2c686f44896a0ae2a43e93b5402,50a2129b83404b94889a01f4688ebafd,04fa591263664fb0a6868552ebd3590b,8b038cd0dafd45d8b1ce75177ca3a76b,7bbe3c76bcc04d73969f920d43fcc67d,2f0401170d104b47b0a8f087f69dee88,ef511457ee7c490c8e10eccf6e18fef6,98fbdf945d0c4206a48a4f7260e56017,19098957d8c24cab95daa30c2baefd8f
7e5d9f74b6724f59ae0911894a898253,04fa591263664fb0a6868552ebd3590b,e2e0c8c96aff4c00896ac6986bbb20c2,0eb119aabc884795a4768c6d3e677ea1,db69f22fe72246ea85d33991961a649a,724a3f6551e74ad585bdeac9a75fd639,50a2129b83404b94889a01f4688ebafd,4e4495962a9b4864882397042f1a2b3e,eeb3b60f34af40de850e065b475d8180,40a95697730046dcbb0d7ba1fe2109a6,e88ce4cd350f43398a5c0ab8629cee72
966a64e7651f4b2499587effd1600e97,04fa591263664fb0a6868552ebd3590b,40a95697730046dcbb0d7ba1fe2109a6,0eb119aabc884795a4768c6d3e677ea1,8b038cd0dafd45d8b1ce75177ca3a76b,e2e0c8c96aff4c00896ac6986bbb20c2,d43b0f94627d45918e18a80be127aa2c,556743bab70d4b75bafcf192fef95b16,19098957d8c24cab95daa30c2baefd8f,50a2129b83404b94889a01f4688ebafd,724a3f6551e74ad585bdeac9a75fd639
296a868a499d46aa93fc77f8e589c254,7070715ef90743da8691dd4ad134eb0c,08ecf89bc10942a4bd894482f6fcdfa7,06b7dd1b701544ac80dd7ca54ed707cf,de1102228a324428989533278cd482f6,898eabaaa1a047e18aecbb1c5a8decbf,64d9091426f9461c97c98a5428856bcf,77d8e01a914d4f4a8b87d407e0d741aa,0e28ed072d6c444aa6f02e64955b44c6,0a2c24dead204be9ae36be358e1223f9,d5ecdd142b544edca1b16ee83a9cf908
7b04ec5b87214c25bd25268652df3829,9452a2f21f7d4feeb2605d9b6647fc13,06b7dd1b701544ac80dd7ca54ed707cf,d5ecdd142b544edca1b16ee83a9cf908,0a2c24dead204be9ae36be358e1223f9,08ecf89bc10942a4bd894482f6fcdfa7,77d8e01a914d4f4a8b87d407e0d741aa,7070715ef90743da8691dd4ad134eb0c,200f7fc78e4c403982f61b2894e50bad,d445ccdb4cda497e9f0343a3298022d2,898eabaaa1a047e18aecbb1c5a8decbf
a03259710e6344d1b817f8dc53d9384e,7070715ef90743da8691dd4ad134eb0c,06b7dd1b701544ac80dd7ca54ed707cf,08ecf89bc10942a4bd894482f6fcdfa7,de1102228a324428989533278cd482f6,898eabaaa1a047e18aecbb1c5a8decbf,77d8e01a914d4f4a8b87d407e0d741aa,64d9091426f9461c97c98a5428856bcf,0e28ed072d6c444aa6f02e64955b44c6,0a2c24dead204be9ae36be358e1223f9,d445ccdb4cda497e9f0343a3298022d2
0e271b22304c40fe9884c63ee1fe1668,9d09e3cd382c4d0ea0f6f50261e3e4c8,e511c40ca6324803b5021e47b4e777f8,b3209c60460a437294e2b30a9e9d3f53,98b2022b2cb84af09ee8b789db928b13,6c51b4f57ba0415f994756e944b11cee,643fbbdd6b764ba9904a4ee67a86b9fd,eff24b01b2f5428baa4c3fef6cb40d41,f37d285ad0de42f0b1546d0d1acfb221,b40d3c588ad647ff85e397a6bc5f9d8b,66690895454847fea5a000202fbfab2e
43fd128c97194d88bbfe7be91fbc67ed,9d09e3cd382c4d0ea0f6f50261e3e4c8,27a67d3e76814297aebf64e03d14c336,5be48a6bc26044f2a2e4e9b6a223c319,5cf392f15360460bae6a6b0182bb99b9,98b2022b2cb84af09ee8b789db928b13,69ac8397e9624bfd8aee237b9f9ea3b5,baf841bad27c456c9de7227555ea3ef8,c2a665cec90e46db8d2a74389beb4649,6c51b4f57ba0415f994756e944b11cee,8dfd98bb97584157b207e1f4be471a8e
8c3f25890eab46379974ac593d629515,6c51b4f57ba0415f994756e944b11cee,98b2022b2cb84af09ee8b789db928b13,eff24b01b2f5428baa4c3fef6cb40d41,3c0f3b44c0844df49b5898406fe9195a,66690895454847fea5a000202fbfab2e,afaf2edba0ee4d58860a5a04e4aabc5c,c4b9d7a8d5d342459d2282589b3af293,f37d285ad0de42f0b1546d0d1acfb221,e53dd6188816429ab915de6f9649a026,5e2f1a45f7174f1aa39a194179985876
1dfd4a798f224e88a6b4c2980cb31c82,6c51b4f57ba0415f994756e944b11cee,98b2022b2cb84af09ee8b789db928b13,afaf2edba0ee4d58860a5a04e4aabc5c,66690895454847fea5a000202fbfab2e,3c0f3b44c0844df49b5898406fe9195a,c4b9d7a8d5d342459d2282589b3af293,eff24b01b2f5428baa4c3fef6cb40d41,f37d285ad0de42f0b1546d0d1acfb221,e53dd6188816429ab915de6f9649a026,5760084aabef4d8095b2d21902151f64
9174a7587e5048ec86bec7afe80e268e,e4fcd30261804b089efa940359057ba2,6fc7a2cf0684475a82f6ff9be2c8e850,c588868fc3fd4e87a7cddf1ceb00b022,75801225047a4c019100660c13f1e0f1,9daaefe080b34656a0c7a54d2d6a1713,a35d7304347a4f81b1ccfb086956921c,d65e3a3657ae455e954b6d7221afc84c,632cc2bc04034dd4848855fe6497262d,4e7ee74be72a461fa02fa61bee62bdcc,ca0fe2dd97434e2ca7aecc38d4f1fcd9
bcfc6cd4aea34c78891a701698ccb953,e4fcd30261804b089efa940359057ba2,6fc7a2cf0684475a82f6ff9be2c8e850,c588868fc3fd4e87a7cddf1ceb00b022,563043f180e54e238ad4876974e5db4c,3e6a4b65a1004c08a6f3f570cf986c2f,a35d7304347a4f81b1ccfb086956921c,75801225047a4c019100660c13f1e0f1,d7c9dafddaf547159d366dacf7b68a7e,eee7f32249c5452ea36c8ed3a3540010,e6afe89ff7bc491193141c057083d8a8
2a551336cc794909b0a09c92faf75f50,189a3b686ad14c24b5e1a495f76dd239,d7c9dafddaf547159d366dacf7b68a7e,bdb0d45caa2a4943959f8f501e51132b,bc607fd6000b43108e49b3d05688fe90,c78547bdc2e64ac8935559f7de2efd41,e22e1ad3c1fc4493bcb7c9b923566ff7,f8856799293e49feab6368e794eb8b00,11e1e3cdfe214385a2c24d0f957dde9b,563043f180e54e238ad4876974e5db4c,632cc2bc04034dd4848855fe6497262d
23e5bf15809d4629abd7ff7c344b1ce0,b98519f97e424c1389f5553f0869b15a,1e376f9d0945477983c8d851e4b2cf5e,60e87368fe334a92b57088b03cccbfc1,41047823f2cb4194ba1e0709443c719a,2c3599a1611644f4908562f8fb8870d3,b8da01ceddcb45a491a288ddbc658e90,99a52c93a3304ec18dab9206f98f2a8b,ad42c467d0fe43dbb328073f9a16bc4d,f0084465b2e646c9a53d9dc766067d9b,595e438d2b394bb3a3259f47efd37ae8
f2a05ceedacf47b598b2cd3dbe003966,016e634d566b49c199d07357aae9bf33,0971af4212484a958eb0f60f93d1dfe0,67dd23cfd20f46dc82acc82c108a1dc6,03df72bcf3504272a27f4bbaea89118a,99dbf0cd0c6343ffbcf97f04efc4143c,b5f237fefb38465bb6a068c9cf75ba31,f6061b71031b4ddb9384f86c103690a4,23a16d69ffe848d593a4808907d8aa98,9c69642fab6749848e7ea7f5406a6da4,48240083d13148bd84ddee8c7f9fcd22
764c5cb76dcb4650b8b0a50cac981edc,b5f237fefb38465bb6a068c9cf75ba31,66690895454847fea5a000202fbfab2e,016e634d566b49c199d07357aae9bf33,3138244ae91040948d5bd6772e4075ea,b3209c60460a437294e2b30a9e9d3f53,dee9eddb2eac41bfaf36d3279d43674a,3cb231e1167e45f9bf5771a4e0074092,23a16d69ffe848d593a4808907d8aa98,5537ddec608a4ec586ea068fa27547ca,e3854d75221c4e38879a6106bb5c1941
c50ae9cd7ac5469daf32b2a1a1d81797,b5f237fefb38465bb6a068c9cf75ba31,bdb0d45caa2a4943959f8f501e51132b,66690895454847fea5a000202fbfab2e,016e634d566b49c199d07357aae9bf33,3138244ae91040948d5bd6772e4075ea,3cb231e1167e45f9bf5771a4e0074092,4926607aafe749538c930e108275547e,b90d74e80c37486eaee89b6fbab13671,e3854d75221c4e38879a6106bb5c1941,5537ddec608a4ec586ea068fa27547ca
e9801f8810654cacbcd517b25b89767b,016e634d566b49c199d07357aae9bf33,0971af4212484a958eb0f60f93d1dfe0,03df72bcf3504272a27f4bbaea89118a,b5f237fefb38465bb6a068c9cf75ba31,23a16d69ffe848d593a4808907d8aa98,99dbf0cd0c6343ffbcf97f04efc4143c,67dd23cfd20f46dc82acc82c108a1dc6,f6061b71031b4ddb9384f86c103690a4,9c69642fab6749848e7ea7f5406a6da4,f5b766ea6abe4b5fb27d49cc3bc06020
f3c68b7ff0f344569399a04bbff5d1da,384f94503bcd4f4c863056ad69f45b43,40a95697730046dcbb0d7ba1fe2109a6,384b14b18c3c43b1a4dc1aa2f661e076,50a2129b83404b94889a01f4688ebafd,556743bab70d4b75bafcf192fef95b16,25afb6f7e9314af09008644bca5955b9,14f4db886cca4104877ac7d1d7a64133,e88ce4cd350f43398a5c0ab8629cee72,04fa591263664fb0a6868552ebd3590b,e96fae6d607246b18b8494aabe521036
ab0c7be344d7444bb59fb3b065a71c88,384f94503bcd4f4c863056ad69f45b43,40a95697730046dcbb0d7ba1fe2109a6,556743bab70d4b75bafcf192fef95b16,384b14b18c3c43b1a4dc1aa2f661e076,50a2129b83404b94889a01f4688ebafd,25afb6f7e9314af09008644bca5955b9,04fa591263664fb0a6868552ebd3590b,14f4db886cca4104877ac7d1d7a64133,e88ce4cd350f43398a5c0ab8629cee72,8b038cd0dafd45d8b1ce75177ca3a76b
b136a0d13d7e431a94e54f2a085d5f52,384b14b18c3c43b1a4dc1aa2f661e076,384f94503bcd4f4c863056ad69f45b43,6400e3f6a14c492ba399bd414faca075,98fbdf945d0c4206a48a4f7260e56017,7fe9e665bf41491c9788941aa2894a10,e96fae6d607246b18b8494aabe521036,b64cef9df31c4e92a7b7ecd42f74f396,ca544e6629b14e8fab5f7cb40d1ac88e,65e52d14d4d64d4fbad3de6ad319e745,530b37164090408dbab4e6da51111b8a
210a3e79a4a149179749cd7a5b127f63,384b14b18c3c43b1a4dc1aa2f661e076,384f94503bcd4f4c863056ad69f45b43,e96fae6d607246b18b8494aabe521036,02a3cd76ce534d188b4d5ac4778bd652,6400e3f6a14c492ba399bd414faca075,29088685e31a4d86b60b514e98117361,43464ed6733f4642a0b90e7d995a5e40,7e17bbd109dc486c8f0a76f913782180,65e52d14d4d64d4fbad3de6ad319e745,d25e6f2fc8154dd7816f8f7a41bee12b
2071beae14fe435b9e3943e22e8b430b,f6207eb593394ff78e2cb35057477422,ef8c056ecb524439a48c881089537951,3c72832689d8406996e80893b719b974,94ed54abfdc74b04b0dcb19c278e66f4,7359a1cc20d54f96aeea121d7247b88d,39a08a87897f47d3bdbbdc5ed8c9cd7f,8746ae2ca7514699b629b4d9b5fe95a7,b277101390e1465685ef79bf3519f8d7,35c5a560ecdc4d6a9d20f057ed1fa0e6,dd77b570036f40de9fdf49011bb9e2d8
40eb15fd325c48bea6a7988ce40cc33b,f6207eb593394ff78e2cb35057477422,ef8c056ecb524439a48c881089537951,3c72832689d8406996e80893b719b974,94ed54abfdc74b04b0dcb19c278e66f4,39a08a87897f47d3bdbbdc5ed8c9cd7f,7359a1cc20d54f96aeea121d7247b88d,8746ae2ca7514699b629b4d9b5fe95a7,dd77b570036f40de9fdf49011bb9e2d8,b277101390e1465685ef79bf3519f8d7,c713a0ca69864ee7b240069c98dc44dc
7be90785152d4e01b53aa4b1f3c74097,ef8c056ecb524439a48c881089537951,f6207eb593394ff78e2cb35057477422,65e30dd62cfa4dccb9ea4d908a9d6fab,7ef653f7e5f64e1b8bba73b9518b87b7,3766b26b53874893ae48693880e1942c,57bcda73abab44ee930b20cdaee9d24b,e7ee85dd47ca43eeb2fdcd70b802f0ec,8746ae2ca7514699b629b4d9b5fe95a7,3aa003c1e31b476e999c3a808a1d5dc6,59f62d35b1ad451397b700b3dad25448
61e3c16563b44edb85bee0caf5de33b0,ef8c056ecb524439a48c881089537951,f6207eb593394ff78e2cb35057477422,8746ae2ca7514699b629b4d9b5fe95a7,7ef653f7e5f64e1b8bba73b9518b87b7,65e30dd62cfa4dccb9ea4d908a9d6fab,3766b26b53874893ae48693880e1942c,a0408a6462b24cf18e50a8616359d5ad,3aa003c1e31b476e999c3a808a1d5dc6,24c55bb5cd694770ba895c7401da2ba5,e7ee85dd47ca43eeb2fdcd70b802f0ec
79dc8e29d2a747c793ab1fe11ba6045b,43464ed6733f4642a0b90e7d995a5e40,1f3cf50fe1f947d8a56e02ebca441c4c,00fb3a55134242769182c520d55681a2,f5a9583711fc4ff4a46e85c24886b234,6b4676aba2a746b3ab778315afc8ee82,b00b2395b49949508fade89bb3eac98b,e2769c67dadd4c988f7ccf249a998a56,73f684f538ea452cbb4fbecc2e8126a4,8a464aa9e2ee45d0abc7ae6181cd1bda,b425f33c33ad4be89a12da266d131a86
dfc436b508974e349cbf602bb7fe9b7a,00fb3a55134242769182c520d55681a2,1f3cf50fe1f947d8a56e02ebca441c4c,d756970269e9443fb9bbf645a96aa84e,6732de8994744decbb3306c74aaa7882,e2769c67dadd4c988f7ccf249a998a56,43464ed6733f4642a0b90e7d995a5e40,cb32ec9a538a4c0f8462771946ced93b,8a464aa9e2ee45d0abc7ae6181cd1bda,b425f33c33ad4be89a12da266d131a86,3aaea7fa41fd43cdb88f8ef59062c5df
dcd99427d6e64ebcb3af1982854aa02c,00fb3a55134242769182c520d55681a2,1f3cf50fe1f947d8a56e02ebca441c4c,8dfbb6a204a0441492c35baca6190969,d756970269e9443fb9bbf645a96aa84e,a70909d3ce0d4235913b5ce6a138dcce,cb32ec9a538a4c0f8462771946ced93b,bb84a4cf60c84a8d8e23276b1863d293,e2769c67dadd4c988f7ccf249a998a56,25109e3a7df549e5b380aae716d71366,f5a9583711fc4ff4a46e85c24886b234
c59bf6abbde846999988749ad22b52d3,43464ed6733f4642a0b90e7d995a5e40,1f3cf50fe1f947d8a56e02ebca441c4c,6b4676aba2a746b3ab778315afc8ee82,29088685e31a4d86b60b514e98117361,02a3cd76ce534d188b4d5ac4778bd652,9fd4c00672d84215b3e21812aef3d6ac,e2769c67dadd4c988f7ccf249a998a56,384b14b18c3c43b1a4dc1aa2f661e076,00fb3a55134242769182c520d55681a2,ec4820b018a04967a457a9c032a51dc6
a386f6b172a740989c390780b3b856d5,6732de8994744decbb3306c74aaa7882,3e4a54908dde405294869e30a92a7623,bb84a4cf60c84a8d8e23276b1863d293,4c293487c809486585d65ed10b2cb1e4,ee89670285c74e27aa174dadf39fbca7,88353d1136d24836816b073de62e5f50,44f41e6e6faa4facb0bb9a72205229f8,f32f4607b4714e378831f924c5e6084d,4a6eba10a02a4ecdbb6b25e8651c3789,249c2d8d8d2345c6990b3c4d94385b5a
ad563855246b46adaf5fdeecbfdc081b,3e4a54908dde405294869e30a92a7623,6732de8994744decbb3306c74aaa7882,f32f4607b4714e378831f924c5e6084d,44f41e6e6faa4facb0bb9a72205229f8,4c293487c809486585d65ed10b2cb1e4,19098957d8c24cab95daa30c2baefd8f,c3502ff31ce6459a96164c934f297562,88353d1136d24836816b073de62e5f50,da9cfbdf124143b78bec89393dd5287a,6b4676aba2a746b3ab778315afc8ee82
0485db5bb76a491782e78c6e98f4c913,514537782f6549c488a1b932939b4128,636c21e19a5845e1b8d69a5fca928030,2639b6540bda414f8a9baa3b5cdb612a,0f52f676197e4d4e92dec0a7bc4c4f7d,092cb872c8724c7681c50da9c6cfa252,c84deec0ecf843c39f52d4cb8e7300f8,d25e6f2fc8154dd7816f8f7a41bee12b,f5bcc6f48ed2447581b401d453039866,70aa10580bfe4069bdaa5721ae2d29db,bbdf9065122d499d9d8f80ad3e0ef6f3
38535cc9165a4684af9a3ee208dccb9a,b2992fe473124dd0b895cf81f59f6db6,36ac84a73ad34261ad45cf569edb60af,e8f18e4bdf054390a1768978dca8e430,63ba014f9cc747ac87013da6be0ceab9,ad42c467d0fe43dbb328073f9a16bc4d,7ec1584e9a5b49eab9ef249143d9bb86,ab57f83304bc4005998bbd6bc063fb4f,9daaefe080b34656a0c7a54d2d6a1713,bf789f42ccfc42c5a330a3f6e30ddb83,ec07b4e88bea4086a5eafed96d81edb5
7812e64c9f5a45dea8c59e366c0a1b2c,67dd23cfd20f46dc82acc82c108a1dc6,42b6af4853fc465f83ec054f8f8289a4,0971af4212484a958eb0f60f93d1dfe0,f5b766ea6abe4b5fb27d49cc3bc06020,016e634d566b49c199d07357aae9bf33,7862a63720b34104abf5bfa44bc8178d,0ecfdd96e0054841883acba75e83b232,baf841bad27c456c9de7227555ea3ef8,99dbf0cd0c6343ffbcf97f04efc4143c,66690895454847fea5a000202fbfab2e
e0cdf7eb868e4cf28007a946c4dcedcd,36ac84a73ad34261ad45cf569edb60af,b2992fe473124dd0b895cf81f59f6db6,3c0f3b44c0844df49b5898406fe9195a,5f481b07f9734f518a14853831233b78,9dd98c9126c44642a20711729f2e731e,e8f18e4bdf054390a1768978dca8e430,0092d1d820c64646b8bee9fd14f77acf,99a52c93a3304ec18dab9206f98f2a8b,77cecb221149474896d9b2eb848bf150,ec07b4e88bea4086a5eafed96d81edb5
966272e605644a9783d154f8e2038dbb,36ac84a73ad34261ad45cf569edb60af,b2992fe473124dd0b895cf81f59f6db6,3c0f3b44c0844df49b5898406fe9195a,77cecb221149474896d9b2eb848bf150,ed4449952a9e45339b76fc5f123cb917,c84deec0ecf843c39f52d4cb8e7300f8,7ec1584e9a5b49eab9ef249143d9bb86,99a52c93a3304ec18dab9206f98f2a8b,0c9c05f86aa042abbdd66d2b2d05d374,e7aaa514f6f64a258a640ea341aa1a18
9fd9ddafbc6c43a9982d0ef0dcbca940,b2992fe473124dd0b895cf81f59f6db6,36ac84a73ad34261ad45cf569edb60af,e8f18e4bdf054390a1768978dca8e430,ab57f83304bc4005998bbd6bc063fb4f,63ba014f9cc747ac87013da6be0ceab9,bf789f42ccfc42c5a330a3f6e30ddb83,8b4e9e3d234e4eec99a7651e246bbfa3,ad42c467d0fe43dbb328073f9a16bc4d,9daaefe080b34656a0c7a54d2d6a1713,2ea3b46262e649f79900258cd90cce31
4aa3ef7644b6471b805cdbce95bcc6b8,6866efc8987a4ec8b04b7abd28fb5777,ccb62901750b4d13a922fc161b607f83,797cc520b8c94d9bbef187818ab51647,b585a2970e9f421da236241f603883f2,3d3e8565d2f84e0cad5ae622f2909765,e7ee85dd47ca43eeb2fdcd70b802f0ec,bbdf9065122d499d9d8f80ad3e0ef6f3,27a0d24dc1e14b28a1f18456b29c93f1,87fc1d6a57ea488786caaec8599c3b8b,26869cc099c44c4a86f6043476ab4890
d19e7fd5a62e4d28bb80ac4eddf34d1c,ccb62901750b4d13a922fc161b607f83,6866efc8987a4ec8b04b7abd28fb5777,797cc520b8c94d9bbef187818ab51647,b585a2970e9f421da236241f603883f2,39e2b00e1cbd471488cf56f31d2cec7f,3d3e8565d2f84e0cad5ae622f2909765,44f41e6e6faa4facb0bb9a72205229f8,e8927e14983a43da900edd926dd35adb,e12ad1ce8e7940a999b9a4f91a95fab7,87fc1d6a57ea488786caaec8599c3b8b
26da5929257a4a70997444abb7ed9998,ccb62901750b4d13a922fc161b607f83,6866efc8987a4ec8b04b7abd28fb5777,797cc520b8c94d9bbef187818ab51647,b585a2970e9f421da236241f603883f2,27a0d24dc1e14b28a1f18456b29c93f1,87fc1d6a57ea488786caaec8599c3b8b,e12ad1ce8e7940a999b9a4f91a95fab7,b2bcb4d9456c4763a0159ffd1f3660bb,44f41e6e6faa4facb0bb9a72205229f8,e7ee85dd47ca43eeb2fdcd70b802f0ec
9538feefe1d84c03874b872ae3f48947,6866efc8987a4ec8b04b7abd28fb5777,ccb62901750b4d13a922fc161b607f83,797cc520b8c94d9bbef187818ab51647,b585a2970e9f421da236241f603883f2,530b37164090408dbab4e6da51111b8a,d695b7afdc3841a28a56df578e56afce,7dd5e88dfdd24cafab2c765939757354,e12ad1ce8e7940a999b9a4f91a95fab7,d87e5facd03b45f9829e8a1cd0fe0190,26869cc099c44c4a86f6043476ab4890
03b02260fc474ab29d5d6a1398847a2a,4285b02dc9164cb9bae36b0566bb42f0,9a500a20b1ff4694acc31339a8d1349e,e59dba65749140f4a1bdaf2695de2fc6,b6da55bea1244cf0a753b258420946b2,68aefc97056440af874039a28497cf98,00614d60b3544ba790dfd23dd53992e0,b7f5c165ea2242709a2fb71f3a3f1bcb,f532294d68604bc2aa9ad8804a8c6d5f,7f0b453cc8c14156802497f5cbae9d62,4230775a9d51448396cacb9061f0e5f9
f19622c340af46aabec5a3eebfea35fa,9a500a20b1ff4694acc31339a8d1349e,4285b02dc9164cb9bae36b0566bb42f0,00614d60b3544ba790dfd23dd53992e0,f532294d68604bc2aa9ad8804a8c6d5f,e59dba65749140f4a1bdaf2695de2fc6,b6da55bea1244cf0a753b258420946b2,b7f5c165ea2242709a2fb71f3a3f1bcb,68aefc97056440af874039a28497cf98,93bf0b86be094f68a9d308ca5ecfb4e3,7f0b453cc8c14156802497f5cbae9d62
b2c57f611c954c84ad5bc681d1798dee,4285b02dc9164cb9bae36b0566bb42f0,9a500a20b1ff4694acc31339a8d1349e,e59dba65749140f4a1bdaf2695de2fc6,68aefc97056440af874039a28497cf98,b6da55bea1244cf0a753b258420946b2,00614d60b3544ba790dfd23dd53992e0,b7f5c165ea2242709a2fb71f3a3f1bcb,f532294d68604bc2aa9ad8804a8c6d5f,e06d08ff594a4acbac12edf579743fcf,7f0b453cc8c14156802497f5cbae9d62
98e31f0110bd4082b8a9c780c4658d5b,f439b5616ba24b7f82eccfa095a0eff8,cc243eebbb2b44a581745865a60c423a,75efe5ddef364f49865d9bb283492b48,225818abe99e45a0bf5b0b3ec30db76b,36ee1613abf245cdbe93fef69b5f981f,ef60b54aa4b5490890da32d0bb8c9cbf,e79ae27b52fa4d54aa37735fd275c66e,fadf133e0e684a24ac79b5fa9515bac2,b77d8b7bb0114c379139d280a9210e83,1004b33e3126472faa78e1929ed974e6
ba97c80ce0a5461d938b43cfdc812679,f439b5616ba24b7f82eccfa095a0eff8,cc243eebbb2b44a581745865a60c423a,75efe5ddef364f49865d9bb283492b48,1ad0cf33e96243888d5f970195a75586,fadf133e0e684a24ac79b5fa9515bac2,e79ae27b52fa4d54aa37735fd275c66e,225818abe99e45a0bf5b0b3ec30db76b,36ee1613abf245cdbe93fef69b5f981f,32aaca2a732f4272b237374d3cdeec90,ef60b54aa4b5490890da32d0bb8c9cbf
eef39c9128b1421cb4e7b9c83fee0c82,df5ca61304074da1bec8f536ab50baf3,b9228fdb5f0c413d81cffb51829d95c6,eafb3480db704d7baa8216ce857d1610,4a6eba10a02a4ecdbb6b25e8651c3789,225818abe99e45a0bf5b0b3ec30db76b,fadf133e0e684a24ac79b5fa9515bac2,c756409435634fc48c643a64e73c93ce,6f57d1175ad243edada61643d01fcd54,7ec1584e9a5b49eab9ef249143d9bb86,25109e3a7df549e5b380aae716d71366
8a738e1a32764f6aa0c264a4a08e2942,df5ca61304074da1bec8f536ab50baf3,b9228fdb5f0c413d81cffb51829d95c6,eafb3480db704d7baa8216ce857d1610,225818abe99e45a0bf5b0b3ec30db76b,4a6eba10a02a4ecdbb6b25e8651c3789,fadf133e0e684a24ac79b5fa9515bac2,c756409435634fc48c643a64e73c93ce,6f57d1175ad243edada61643d01fcd54,7ec1584e9a5b49eab9ef249143d9bb86,2c65a898314b42e6b2e93dca66fd15c2
173559035aac478591718da5062ea4e7,5e2f1a45f7174f1aa39a194179985876,bf789f42ccfc42c5a330a3f6e30ddb83,ab57f83304bc4005998bbd6bc063fb4f,e1c63000ace94c1d9381d82389fe6afd,e53dd6188816429ab915de6f9649a026,37ae696e40dd42ebb4738722daa3c523,43ee0103cba54b4e9d165717735ca0f6,d361a9e414fb41c1a605200d9cbba496,e834bfbd30b247e899f0dc029ab9f072,31cf7db26a3249c5a6205b005662ddcf
6fb705d0d2f04e52b810c48e7fc82a2e,5e2f1a45f7174f1aa39a194179985876,ab57f83304bc4005998bbd6bc063fb4f,bf789f42ccfc42c5a330a3f6e30ddb83,e1c63000ace94c1d9381d82389fe6afd,64fc9fe3c8d5424ebc005e5cf4a608db,43ee0103cba54b4e9d165717735ca0f6,31cf7db26a3249c5a6205b005662ddcf,e53dd6188816429ab915de6f9649a026,d361a9e414fb41c1a605200d9cbba496,2b039224b54142d185a406b31fe01de2
709e314fe2f6437097221a6c9ab0dc69,c74557a980e2428a9ffcc245278df692,e429a2e164a24919a12edcc8d4ea8f09,570f08ce2a1a47978eab16bf7ad16a68,66690895454847fea5a000202fbfab2e,0ecfdd96e0054841883acba75e83b232,afaf2edba0ee4d58860a5a04e4aabc5c,2e7836ee5e5144f5b63e6629b969a362,04537eabb0434eb2804d1220770b85a0,3c0f3b44c0844df49b5898406fe9195a,98b2022b2cb84af09ee8b789db928b13
f23420a6638046f4b1536f73bc2e0cb6,c74557a980e2428a9ffcc245278df692,e429a2e164a24919a12edcc8d4ea8f09,98b2022b2cb84af09ee8b789db928b13,c4b9d7a8d5d342459d2282589b3af293,f5d09519cf7647f8a107cd8fadd322e5,64fc9fe3c8d5424ebc005e5cf4a608db,119a6d7b4af3458b951fc1c5ab5e1738,701ac1447f5a414e81156a56c3593a31,f65c7f50929f431dbf31b441d87616d0,63ba014f9cc747ac87013da6be0ceab9
1d83fbe02659440394a32de73b6c18a3,e9428816b054499298745b742f128f65,d60986f4025d443ea58adba0e3d224a1,18ab15fbf00f42f7a410ec75f7592bea,5c8a8b7a59c54b9aa7b7136fd91b5869,be42a43f5186434db4f2815f768a9991,1c2b01416e3943e3b3c575e53c3f1d16,25afb6f7e9314af09008644bca5955b9,da88fa5efc674368b593444ca950dff9,9500823cb050427696343b1ea5cf8881,00e9d4081c2f45d1a818bfeab099863a
3cf470f9d76e42a68e48c748b6c793fb,d60986f4025d443ea58adba0e3d224a1,e9428816b054499298745b742f128f65,18ab15fbf00f42f7a410ec75f7592bea,5c8a8b7a59c54b9aa7b7136fd91b5869,be42a43f5186434db4f2815f768a9991,1c2b01416e3943e3b3c575e53c3f1d16,00e9d4081c2f45d1a818bfeab099863a,9500823cb050427696343b1ea5cf8881,7c061d36393540b49e20d98086bdb5bd,25afb6f7e9314af09008644bca5955b9
168e52d4211e47f9b447e33469c72127,d60986f4025d443ea58adba0e3d224a1,e9428816b054499298745b742f128f65,18ab15fbf00f42f7a410ec75f7592bea,5c8a8b7a59c54b9aa7b7136fd91b5869,be42a43f5186434db4f2815f768a9991,1c2b01416e3943e3b3c575e53c3f1d16,00e9d4081c2f45d1a818bfeab099863a,7c061d36393540b49e20d98086bdb5bd,9500823cb050427696343b1ea5cf8881,25afb6f7e9314af09008644bca5955b9
2cff6320a7ec4c2aafba5c1e3318ddee,d2bcc978e7aa49908919d9fc40138b27,910827a15eac4e4b9005d8e46ad71f6e,d8b3ad3b5c4e474db41a671ab286424f,f4474150010f4021a4620372062f3797,452d645d5bf4485185e996dcec9523e5,f65c7f50929f431dbf31b441d87616d0,8228c9eb29a542ba98c8b9b854eadaa4,1419b2c686f44896a0ae2a43e93b5402,655a618282cd4fa39a26f0967c033f4b,2b3ecf8be2b242f3b8a1e714390749fb
abadadc5b9f748f59edd8d3abb4d3a01,d2bcc978e7aa49908919d9fc40138b27,d8b3ad3b5c4e474db41a671ab286424f,910827a15eac4e4b9005d8e46ad71f6e,1419b2c686f44896a0ae2a43e93b5402,452d645d5bf4485185e996dcec9523e5,655a618282cd4fa39a26f0967c033f4b,7359a1cc20d54f96aeea121d7247b88d,8228c9eb29a542ba98c8b9b854eadaa4,7879fa4d4db046a2a8d195311b6e5789,f4474150010f4021a4620372062f3797
2ea6bb0d68e4468e86828a584e75bb42,99830b8da7c24f909914f7bb167f3ea6,eff24b01b2f5428baa4c3fef6cb40d41,6dc5832f0ac04df2bd99c6415b3ecf09,bc13c2b0221744a29a8ddf56aa015df9,1aef014473b84ef9a0f799114fe516c9,1393dac7d34b4c34b1a8091a5bea3663,250d411ae270441085be3501b7b55d86,d53fa54d5536463ab0d87648dfc5fd78,3138244ae91040948d5bd6772e4075ea,c78547bdc2e64ac8935559f7de2efd41
983d22fb5ca14e8a9d33f205427d4934,511fe9c8b20b4fda94969745238c9474,c3f66637872c4141ab3898296739457d,baf841bad27c456c9de7227555ea3ef8,5760084aabef4d8095b2d21902151f64,a64f6232ee1e4357937008a327a63cf4,66690895454847fea5a000202fbfab2e,d476be2399b7424a88d242b771c32041,3c0f3b44c0844df49b5898406fe9195a,1aaf8edc37ea412b85e3d1b5c5317051,bc13c2b0221744a29a8ddf56aa015df9
c601d5a9e45b400ab8ffe8a62cc6dd5b,99830b8da7c24f909914f7bb167f3ea6,eff24b01b2f5428baa4c3fef6cb40d41,e834bfbd30b247e899f0dc029ab9f072,3c0f3b44c0844df49b5898406fe9195a,6dc5832f0ac04df2bd99c6415b3ecf09,bc13c2b0221744a29a8ddf56aa015df9,ad054da7e1704a53931a341173f0605f,8228c9eb29a542ba98c8b9b854eadaa4,250d411ae270441085be3501b7b55d86,04537eabb0434eb2804d1220770b85a0
af9775f02cb64e7a89d41bfd3138d87c,511fe9c8b20b4fda94969745238c9474,c3f66637872c4141ab3898296739457d,44156e6482884acaaee1938e04d8b6ff,b44645c11ece4326a45f50fdc5d45dcf,45f4192f485a49d9a75219ae4d0c41ee,563043f180e54e238ad4876974e5db4c,eee7f32249c5452ea36c8ed3a3540010,e4ee90d625d44a6d9adc138390eef0f8,8228c9eb29a542ba98c8b9b854eadaa4,bc607fd6000b43108e49b3d05688fe90
6e03c908e766447c8bca6c98861b5a60,5363ae1c905d4879a63259de4954702e,6c79712e67b54dd0a11d426a91207939,295d0d40791245ff838c73a2aa27d065,33b5e2ae5ebe4f548bac3a00ab0a59eb,f464960d2dbc43c0970c60600bd7f1cd,e2e0c8c96aff4c00896ac6986bbb20c2,26b18153216b48d793b75598ddb54d77,35c5a560ecdc4d6a9d20f057ed1fa0e6,0f52f676197e4d4e92dec0a7bc4c4f7d,b702b2b61ce048c6bf5af3c4dca18b1a
44483008955a408db228e36e7af53fdc,295d0d40791245ff838c73a2aa27d065,5363ae1c905d4879a63259de4954702e,6c79712e67b54dd0a11d426a91207939,33b5e2ae5ebe4f548bac3a00ab0a59eb,35c5a560ecdc4d6a9d20f057ed1fa0e6,3aa003c1e31b476e999c3a808a1d5dc6,0accd1d0138b49049d437c0d9b1c23c3,bbdf9065122d499d9d8f80ad3e0ef6f3,65e30dd62cfa4dccb9ea4d908a9d6fab,2471f23cb9b64d35a72deed09c9c8975
42507e0cf2f146b4a2773c26d941610d,295d0d40791245ff838c73a2aa27d065,6c79712e67b54dd0a11d426a91207939,5363ae1c905d4879a63259de4954702e,33b5e2ae5ebe4f548bac3a00ab0a59eb,a94cb58f1ca8456b96e39b5b1ebfb7ea,521004289ebc4e6da6623381d40a5e73,35c5a560ecdc4d6a9d20f057ed1fa0e6,2fcf4a04d3654ffb9a5c1dfa3799e4f0,0f52f676197e4d4e92dec0a7bc4c4f7d,30c71719aed84c07ae21d0eff0deed72
fdd87abf600a4abaa1d0210384b5076f,5363ae1c905d4879a63259de4954702e,6c79712e67b54dd0a11d426a91207939,295d0d40791245ff838c73a2aa27d065,33b5e2ae5ebe4f548bac3a00ab0a59eb,f464960d2dbc43c0970c60600bd7f1cd,e2e0c8c96aff4c00896ac6986bbb20c2,0f52f676197e4d4e92dec0a7bc4c4f7d,4e4495962a9b4864882397042f1a2b3e,2fcf4a04d3654ffb9a5c1dfa3799e4f0,35c5a560ecdc4d6a9d20f057ed1fa0e6
bd2ab791b5d947aebc36dd63a25b782d,f65b6fb5b40a49d1896de7a115469d40,b6c493a3666c4db193e86c79faf099ab,cb32ec9a538a4c0f8462771946ced93b,6252aa87531748e5bac5f6c65fc87e14,a70909d3ce0d4235913b5ce6a138dcce,b425f33c33ad4be89a12da266d131a86,7f0a68d19d2e4850846ffc08c47ed87d,243dbbcdc67c42bfa6f32c47477adf6d,1f9cd7f2b7a14e2f8d490a104a56edcd,8c674a7b65e24114a45dd3c861a7ccfc
f97b6d6044f64e668c6bfa4856de6e2e,f65b6fb5b40a49d1896de7a115469d40,b6c493a3666c4db193e86c79faf099ab,6252aa87531748e5bac5f6c65fc87e14,cb32ec9a538a4c0f8462771946ced93b,a70909d3ce0d4235913b5ce6a138dcce,b425f33c33ad4be89a12da266d131a86,243dbbcdc67c42bfa6f32c47477adf6d,7f0a68d19d2e4850846ffc08c47ed87d,4254f6eaaed746bea797c3522036fc12,ef60b54aa4b5490890da32d0bb8c9cbf
dbdb837b049042bcb0b995828a1463d5,a70909d3ce0d4235913b5ce6a138dcce,cb32ec9a538a4c0f8462771946ced93b,c24e3823376b436c8eb46eaeebbc7718,b425f33c33ad4be89a12da266d131a86,da9cfbdf124143b78bec89393dd5287a,d9ac372330a4446886fa19bac0d19877,2c82919b038847fabbf5d13ca5ac55a7,f59a3ee5387440d981754b6595e8664c,73f684f538ea452cbb4fbecc2e8126a4,2c65a898314b42e6b2e93dca66fd15c2
e4e8bbb77d39441f89e7899ac799567c,a70909d3ce0d4235913b5ce6a138dcce,cb32ec9a538a4c0f8462771946ced93b,b425f33c33ad4be89a12da266d131a86,da9cfbdf124143b78bec89393dd5287a,c24e3823376b436c8eb46eaeebbc7718,f59a3ee5387440d981754b6595e8664c,d9ac372330a4446886fa19bac0d19877,2c65a898314b42e6b2e93dca66fd15c2,eb21a4e2b7bd43efbdf0c365415e7fef,73f684f538ea452cbb4fbecc2e8126a4
884628be75bf4632adba41416b2dcb2d,b6c493a3666c4db193e86c79faf099ab,f65b6fb5b40a49d1896de7a115469d40,4254f6eaaed746bea797c3522036fc12,1e376f9d0945477983c8d851e4b2cf5e,af532d6e5090478ba520505d5f9107f2,f31e9fdffaa642ed98e91b07a30f3a8c,2d812431f07c44f1a56a71c72766e0b0,7e17bbd109dc486c8f0a76f913782180,b00b2395b49949508fade89bb3eac98b,434551fdf9e443ed91679a9557ae6fd5
736b602483e04289bedcbe5e6082e394,b44645c11ece4326a45f50fdc5d45dcf,d476be2399b7424a88d242b771c32041,ad42c467d0fe43dbb328073f9a16bc4d,189a3b686ad14c24b5e1a495f76dd239,45f4192f485a49d9a75219ae4d0c41ee,f676e16c6a134bd5a7bbeee4590adcfe,772cb9726861451d9972604da6f65c55,563043f180e54e238ad4876974e5db4c,3e4a54908dde405294869e30a92a7623,4e7ee74be72a461fa02fa61bee62bdcc
46dfeacada264da795ae8f40feca0462,84ff5144597241bba5cbd3d0b21d220d,b585a2970e9f421da236241f603883f2,da88fa5efc674368b593444ca950dff9,85d4175b563d48e5bc6a991b23662f24,39e2b00e1cbd471488cf56f31d2cec7f,3d3e8565d2f84e0cad5ae622f2909765,27a0d24dc1e14b28a1f18456b29c93f1,8fdee0611965465eb45387b8c39f4136,ef8c056ecb524439a48c881089537951,bbdf9065122d499d9d8f80ad3e0ef6f3
398185f5bc8c44629ec6d92103b2a26e,b52468fc0af2435f9ba91939f72bbf6a,ad42c467d0fe43dbb328073f9a16bc4d,9daaefe080b34656a0c7a54d2d6a1713,d65e3a3657ae455e954b6d7221afc84c,a0b4d283f12a407286dbeaa3a4d128a5,2c3599a1611644f4908562f8fb8870d3,e4fcd30261804b089efa940359057ba2,c588868fc3fd4e87a7cddf1ceb00b022,4e7ee74be72a461fa02fa61bee62bdcc,99a52c93a3304ec18dab9206f98f2a8b
7881cf6f764e4853ab524e92060b86db,b585a2970e9f421da236241f603883f2,6866efc8987a4ec8b04b7abd28fb5777,7dd5e88dfdd24cafab2c765939757354,8fdee0611965465eb45387b8c39f4136,ccb62901750b4d13a922fc161b607f83,39e2b00e1cbd471488cf56f31d2cec7f,84ff5144597241bba5cbd3d0b21d220d,e12ad1ce8e7940a999b9a4f91a95fab7,0568345606fa4a2c84ed4ea6c74639ee,ef8c056ecb524439a48c881089537951
b5a0c3ca548c404e8f6ce3bddb0642d8,eeca68825e2a4bbdaa5ae962998fc33b,5cfb876eeb4f410aa1282cc279f0e546,521004289ebc4e6da6623381d40a5e73,7aceed0dbea645b091207f4a53d879f2,530b37164090408dbab4e6da51111b8a,1099cb6f4fac4eb8a1fb6db50e18296b,b585a2970e9f421da236241f603883f2,8fca2e4873e946f7a788af2b846cebd7,f69855cdf66d4f6887ecfd0ddb9014b5,84581d81d46d44bc99ffb8f871646a7a
16b427f91adb47be8f9ef97448bf84da,b585a2970e9f421da236241f603883f2,84ff5144597241bba5cbd3d0b21d220d,6866efc8987a4ec8b04b7abd28fb5777,eeca68825e2a4bbdaa5ae962998fc33b,ccb62901750b4d13a922fc161b607f83,797cc520b8c94d9bbef187818ab51647,8fdee0611965465eb45387b8c39f4136,ef8c056ecb524439a48c881089537951,65e30dd62cfa4dccb9ea4d908a9d6fab,7dd5e88dfdd24cafab2c765939757354
a9f8715606d84f499a84ad01589fc4b3,eeca68825e2a4bbdaa5ae962998fc33b,5cfb876eeb4f410aa1282cc279f0e546,521004289ebc4e6da6623381d40a5e73,7aceed0dbea645b091207f4a53d879f2,14f4db886cca4104877ac7d1d7a64133,98fbdf945d0c4206a48a4f7260e56017,b585a2970e9f421da236241f603883f2,1099cb6f4fac4eb8a1fb6db50e18296b,059a284910e849efbbc7073b8681409f,530b37164090408dbab4e6da51111b8a
fd6075f13adb4cdc8540f83b192abddc,2e7836ee5e5144f5b63e6629b969a362,afaf2edba0ee4d58860a5a04e4aabc5c,02e1d712f37e428c998f72e7a7eeb1e6,97959d02a64f4a3fbbebe7cbece6c012,e834bfbd30b247e899f0dc029ab9f072,c4b9d7a8d5d342459d2282589b3af293,7960902edf4b47d686f704441aa56b0e,e429a2e164a24919a12edcc8d4ea8f09,0092d1d820c64646b8bee9fd14f77acf,d361a9e414fb41c1a605200d9cbba496
b7c34ab8ac2b44a993051b96fadef9cb,2e7836ee5e5144f5b63e6629b969a362,afaf2edba0ee4d58860a5a04e4aabc5c,02e1d712f37e428c998f72e7a7eeb1e6,d361a9e414fb41c1a605200d9cbba496,97959d02a64f4a3fbbebe7cbece6c012,e834bfbd30b247e899f0dc029ab9f072,e429a2e164a24919a12edcc8d4ea8f09,7960902edf4b47d686f704441aa56b0e,34b736136487439389c10cc6bd4e9f4e,c4b9d7a8d5d342459d2282589b3af293
5fe5888079644c41b966985f5b572f9c,bc607fd6000b43108e49b3d05688fe90,bdb0d45caa2a4943959f8f501e51132b,e4ee90d625d44a6d9adc138390eef0f8,d7c9dafddaf547159d366dacf7b68a7e,de72d25d08da4b03ac6f6411ce30e07c,0a61f52258f643b6a6436a1ec234e197,563043f180e54e238ad4876974e5db4c,e22e1ad3c1fc4493bcb7c9b923566ff7,b00b2395b49949508fade89bb3eac98b,189a3b686ad14c24b5e1a495f76dd239
e850e901ed844eacbf240b4358dadc9a,bdb0d45caa2a4943959f8f501e51132b,75801225047a4c019100660c13f1e0f1,bc607fd6000b43108e49b3d05688fe90,563043f180e54e238ad4876974e5db4c,1a0ac2d40cb04ca993e1db68d787728a,e4ee90d625d44a6d9adc138390eef0f8,d7c9dafddaf547159d366dacf7b68a7e,de72d25d08da4b03ac6f6411ce30e07c,b626eb67c2e14afeae2846bb150976f3,b44645c11ece4326a45f50fdc5d45dcf
07a659cb697144d5b174a3c714670fcd,cd764fbfae774d068af7549c648a02c9,f879b316413f45d2b64bb25e3f45a667,2b039224b54142d185a406b31fe01de2,3e6a4b65a1004c08a6f3f570cf986c2f,f5d09519cf7647f8a107cd8fadd322e5,31cf7db26a3249c5a6205b005662ddcf,342aaa81ed004635bbf9cbc2592cd7b6,7ab9086baf99475d8c93862a7dd36344,45e440d874a54bb591862ff441114cd3,5e2f1a45f7174f1aa39a194179985876
1860486ceb1947ea93fe348ae75fe1f2,cd764fbfae774d068af7549c648a02c9,f879b316413f45d2b64bb25e3f45a667,2b039224b54142d185a406b31fe01de2,3e6a4b65a1004c08a6f3f570cf986c2f,f5d09519cf7647f8a107cd8fadd322e5,31cf7db26a3249c5a6205b005662ddcf,342aaa81ed004635bbf9cbc2592cd7b6,7ab9086baf99475d8c93862a7dd36344,45e440d874a54bb591862ff441114cd3,5e2f1a45f7174f1aa39a194179985876
40f9434041994e2ca0b5307725fdd4bc,c24e3823376b436c8eb46eaeebbc7718,da9cfbdf124143b78bec89393dd5287a,2c65a898314b42e6b2e93dca66fd15c2,a70909d3ce0d4235913b5ce6a138dcce,eafb3480db704d7baa8216ce857d1610,fadf133e0e684a24ac79b5fa9515bac2,b69c17a10a55494d8caa56c33e8f4a56,4a6eba10a02a4ecdbb6b25e8651c3789,70558882c04e46bd99d15e9786468418,eb21a4e2b7bd43efbdf0c365415e7fef
75978aae26274d9b926b0b08cc16950a,66f4c650b7ca48f1bc27f9daff8d312a,ee7c00877ae64dac87123a3d75251530,22d9d5ad33e947fd857c5c4a8b7dfae1,7ee65b33f8f44852ada468b1fed83433,8a464aa9e2ee45d0abc7ae6181cd1bda,a70909d3ce0d4235913b5ce6a138dcce,b425f33c33ad4be89a12da266d131a86,cb32ec9a538a4c0f8462771946ced93b,da9cfbdf124143b78bec89393dd5287a,9460474d89704a68aaa6ccb62310ae3d
7fb1043e17c142cf8bc1704c263ae9b4,f5d09519cf7647f8a107cd8fadd322e5,3e6a4b65a1004c08a6f3f570cf986c2f,cd764fbfae774d068af7549c648a02c9,2b039224b54142d185a406b31fe01de2,701ac1447f5a414e81156a56c3593a31,f879b316413f45d2b64bb25e3f45a667,342aaa81ed004635bbf9cbc2592cd7b6,bc607fd6000b43108e49b3d05688fe90,31cf7db26a3249c5a6205b005662ddcf,7ab9086baf99475d8c93862a7dd36344
13a4af2eb59944b9926a2ceec4e169fa,f879b316413f45d2b64bb25e3f45a667,cd764fbfae774d068af7549c648a02c9,2b039224b54142d185a406b31fe01de2,31cf7db26a3249c5a6205b005662ddcf,3e6a4b65a1004c08a6f3f570cf986c2f,342aaa81ed004635bbf9cbc2592cd7b6,f5d09519cf7647f8a107cd8fadd322e5,7ab9086baf99475d8c93862a7dd36344,5e2f1a45f7174f1aa39a194179985876,45e440d874a54bb591862ff441114cd3
7c0b316dd59246b4ba2bbf879d7c9d74,f5d09519cf7647f8a107cd8fadd322e5,3e6a4b65a1004c08a6f3f570cf986c2f,cd764fbfae774d068af7549c648a02c9,701ac1447f5a414e81156a56c3593a31,f879b316413f45d2b64bb25e3f45a667,2b039224b54142d185a406b31fe01de2,bc607fd6000b43108e49b3d05688fe90,31cf7db26a3249c5a6205b005662ddcf,342aaa81ed004635bbf9cbc2592cd7b6,5e2f1a45f7174f1aa39a194179985876
9adf6404c5364c9da78b1c60e57ed94b,f879b316413f45d2b64bb25e3f45a667,cd764fbfae774d068af7549c648a02c9,2b039224b54142d185a406b31fe01de2,31cf7db26a3249c5a6205b005662ddcf,3e6a4b65a1004c08a6f3f570cf986c2f,342aaa81ed004635bbf9cbc2592cd7b6,f5d09519cf7647f8a107cd8fadd322e5,7ab9086baf99475d8c93862a7dd36344,5e2f1a45f7174f1aa39a194179985876,b2992fe473124dd0b895cf81f59f6db6
d1c6d2db55584c7e9425bce6b4029bcb,2fcf4a04d3654ffb9a5c1dfa3799e4f0,3bd43a42811048e3b7a7d9740bdb1971,724a3f6551e74ad585bdeac9a75fd639,e2e0c8c96aff4c00896ac6986bbb20c2,878e5c41be5c477e9f660ca361fdd727,57bcda73abab44ee930b20cdaee9d24b,db69f22fe72246ea85d33991961a649a,7ef653f7e5f64e1b8bba73b9518b87b7,3766b26b53874893ae48693880e1942c,a0408a6462b24cf18e50a8616359d5ad
6a4118df6def4cfeae3bb62650bcbfe1,2fcf4a04d3654ffb9a5c1dfa3799e4f0,3bd43a42811048e3b7a7d9740bdb1971,724a3f6551e74ad585bdeac9a75fd639,b675be39e8ff421aa59811f146da945b,a5d5fb459a1844088e93ae557ab34afe,db69f22fe72246ea85d33991961a649a,3766b26b53874893ae48693880e1942c,4e4495962a9b4864882397042f1a2b3e,a94cb58f1ca8456b96e39b5b1ebfb7ea,f92d16d3a970487094292439c3e00923
70e2b8adca1a4fae93ba2708abc854fc,2fcf4a04d3654ffb9a5c1dfa3799e4f0,3bd43a42811048e3b7a7d9740bdb1971,724a3f6551e74ad585bdeac9a75fd639,e2e0c8c96aff4c00896ac6986bbb20c2,878e5c41be5c477e9f660ca361fdd727,7ef653f7e5f64e1b8bba73b9518b87b7,4e4495962a9b4864882397042f1a2b3e,db69f22fe72246ea85d33991961a649a,a0408a6462b24cf18e50a8616359d5ad,57bcda73abab44ee930b20cdaee9d24b
a14d78aab651419fbb973ee24df782f0,3bd43a42811048e3b7a7d9740bdb1971,2fcf4a04d3654ffb9a5c1dfa3799e4f0,e903085a3f944ad2a41c37306b4e6ab4,dbb3fe11ad004895b302a84e7c066fcc,7879fa4d4db046a2a8d195311b6e5789,0842a796c09b4089933a4f27e4e5e3bc,3e59b61eb70146308db2308b988b54cf,1419b2c686f44896a0ae2a43e93b5402,98fbdf945d0c4206a48a4f7260e56017,092cb872c8724c7681c50da9c6cfa252
44b51300330643689a392e7b77ce78b9,d716ea165223433a8d49b93e96989482,0433768f874042a5b2d2e37ad9deae13,a35d7304347a4f81b1ccfb086956921c,2f0401170d104b47b0a8f087f69dee88,b675be39e8ff421aa59811f146da945b,59f62d35b1ad451397b700b3dad25448,f92d16d3a970487094292439c3e00923,e4fcd30261804b089efa940359057ba2,8b038cd0dafd45d8b1ce75177ca3a76b,6d3b4c95066e4dd8a6ad1c66b1c1ea4f
a59bcbf84ffb47d0abaf3c42791c4eeb,e7ee85dd47ca43eeb2fdcd70b802f0ec,59f62d35b1ad451397b700b3dad25448,bbdf9065122d499d9d8f80ad3e0ef6f3,3766b26b53874893ae48693880e1942c,b675be39e8ff421aa59811f146da945b,2f0401170d104b47b0a8f087f69dee88,fc430b7683934be2aba12468b2409bb8,57bcda73abab44ee930b20cdaee9d24b,27a0d24dc1e14b28a1f18456b29c93f1,7daa434073604cb98a04fefb55468dda
b0133b20a5a9444582fbb510d5158e94,3766b26b53874893ae48693880e1942c,e7ee85dd47ca43eeb2fdcd70b802f0ec,59f62d35b1ad451397b700b3dad25448,b675be39e8ff421aa59811f146da945b,2f0401170d104b47b0a8f087f69dee88,bbdf9065122d499d9d8f80ad3e0ef6f3,f92d16d3a970487094292439c3e00923,27a0d24dc1e14b28a1f18456b29c93f1,57bcda73abab44ee930b20cdaee9d24b,fc430b7683934be2aba12468b2409bb8
0c4c0aa7638b46729b25d811b58820c2,1f3cf50fe1f947d8a56e02ebca441c4c,00fb3a55134242769182c520d55681a2,70558882c04e46bd99d15e9786468418,d756970269e9443fb9bbf645a96aa84e,43464ed6733f4642a0b90e7d995a5e40,eafb3480db704d7baa8216ce857d1610,25109e3a7df549e5b380aae716d71366,cae139b6e4914ce7b0ef1e68b8b857eb,7f0a68d19d2e4850846ffc08c47ed87d,4a3d4daed4b24a1898551f0fd1ba44f1
077ba3ca8b4f4aafa1c3b07a9c81b87f,1f3cf50fe1f947d8a56e02ebca441c4c,70558882c04e46bd99d15e9786468418,cae139b6e4914ce7b0ef1e68b8b857eb,43464ed6733f4642a0b90e7d995a5e40,4a3d4daed4b24a1898551f0fd1ba44f1,00fb3a55134242769182c520d55681a2,cb32ec9a538a4c0f8462771946ced93b,b626eb67c2e14afeae2846bb150976f3,25109e3a7df549e5b380aae716d71366,7f0a68d19d2e4850846ffc08c47ed87d
343fdc468034438c90562b6db6f39797,d756970269e9443fb9bbf645a96aa84e,de6ac628a786435f9925c8cc1d707d6b,d87e5facd03b45f9829e8a1cd0fe0190,64e74af099b0485f8b6e71ac73aa2cb8,00fb3a55134242769182c520d55681a2,19a124c6dad14a4fa7864463b081009c,1f3cf50fe1f947d8a56e02ebca441c4c,ee7c00877ae64dac87123a3d75251530,599feb1e512c43ad8c0a1845922acf78,f12e9e5805534d719f829332d1ea5d29
906efceb3d96448092f0c58433b87e1c,d756970269e9443fb9bbf645a96aa84e,de6ac628a786435f9925c8cc1d707d6b,19a124c6dad14a4fa7864463b081009c,1f3cf50fe1f947d8a56e02ebca441c4c,00fb3a55134242769182c520d55681a2,64e74af099b0485f8b6e71ac73aa2cb8,d87e5facd03b45f9829e8a1cd0fe0190,ee7c00877ae64dac87123a3d75251530,f12e9e5805534d719f829332d1ea5d29,25109e3a7df549e5b380aae716d71366
e1236162007c4212aaf19e0771d4b741,74644c8cc17449cf89379868e7b21398,f31e9fdffaa642ed98e91b07a30f3a8c,7f0a68d19d2e4850846ffc08c47ed87d,bce599075dfd4fac8dd78626106e3071,b33a0f5b564a4942b04046ab7a8e2aae,1b827db6f6cf4ecb850928c2f9e41de2,b6c493a3666c4db193e86c79faf099ab,57430214baf045cb92fa3b3b70a4ca3f,2d812431f07c44f1a56a71c72766e0b0,76e41369a6794714a9fab6968839bfe6
00d00578efec48fab535293ac554abc7,74644c8cc17449cf89379868e7b21398,f31e9fdffaa642ed98e91b07a30f3a8c,b33a0f5b564a4942b04046ab7a8e2aae,7f0a68d19d2e4850846ffc08c47ed87d,bce599075dfd4fac8dd78626106e3071,1b827db6f6cf4ecb850928c2f9e41de2,b6c493a3666c4db193e86c79faf099ab,57430214baf045cb92fa3b3b70a4ca3f,2d812431f07c44f1a56a71c72766e0b0,5c644b51b1394a7b8fa0a9a6275c422d
cb31998c075d450d95c9b67944dcbd76,13e659415ac84c7a81fc769111d43417,9bf3b77eb9874f5f9e006a9cff111ea9,ac5a760b45c146ec840193371cfb2d30,e79ae27b52fa4d54aa37735fd275c66e,c750a2994555414790abb3281572bb42,3c1b91a23b694da1973dbc5f75f2f3ed,cf293392122347a180cf2126f4589acb,2ea3b46262e649f79900258cd90cce31,c3502ff31ce6459a96164c934f297562,199647bd1328406c83c5a875154f97d9
b3ebec0b824f4a8a8fb8920f8441b6fd,dee9eddb2eac41bfaf36d3279d43674a,7fe9e665bf41491c9788941aa2894a10,f37d285ad0de42f0b1546d0d1acfb221,7326afe68eb64b63993b3dae022c645d,cb75c6ef71cb4991805920f2894e0e96,ffc5805e29a74be0a55b40318aa321d7,23a16d69ffe848d593a4808907d8aa98,19a124c6dad14a4fa7864463b081009c,97959d02a64f4a3fbbebe7cbece6c012,6c874292dbcc49ff8bb8bbe5643593a5
4aa0e4f3efc14a9ea0bce80841eb621b,13e659415ac84c7a81fc769111d43417,9bf3b77eb9874f5f9e006a9cff111ea9,c750a2994555414790abb3281572bb42,ac5a760b45c146ec840193371cfb2d30,e79ae27b52fa4d54aa37735fd275c66e,3c1b91a23b694da1973dbc5f75f2f3ed,c3502ff31ce6459a96164c934f297562,9094e936e13641cc9bfcc7dc1408d86e,cf293392122347a180cf2126f4589acb,9677dd2a3aae457a8079087ce4177e14
497a54d4f7074270862214aee7e64871,8dfe01febd46475ab5aef97033716ce1,daed5458403e49e3aea72f4bcc6dd224,f12e9e5805534d719f829332d1ea5d29,db620271348d404a9a0b978d96c63f29,6ea31a945d494834a3d243f1f90af02a,d695b7afdc3841a28a56df578e56afce,f1c9c5051bdd4a11a064260bbb9d6d7b,eabdd2813a954f9aa01f0eb8212ee387,2ece45504eff42469c104dc2a2d03caf,7226603f024c45c6a6e44b00e52e8aad
1916331efe4549b3be624c41a1538927,daed5458403e49e3aea72f4bcc6dd224,8dfe01febd46475ab5aef97033716ce1,6ea31a945d494834a3d243f1f90af02a,f12e9e5805534d719f829332d1ea5d29,f1c9c5051bdd4a11a064260bbb9d6d7b,7226603f024c45c6a6e44b00e52e8aad,e12ad1ce8e7940a999b9a4f91a95fab7,d695b7afdc3841a28a56df578e56afce,03df72bcf3504272a27f4bbaea89118a,e5a3c8867e44498d9182e8be934e0fce
5ac53d8e26eb4e318f26ab79a0321759,daed5458403e49e3aea72f4bcc6dd224,8dfe01febd46475ab5aef97033716ce1,f12e9e5805534d719f829332d1ea5d29,f1c9c5051bdd4a11a064260bbb9d6d7b,6ea31a945d494834a3d243f1f90af02a,7226603f024c45c6a6e44b00e52e8aad,d695b7afdc3841a28a56df578e56afce,f6061b71031b4ddb9384f86c103690a4,db620271348d404a9a0b978d96c63f29,e12ad1ce8e7940a999b9a4f91a95fab7
80c9830759ea407a88a5484659289f5d,f1c9c5051bdd4a11a064260bbb9d6d7b,7226603f024c45c6a6e44b00e52e8aad,d695b7afdc3841a28a56df578e56afce,f12e9e5805534d719f829332d1ea5d29,db620271348d404a9a0b978d96c63f29,daed5458403e49e3aea72f4bcc6dd224,8dfe01febd46475ab5aef97033716ce1,e12ad1ce8e7940a999b9a4f91a95fab7,e5a3c8867e44498d9182e8be934e0fce,52f20bd7eb50430c95f0916727880a1b
6d337f44e61147928e64eab798fe3328,f1c9c5051bdd4a11a064260bbb9d6d7b,d695b7afdc3841a28a56df578e56afce,7226603f024c45c6a6e44b00e52e8aad,714e47cd21e5416f864a4bc938850a72,a7077a82d2c74518b96fb45e35f6e150,e735729c80d84f76a6133c065d5380f8,e12ad1ce8e7940a999b9a4f91a95fab7,db620271348d404a9a0b978d96c63f29,f12e9e5805534d719f829332d1ea5d29,5cf392f15360460bae6a6b0182bb99b9
0cdbb3c4d2ac4c828901f6bd0a6a2b2f,434551fdf9e443ed91679a9557ae6fd5,4254f6eaaed746bea797c3522036fc12,2d812431f07c44f1a56a71c72766e0b0,9948a890ef25479e834f70944cb42eae,74644c8cc17449cf89379868e7b21398,3f1c2bb09c4e4400b6ba19542fafce18,b6c493a3666c4db193e86c79faf099ab,eb21a4e2b7bd43efbdf0c365415e7fef,af532d6e5090478ba520505d5f9107f2,1b827db6f6cf4ecb850928c2f9e41de2
5f108ee31ee841e0a7a9c47cc18206be,4254f6eaaed746bea797c3522036fc12,f4474150010f4021a4620372062f3797,01ffceddb5b34406a08bb982b424b3cf,2d812431f07c44f1a56a71c72766e0b0,da61e0de396149208c9ebd0fd6d7415d,434551fdf9e443ed91679a9557ae6fd5,f5a9583711fc4ff4a46e85c24886b234,910827a15eac4e4b9005d8e46ad71f6e,e4e12f4711fd41e39075e26cc274df45,2b3ecf8be2b242f3b8a1e714390749fb
747ff46c283a4c069b67ffbf8e5a07cb,434551fdf9e443ed91679a9557ae6fd5,d756970269e9443fb9bbf645a96aa84e,af532d6e5090478ba520505d5f9107f2,77ce0587a12b46bab8814225ba86753e,eb21a4e2b7bd43efbdf0c365415e7fef,25109e3a7df549e5b380aae716d71366,1232f20e710b448e8c0538b9e84dab1c,71c1a8479b194efca65b44fb7f327afb,b6c493a3666c4db193e86c79faf099ab,6732de8994744decbb3306c74aaa7882
8f0d666c50404645b13bfe3e66f42211,b90d74e80c37486eaee89b6fbab13671,5537ddec608a4ec586ea068fa27547ca,ffc5805e29a74be0a55b40318aa321d7,a9573f188204436090fb4a5240e4eccd,3cb231e1167e45f9bf5771a4e0074092,016e634d566b49c199d07357aae9bf33,39a08a87897f47d3bdbbdc5ed8c9cd7f,c750a2994555414790abb3281572bb42,6400e3f6a14c492ba399bd414faca075,9094e936e13641cc9bfcc7dc1408d86e
6ebcf08b1bfb414a81cb644955467ddc,b90d74e80c37486eaee89b6fbab13671,5537ddec608a4ec586ea068fa27547ca,a9573f188204436090fb4a5240e4eccd,ffc5805e29a74be0a55b40318aa321d7,9094e936e13641cc9bfcc7dc1408d86e,3cb231e1167e45f9bf5771a4e0074092,b8995466f0eb4e7ba141e23216e8b974,bdb0d45caa2a4943959f8f501e51132b,39a08a87897f47d3bdbbdc5ed8c9cd7f,016e634d566b49c199d07357aae9bf33
ba3cf143599441c69bb6e84716c550c1,3cb231e1167e45f9bf5771a4e0074092,476ce3ffff564a5aa985808e7d2cab17,cae139b6e4914ce7b0ef1e68b8b857eb,3138244ae91040948d5bd6772e4075ea,70558882c04e46bd99d15e9786468418,8c674a7b65e24114a45dd3c861a7ccfc,5537ddec608a4ec586ea068fa27547ca,3356a8a8c6ee4f30bc2b028e360d4471,0ecfdd96e0054841883acba75e83b232,243dbbcdc67c42bfa6f32c47477adf6d
f9c6d687d22445a3a42bb5ef26f1efb1,4d0a737f396d4a95808085bd1306746c,e12ad1ce8e7940a999b9a4f91a95fab7,aedd476072b345e9be46ebd7260e93a6,f2cfa68a47ce4a43a0fe1cc7dc860418,5e44915237fc4445b54b037e1c4e29a4,baad022010b44fad8d8410869d909fd1,be8953cc364d46cebbcc2c2da2c348ab,75bf181ea5dc490e95d364a5f5c7af1d,2c8eafa0ff26437a862dc2224ab57073,7584980704ae4617bb27ca162cc9c5db
55ff335679e94c7e9136c35ec45ffe08,aedd476072b345e9be46ebd7260e93a6,797cc520b8c94d9bbef187818ab51647,7e190e3c05d74e6b9f103e39142c1684,7c1126d46a934db6b951d1e98feae327,4d0a737f396d4a95808085bd1306746c,f6061b71031b4ddb9384f86c103690a4,87fc1d6a57ea488786caaec8599c3b8b,0cdb0f32850f4585a16de4886462bbe0,f335a944a27a4504a82ecf70c2d4a5e4,ca5add3cbf044a95a5bec88a5841ce98
2d18983b2c08444f9c28b8ff9d211b4b,4d0a737f396d4a95808085bd1306746c,7584980704ae4617bb27ca162cc9c5db,4c67cc7a1ccc496db132636e3f4853a2,e12ad1ce8e7940a999b9a4f91a95fab7,5e44915237fc4445b54b037e1c4e29a4,aedd476072b345e9be46ebd7260e93a6,6ae72ad649c54129b992d321f8f29122,5fc200cab89346658c9c91cce27e85fe,8987ceafff324f9599b842542e37eddd,2c8eafa0ff26437a862dc2224ab57073
3ffce0f5b295425b9e8dcac59218f776,aedd476072b345e9be46ebd7260e93a6,797cc520b8c94d9bbef187818ab51647,f6061b71031b4ddb9384f86c103690a4,87fc1d6a57ea488786caaec8599c3b8b,4c67cc7a1ccc496db132636e3f4853a2,7e190e3c05d74e6b9f103e39142c1684,4e22dc65beb7450b9260cf27e50919e4,403835bbf2f1447188bcc78e062b0028,7c1126d46a934db6b951d1e98feae327,0cdb0f32850f4585a16de4886462bbe0
d8a7ca9c214246edb53a05f963f18ae2,7fe9e665bf41491c9788941aa2894a10,d25e6f2fc8154dd7816f8f7a41bee12b,97959d02a64f4a3fbbebe7cbece6c012,34b736136487439389c10cc6bd4e9f4e,dee9eddb2eac41bfaf36d3279d43674a,0e28ed072d6c444aa6f02e64955b44c6,f37d285ad0de42f0b1546d0d1acfb221,23a16d69ffe848d593a4808907d8aa98,90b560de76b149c09c7cd6efb3f12cfd,514537782f6549c488a1b932939b4128
57062952f9e74d028985df841b24f285,d25e6f2fc8154dd7816f8f7a41bee12b,7fe9e665bf41491c9788941aa2894a10,02e1d712f37e428c998f72e7a7eeb1e6,e8f18e4bdf054390a1768978dca8e430,97959d02a64f4a3fbbebe7cbece6c012,63ba014f9cc747ac87013da6be0ceab9,514537782f6549c488a1b932939b4128,2e7836ee5e5144f5b63e6629b969a362,f37d285ad0de42f0b1546d0d1acfb221,90b560de76b149c09c7cd6efb3f12cfd
5d12bfa69be74f498b42610ff9736913,d25e6f2fc8154dd7816f8f7a41bee12b,7fe9e665bf41491c9788941aa2894a10,e8f18e4bdf054390a1768978dca8e430,2e7836ee5e5144f5b63e6629b969a362,f37d285ad0de42f0b1546d0d1acfb221,02e1d712f37e428c998f72e7a7eeb1e6,bf789f42ccfc42c5a330a3f6e30ddb83,7326afe68eb64b63993b3dae022c645d,97959d02a64f4a3fbbebe7cbece6c012,37ae696e40dd42ebb4738722daa3c523
1ac8ca7603544075954a8714e1990e7f,7fe9e665bf41491c9788941aa2894a10,d25e6f2fc8154dd7816f8f7a41bee12b,97959d02a64f4a3fbbebe7cbece6c012,34b736136487439389c10cc6bd4e9f4e,dee9eddb2eac41bfaf36d3279d43674a,90b560de76b149c09c7cd6efb3f12cfd,23a16d69ffe848d593a4808907d8aa98,b3209c60460a437294e2b30a9e9d3f53,52ee59901f3b4de884d7a6720538aed6,f37d285ad0de42f0b1546d0d1acfb221
5c82142a41eb4fa7a6f77361c5865f55,714e47cd21e5416f864a4bc938850a72,d695b7afdc3841a28a56df578e56afce,797cc520b8c94d9bbef187818ab51647,a7077a82d2c74518b96fb45e35f6e150,87fc1d6a57ea488786caaec8599c3b8b,e12ad1ce8e7940a999b9a4f91a95fab7,f1c9c5051bdd4a11a064260bbb9d6d7b,e735729c80d84f76a6133c065d5380f8,7c1126d46a934db6b951d1e98feae327,eabdd2813a954f9aa01f0eb8212ee387
7c97ff590ca246898e57f4f75c6d9880,714e47cd21e5416f864a4bc938850a72,d695b7afdc3841a28a56df578e56afce,a7077a82d2c74518b96fb45e35f6e150,797cc520b8c94d9bbef187818ab51647,87fc1d6a57ea488786caaec8599c3b8b,e12ad1ce8e7940a999b9a4f91a95fab7,f1c9c5051bdd4a11a064260bbb9d6d7b,e735729c80d84f76a6133c065d5380f8,7c1126d46a934db6b951d1e98feae327,eabdd2813a954f9aa01f0eb8212ee387
b439e61143bb452198ea7179e6153565,a7077a82d2c74518b96fb45e35f6e150,714e47cd21e5416f864a4bc938850a72,797cc520b8c94d9bbef187818ab51647,d695b7afdc3841a28a56df578e56afce,87fc1d6a57ea488786caaec8599c3b8b,e12ad1ce8e7940a999b9a4f91a95fab7,f1c9c5051bdd4a11a064260bbb9d6d7b,7c1126d46a934db6b951d1e98feae327,f4b7e6e902e344859cb041126b69ce3c,8dfd98bb97584157b207e1f4be471a8e
fd60a3efb7074ef7b1e3aaf40201c970,a7077a82d2c74518b96fb45e35f6e150,714e47cd21e5416f864a4bc938850a72,797cc520b8c94d9bbef187818ab51647,d695b7afdc3841a28a56df578e56afce,87fc1d6a57ea488786caaec8599c3b8b,e12ad1ce8e7940a999b9a4f91a95fab7,f1c9c5051bdd4a11a064260bbb9d6d7b,7c1126d46a934db6b951d1e98feae327,f4b7e6e902e344859cb041126b69ce3c,8dfd98bb97584157b207e1f4be471a8e
74279677b01649fe9c9330832c44e188,0daf8d5687b54d158f7f752884c42334,bbdf9065122d499d9d8f80ad3e0ef6f3,3aa003c1e31b476e999c3a808a1d5dc6,65e30dd62cfa4dccb9ea4d908a9d6fab,cb550e5ff4694fe9a19eaa6588cef250,2f0401170d104b47b0a8f087f69dee88,7359a1cc20d54f96aeea121d7247b88d,4e4495962a9b4864882397042f1a2b3e,4a7fa5a1bafe4b6995e2920444ac07c4,0eb119aabc884795a4768c6d3e677ea1
76f1a57141c141cf8c82961ec4686a1c,5d5baf5ce88b4b529e28ab9c7c114148,bbdf9065122d499d9d8f80ad3e0ef6f3,78809cb3c6b841a9b8b132133dd6bb96,8889c114b071429cbe2418f5b0f2024b,35c5a560ecdc4d6a9d20f057ed1fa0e6,0daf8d5687b54d158f7f752884c42334,65e30dd62cfa4dccb9ea4d908a9d6fab,295d0d40791245ff838c73a2aa27d065,0f52f676197e4d4e92dec0a7bc4c4f7d,d658e3a743af41899183fecff6b2628d
9fb4debf99ee489098c330310de8b65d,0daf8d5687b54d158f7f752884c42334,bbdf9065122d499d9d8f80ad3e0ef6f3,3aa003c1e31b476e999c3a808a1d5dc6,65e30dd62cfa4dccb9ea4d908a9d6fab,cb550e5ff4694fe9a19eaa6588cef250,7359a1cc20d54f96aeea121d7247b88d,8889c114b071429cbe2418f5b0f2024b,4e4495962a9b4864882397042f1a2b3e,2f0401170d104b47b0a8f087f69dee88,24c55bb5cd694770ba895c7401da2ba5
22afc0397a0a4324acedfe7a1e698dc5,bbdf9065122d499d9d8f80ad3e0ef6f3,0daf8d5687b54d158f7f752884c42334,e7ee85dd47ca43eeb2fdcd70b802f0ec,2d43cf91509846e29ab4febd7781919f,3aa003c1e31b476e999c3a808a1d5dc6,65e30dd62cfa4dccb9ea4d908a9d6fab,0accd1d0138b49049d437c0d9b1c23c3,27a0d24dc1e14b28a1f18456b29c93f1,7daa434073604cb98a04fefb55468dda,57bcda73abab44ee930b20cdaee9d24b
8bb786e1ae9e46dbb6ebe4f36bb30022,fc430b7683934be2aba12468b2409bb8,e8927e14983a43da900edd926dd35adb,27a0d24dc1e14b28a1f18456b29c93f1,59f62d35b1ad451397b700b3dad25448,3766b26b53874893ae48693880e1942c,e7ee85dd47ca43eeb2fdcd70b802f0ec,2f0401170d104b47b0a8f087f69dee88,a4af9472683c4df0a86f9400c99c2b61,b675be39e8ff421aa59811f146da945b,8c7c9eaae41a44a3a4ebe39ce167d300
afdec97feacc44a4b83541c2e0c7a33e,fc430b7683934be2aba12468b2409bb8,59f62d35b1ad451397b700b3dad25448,27a0d24dc1e14b28a1f18456b29c93f1,e7ee85dd47ca43eeb2fdcd70b802f0ec,e8927e14983a43da900edd926dd35adb,3766b26b53874893ae48693880e1942c,a4af9472683c4df0a86f9400c99c2b61,2f0401170d104b47b0a8f087f69dee88,ccb62901750b4d13a922fc161b607f83,19098957d8c24cab95daa30c2baefd8f
8756904ecec04706890eb72f81305ad8,dbb3fe11ad004895b302a84e7c066fcc,27a0d24dc1e14b28a1f18456b29c93f1,e8927e14983a43da900edd926dd35adb,59f62d35b1ad451397b700b3dad25448,3766b26b53874893ae48693880e1942c,68aefc97056440af874039a28497cf98,86179aff3df24ff59b11e9a34974a3f4,2d43cf91509846e29ab4febd7781919f,fc430b7683934be2aba12468b2409bb8,e7ee85dd47ca43eeb2fdcd70b802f0ec
8b8151048f8d4951a310c33c9a5d2c43,fc430b7683934be2aba12468b2409bb8,27a0d24dc1e14b28a1f18456b29c93f1,e7ee85dd47ca43eeb2fdcd70b802f0ec,59f62d35b1ad451397b700b3dad25448,e8927e14983a43da900edd926dd35adb,3766b26b53874893ae48693880e1942c,26e55eb4d910464497d700bfdf5a36ca,2f0401170d104b47b0a8f087f69dee88,a4af9472683c4df0a86f9400c99c2b61,cb550e5ff4694fe9a19eaa6588cef250
ef2a80861fc14e18ab15656a8a125c8c,b00b2395b49949508fade89bb3eac98b,b626eb67c2e14afeae2846bb150976f3,e86a0aae846a4e44bf967ab4972c977c,dd9e8283197b473d8ffd502561bdaaec,d7c9dafddaf547159d366dacf7b68a7e,9fd4c00672d84215b3e21812aef3d6ac,b6c493a3666c4db193e86c79faf099ab,f8856799293e49feab6368e794eb8b00,ec580ac6dd7149fb8a0a5a5d8b0f5b08,444fa28d9ed54c82a522699041eae592
0df6b8fc44a3430782efcbe10851747b,b00b2395b49949508fade89bb3eac98b,b626eb67c2e14afeae2846bb150976f3,e86a0aae846a4e44bf967ab4972c977c,d7c9dafddaf547159d366dacf7b68a7e,dd9e8283197b473d8ffd502561bdaaec,9fd4c00672d84215b3e21812aef3d6ac,b6c493a3666c4db193e86c79faf099ab,f8856799293e49feab6368e794eb8b00,444fa28d9ed54c82a522699041eae592,ec580ac6dd7149fb8a0a5a5d8b0f5b08
de8c81d294194b43ba2dcbc36eff8ff8,dd9e8283197b473d8ffd502561bdaaec,a9d82bb43410405ca21b44a5e82e22b6,e86a0aae846a4e44bf967ab4972c977c,9fd4c00672d84215b3e21812aef3d6ac,48c31b1e2ce94de8968fab433813fa91,d7c9dafddaf547159d366dacf7b68a7e,189a3b686ad14c24b5e1a495f76dd239,37ae696e40dd42ebb4738722daa3c523,f1eecad10a61421eb16b1be7435d9c19,ad054da7e1704a53931a341173f0605f
c28da2f21daf4e57ac46e2bac9595e26,dd9e8283197b473d8ffd502561bdaaec,a9d82bb43410405ca21b44a5e82e22b6,9fd4c00672d84215b3e21812aef3d6ac,2c3599a1611644f4908562f8fb8870d3,d7c9dafddaf547159d366dacf7b68a7e,48c31b1e2ce94de8968fab433813fa91,189a3b686ad14c24b5e1a495f76dd239,fa190e42ce5a47c99bcaa76138dbc615,e86a0aae846a4e44bf967ab4972c977c,37ae696e40dd42ebb4738722daa3c523
e12c80d95476447dba9b11c911992609,71d4b4036e594d7399506e6fd9b88063,f532294d68604bc2aa9ad8804a8c6d5f,b6da55bea1244cf0a753b258420946b2,cffbff4deb374fcf850c679899c6e3f8,00614d60b3544ba790dfd23dd53992e0,68aefc97056440af874039a28497cf98,9a500a20b1ff4694acc31339a8d1349e,07d869789eda4445a1ecfe59c331db0d,87fc1d6a57ea488786caaec8599c3b8b,3827ad869b3740278b98db4e65c40e0c
7c7d36ea7b1242068efef6a72b998b95,71d4b4036e594d7399506e6fd9b88063,f532294d68604bc2aa9ad8804a8c6d5f,b6da55bea1244cf0a753b258420946b2,00614d60b3544ba790dfd23dd53992e0,cffbff4deb374fcf850c679899c6e3f8,07d869789eda4445a1ecfe59c331db0d,68aefc97056440af874039a28497cf98,9a500a20b1ff4694acc31339a8d1349e,87fc1d6a57ea488786caaec8599c3b8b,0433768f874042a5b2d2e37ad9deae13
b6031a4a73c94a459b6d26c1d8829bd0,f532294d68604bc2aa9ad8804a8c6d5f,71d4b4036e594d7399506e6fd9b88063,b6da55bea1244cf0a753b258420946b2,b7f5c165ea2242709a2fb71f3a3f1bcb,9a500a20b1ff4694acc31339a8d1349e,00614d60b3544ba790dfd23dd53992e0,07d869789eda4445a1ecfe59c331db0d,3827ad869b3740278b98db4e65c40e0c,8350ea8cd6514c2c8d7b625abe7e895b,4285b02dc9164cb9bae36b0566bb42f0
cade21dad7f74878b910ad5e0060d6e4,f532294d68604bc2aa9ad8804a8c6d5f,71d4b4036e594d7399506e6fd9b88063,b6da55bea1244cf0a753b258420946b2,b7f5c165ea2242709a2fb71f3a3f1bcb,00614d60b3544ba790dfd23dd53992e0,9a500a20b1ff4694acc31339a8d1349e,07d869789eda4445a1ecfe59c331db0d,3827ad869b3740278b98db4e65c40e0c,68aefc97056440af874039a28497cf98,4285b02dc9164cb9bae36b0566bb42f0
21354b108cee4d5a8ea7b2d1459410d3,8c5f38853679436ba434b6a696e43168,fc70a4c2c4834e0eba1a14470f563b03,716a15d66b63424a8068da89e75733b4,1d93c07de74c482ebf0a76ec564c3252,a8904adcdd21495f890bc614bfdbf86f,bb6ecabbce1b43d997d00d7acdc95193,af648fa7ac6c4c50a246de470329cd83,afac6ae28fac41dabae96696990c5555,116f6c1f0cb54312986a0a729508a33e,b01fd4d037a84a7aa777e1fc345c73c5
e5265fd04dc84392b38bfe8ab07708b7,8c5f38853679436ba434b6a696e43168,fc70a4c2c4834e0eba1a14470f563b03,716a15d66b63424a8068da89e75733b4,1d93c07de74c482ebf0a76ec564c3252,bb6ecabbce1b43d997d00d7acdc95193,a8904adcdd21495f890bc614bfdbf86f,afac6ae28fac41dabae96696990c5555,116f6c1f0cb54312986a0a729508a33e,af648fa7ac6c4c50a246de470329cd83,fe363cef357840fcb35f320fe7c27e4e
abaa87591059401aa7cacf5863a34f32,1a842f077119475794cc2de48e154374,88f796c14d184ecfaa5b0109161db259,acbf8eae7e064c11bab7adf66f216990,bce599075dfd4fac8dd78626106e3071,1c2b01416e3943e3b3c575e53c3f1d16,36ee1613abf245cdbe93fef69b5f981f,13cda6e8f2d948eeb5508288a172e76f,597aab8bb15240f89fd1b24a8e38258d,009be1c3430743ff9b054bdfcd6228d6,7c061d36393540b49e20d98086bdb5bd
f94a7e7419784d4ebda0ff5f8ef3c9f5,88f796c14d184ecfaa5b0109161db259,1a842f077119475794cc2de48e154374,ce4fdd5499f8498793c11e586f7da70c,36ee1613abf245cdbe93fef69b5f981f,bf789f42ccfc42c5a330a3f6e30ddb83,acbf8eae7e064c11bab7adf66f216990,13cda6e8f2d948eeb5508288a172e76f,1c2b01416e3943e3b3c575e53c3f1d16,597aab8bb15240f89fd1b24a8e38258d,9aca522158f443fd8a9caaec38ae5e2c
cecbc55e0fe942e186be8064a4ad80bf,1a842f077119475794cc2de48e154374,88f796c14d184ecfaa5b0109161db259,acbf8eae7e064c11bab7adf66f216990,1c2b01416e3943e3b3c575e53c3f1d16,bce599075dfd4fac8dd78626106e3071,009be1c3430743ff9b054bdfcd6228d6,597aab8bb15240f89fd1b24a8e38258d,36ee1613abf245cdbe93fef69b5f981f,13cda6e8f2d948eeb5508288a172e76f,10b152bdafe94db8a93f7c374226a071
80d47a70768e407bb5a1cd495387e011,88f796c14d184ecfaa5b0109161db259,1a842f077119475794cc2de48e154374,36ee1613abf245cdbe93fef69b5f981f,13cda6e8f2d948eeb5508288a172e76f,bce599075dfd4fac8dd78626106e3071,acbf8eae7e064c11bab7adf66f216990,9ffa09a2b9bd4da0ba98fc537ca68802,1004b33e3126472faa78e1929ed974e6,022e16490d1949b9ab2fc1de5a837031,597aab8bb15240f89fd1b24a8e38258d
d1c3c4008d3a458ca5c2438615c3a113,5e0a2bc284cf4002914ae4e6aaef41e8,3e923b6e3ceb4901b77c9a18729546eb,f59a3ee5387440d981754b6595e8664c,da9cfbdf124143b78bec89393dd5287a,b626eb67c2e14afeae2846bb150976f3,d9b70c4ed8bb4fc5957ecebf102528ee,22d9d5ad33e947fd857c5c4a8b7dfae1,999a2b52a5004ee984e587d5a1327b23,268f8ec9f2734029a8e75857db56ccb3,bdb0d45caa2a4943959f8f501e51132b
86bed733c05f41519f76576710fcce05,3e923b6e3ceb4901b77c9a18729546eb,3138244ae91040948d5bd6772e4075ea,5e0a2bc284cf4002914ae4e6aaef41e8,1ad0cf33e96243888d5f970195a75586,5760084aabef4d8095b2d21902151f64,29fb30a75c57451a85f310aa6423a662,5a6f4a2f7f6a4b1fa146493472e6d721,4a3d4daed4b24a1898551f0fd1ba44f1,0a61f52258f643b6a6436a1ec234e197,fadf133e0e684a24ac79b5fa9515bac2
cb1eb8a8b7594957b332dec5dc590436,3e923b6e3ceb4901b77c9a18729546eb,5e0a2bc284cf4002914ae4e6aaef41e8,1ad0cf33e96243888d5f970195a75586,0cc5015848a044b59fa4b290813f859c,3138244ae91040948d5bd6772e4075ea,5760084aabef4d8095b2d21902151f64,0a61f52258f643b6a6436a1ec234e197,ef60b54aa4b5490890da32d0bb8c9cbf,cc243eebbb2b44a581745865a60c423a,75efe5ddef364f49865d9bb283492b48
7dfc06c380304101bd335775988b2fb2,5e0a2bc284cf4002914ae4e6aaef41e8,3e923b6e3ceb4901b77c9a18729546eb,d9b70c4ed8bb4fc5957ecebf102528ee,b626eb67c2e14afeae2846bb150976f3,f59a3ee5387440d981754b6595e8664c,da9cfbdf124143b78bec89393dd5287a,22d9d5ad33e947fd857c5c4a8b7dfae1,268f8ec9f2734029a8e75857db56ccb3,174581fc299840e18e827432c0cce4dc,999a2b52a5004ee984e587d5a1327b23
999934829ec2429b967f27b051da6a53,c2b49382e2f34b1c90013236a5fbaef0,0d0973762130427eaa2ce9a7a34517db,f59a3ee5387440d981754b6595e8664c,174581fc299840e18e827432c0cce4dc,bdb0d45caa2a4943959f8f501e51132b,5605fa1188974644937bbf92fec50e21,268f8ec9f2734029a8e75857db56ccb3,189a3b686ad14c24b5e1a495f76dd239,a70909d3ce0d4235913b5ce6a138dcce,da9cfbdf124143b78bec89393dd5287a
ed4102db144043b6952d6cb9acdcc007,022e16490d1949b9ab2fc1de5a837031,7c061d36393540b49e20d98086bdb5bd,9ffa09a2b9bd4da0ba98fc537ca68802,3574ab91c29940b3afc62354ae06b73b,f464960d2dbc43c0970c60600bd7f1cd,18ab15fbf00f42f7a410ec75f7592bea,9aca522158f443fd8a9caaec38ae5e2c,521004289ebc4e6da6623381d40a5e73,9500823cb050427696343b1ea5cf8881,1004b33e3126472faa78e1929ed974e6
0020ab6d2078440b870ebf4a01c0351f,022e16490d1949b9ab2fc1de5a837031,7c061d36393540b49e20d98086bdb5bd,3574ab91c29940b3afc62354ae06b73b,9ffa09a2b9bd4da0ba98fc537ca68802,18ab15fbf00f42f7a410ec75f7592bea,f464960d2dbc43c0970c60600bd7f1cd,521004289ebc4e6da6623381d40a5e73,9500823cb050427696343b1ea5cf8881,9aca522158f443fd8a9caaec38ae5e2c,0842a796c09b4089933a4f27e4e5e3bc
d3fc0aaff9224a678bb3210f1e8767ea,7c061d36393540b49e20d98086bdb5bd,022e16490d1949b9ab2fc1de5a837031,0228b1e9e3244da3a727930123ba7bda,9aca522158f443fd8a9caaec38ae5e2c,1004b33e3126472faa78e1929ed974e6,d60986f4025d443ea58adba0e3d224a1,18ab15fbf00f42f7a410ec75f7592bea,36ee1613abf245cdbe93fef69b5f981f,9500823cb050427696343b1ea5cf8881,9ffa09a2b9bd4da0ba98fc537ca68802
8b37e7b8f87749c48d81e99c8d376700,7c061d36393540b49e20d98086bdb5bd,022e16490d1949b9ab2fc1de5a837031,0228b1e9e3244da3a727930123ba7bda,9aca522158f443fd8a9caaec38ae5e2c,1004b33e3126472faa78e1929ed974e6,d60986f4025d443ea58adba0e3d224a1,18ab15fbf00f42f7a410ec75f7592bea,36ee1613abf245cdbe93fef69b5f981f,9ffa09a2b9bd4da0ba98fc537ca68802,3574ab91c29940b3afc62354ae06b73b
2e9248c10d1044a2a090d3fa4aa29fe5,91f9f8576e5142a49926bd623b0bc19c,f8856799293e49feab6368e794eb8b00,632cc2bc04034dd4848855fe6497262d,6c6de17135be4f8c9423be633eaefcd4,45e440d874a54bb591862ff441114cd3,babbeca1f6a244a2a11ea77a3855e70f,f5d09519cf7647f8a107cd8fadd322e5,e22e1ad3c1fc4493bcb7c9b923566ff7,c78547bdc2e64ac8935559f7de2efd41,a9573f188204436090fb4a5240e4eccd
8d4f78a13e3e4f569761273ba212d220,a9573f188204436090fb4a5240e4eccd,babbeca1f6a244a2a11ea77a3855e70f,45e440d874a54bb591862ff441114cd3,19593c97fef0474dbe6051e28338f1e9,43ee0103cba54b4e9d165717735ca0f6,91f9f8576e5142a49926bd623b0bc19c,0c9c05f86aa042abbdd66d2b2d05d374,cc243eebbb2b44a581745865a60c423a,119a6d7b4af3458b951fc1c5ab5e1738,d9096650c434432c871effeca9acd5c6
5487b0f31d2343fea0caab9f145c7a40,938147b72e9540da8513910871e0830a,f37d285ad0de42f0b1546d0d1acfb221,119a6d7b4af3458b951fc1c5ab5e1738,dee9eddb2eac41bfaf36d3279d43674a,8a9dc60359ba49cd8ac170cfb4ac3913,7fe9e665bf41491c9788941aa2894a10,43ee0103cba54b4e9d165717735ca0f6,35d06fce2df446569702778e2250bd82,babbeca1f6a244a2a11ea77a3855e70f,f0084465b2e646c9a53d9dc766067d9b
678907f3b26242c9b3555311ee9dbf79,91f9f8576e5142a49926bd623b0bc19c,f8856799293e49feab6368e794eb8b00,632cc2bc04034dd4848855fe6497262d,6c6de17135be4f8c9423be633eaefcd4,45e440d874a54bb591862ff441114cd3,189a3b686ad14c24b5e1a495f76dd239,babbeca1f6a244a2a11ea77a3855e70f,e22e1ad3c1fc4493bcb7c9b923566ff7,f5d09519cf7647f8a107cd8fadd322e5,a9573f188204436090fb4a5240e4eccd
e69d128634c04bf0aebd7c02e123f5f6,119a6d7b4af3458b951fc1c5ab5e1738,98b2022b2cb84af09ee8b789db928b13,e429a2e164a24919a12edcc8d4ea8f09,0092d1d820c64646b8bee9fd14f77acf,c4b9d7a8d5d342459d2282589b3af293,e53dd6188816429ab915de6f9649a026,796eade2ee4f466781d9f6669db43e48,a9573f188204436090fb4a5240e4eccd,35d06fce2df446569702778e2250bd82,655a618282cd4fa39a26f0967c033f4b
2b8cd6d21f1d45bb8ae377278a33d5c6,45e440d874a54bb591862ff441114cd3,babbeca1f6a244a2a11ea77a3855e70f,91f9f8576e5142a49926bd623b0bc19c,f5d09519cf7647f8a107cd8fadd322e5,43ee0103cba54b4e9d165717735ca0f6,230b9ef63ea240e9b61a18f41473f942,3e6a4b65a1004c08a6f3f570cf986c2f,a9573f188204436090fb4a5240e4eccd,31cf7db26a3249c5a6205b005662ddcf,cd764fbfae774d068af7549c648a02c9
73fbb300f6aa425590b0e4d909f7a1ae,119a6d7b4af3458b951fc1c5ab5e1738,98b2022b2cb84af09ee8b789db928b13,e429a2e164a24919a12edcc8d4ea8f09,0092d1d820c64646b8bee9fd14f77acf,35d06fce2df446569702778e2250bd82,a9573f188204436090fb4a5240e4eccd,04537eabb0434eb2804d1220770b85a0,3c0f3b44c0844df49b5898406fe9195a,c4b9d7a8d5d342459d2282589b3af293,796eade2ee4f466781d9f6669db43e48
9d66c66d77b74f5da8cab53f98ae38b0,45e440d874a54bb591862ff441114cd3,babbeca1f6a244a2a11ea77a3855e70f,91f9f8576e5142a49926bd623b0bc19c,f5d09519cf7647f8a107cd8fadd322e5,43ee0103cba54b4e9d165717735ca0f6,230b9ef63ea240e9b61a18f41473f942,3e6a4b65a1004c08a6f3f570cf986c2f,cd764fbfae774d068af7549c648a02c9,31cf7db26a3249c5a6205b005662ddcf,2b039224b54142d185a406b31fe01de2
56efccc089ce469697f14a0e2751fe90,be8953cc364d46cebbcc2c2da2c348ab,e06d08ff594a4acbac12edf579743fcf,7584980704ae4617bb27ca162cc9c5db,403835bbf2f1447188bcc78e062b0028,5e44915237fc4445b54b037e1c4e29a4,0c889c151e094b948c13b0275e660a9c,f335a944a27a4504a82ecf70c2d4a5e4,baad022010b44fad8d8410869d909fd1,4d0a737f396d4a95808085bd1306746c,cd6ce920d00e4d17a6cf04f9f7e550b7
e31088791958477299febc77d6975d33,7584980704ae4617bb27ca162cc9c5db,be8953cc364d46cebbcc2c2da2c348ab,5e44915237fc4445b54b037e1c4e29a4,e06d08ff594a4acbac12edf579743fcf,051d304b7139431fb3bff19b4e75aff7,4e22dc65beb7450b9260cf27e50919e4,403835bbf2f1447188bcc78e062b0028,ae3f42d57b3046a3821026173286a43e,0c889c151e094b948c13b0275e660a9c,4c67cc7a1ccc496db132636e3f4853a2
8dfe042169ed4a25b339fab1a8f0f16d,7584980704ae4617bb27ca162cc9c5db,5e44915237fc4445b54b037e1c4e29a4,be8953cc364d46cebbcc2c2da2c348ab,e06d08ff594a4acbac12edf579743fcf,4e22dc65beb7450b9260cf27e50919e4,051d304b7139431fb3bff19b4e75aff7,403835bbf2f1447188bcc78e062b0028,0c889c151e094b948c13b0275e660a9c,59e4dcf2794943b18fb902a6eb475ff8,4d0a737f396d4a95808085bd1306746c
724bf6d6ea0d432996a6179d83a8742f,be8953cc364d46cebbcc2c2da2c348ab,e06d08ff594a4acbac12edf579743fcf,403835bbf2f1447188bcc78e062b0028,5e44915237fc4445b54b037e1c4e29a4,7584980704ae4617bb27ca162cc9c5db,4d0a737f396d4a95808085bd1306746c,f335a944a27a4504a82ecf70c2d4a5e4,4e22dc65beb7450b9260cf27e50919e4,cd6ce920d00e4d17a6cf04f9f7e550b7,68aefc97056440af874039a28497cf98
5110e733136c4f9e9e3e0388147c41d3,bfd1d441da734aad88cfacdab3ee4059,98fbdf945d0c4206a48a4f7260e56017,a4af9472683c4df0a86f9400c99c2b61,7daa434073604cb98a04fefb55468dda,bbdf9065122d499d9d8f80ad3e0ef6f3,6866efc8987a4ec8b04b7abd28fb5777,3d3e8565d2f84e0cad5ae622f2909765,b675be39e8ff421aa59811f146da945b,e7ee85dd47ca43eeb2fdcd70b802f0ec,3766b26b53874893ae48693880e1942c
d627c1b3e1d84eaf95b43f0b19887946,bfd1d441da734aad88cfacdab3ee4059,98fbdf945d0c4206a48a4f7260e56017,a4af9472683c4df0a86f9400c99c2b61,3d3e8565d2f84e0cad5ae622f2909765,7daa434073604cb98a04fefb55468dda,6866efc8987a4ec8b04b7abd28fb5777,bbdf9065122d499d9d8f80ad3e0ef6f3,4e4495962a9b4864882397042f1a2b3e,3766b26b53874893ae48693880e1942c,40a95697730046dcbb0d7ba1fe2109a6
62f80659cc834d849c6c533c0376e039,1ade4365590a4ac7865100d8c791e340,ef511457ee7c490c8e10eccf6e18fef6,bfd1d441da734aad88cfacdab3ee4059,94ed54abfdc74b04b0dcb19c278e66f4,b4dadb3ea3a04cc3932094471debce13,04d24d1cf42b4f7787d8d300cbad6d50,b64cef9df31c4e92a7b7ecd42f74f396,7bbe3c76bcc04d73969f920d43fcc67d,98fbdf945d0c4206a48a4f7260e56017,b01fd4d037a84a7aa777e1fc345c73c5
ed92bb218d234e48ac3d86b2aa76aab3,1ade4365590a4ac7865100d8c791e340,ef511457ee7c490c8e10eccf6e18fef6,bfd1d441da734aad88cfacdab3ee4059,04d24d1cf42b4f7787d8d300cbad6d50,94ed54abfdc74b04b0dcb19c278e66f4,3e59b61eb70146308db2308b988b54cf,b4dadb3ea3a04cc3932094471debce13,e6afe89ff7bc491193141c057083d8a8,7bbe3c76bcc04d73969f920d43fcc67d,27a0d24dc1e14b28a1f18456b29c93f1
ff83f47b54ea45f188b7e4f0e1004b41,910827a15eac4e4b9005d8e46ad71f6e,e429a2e164a24919a12edcc8d4ea8f09,655a618282cd4fa39a26f0967c033f4b,796eade2ee4f466781d9f6669db43e48,452d645d5bf4485185e996dcec9523e5,211ef3181e524685866fb8574d9bf456,7960902edf4b47d686f704441aa56b0e,764b8280445d4023aecaa53cf7758932,d2bcc978e7aa49908919d9fc40138b27,570f08ce2a1a47978eab16bf7ad16a68
994020e88b914429981fbfe2cfa5e565,910827a15eac4e4b9005d8e46ad71f6e,570f08ce2a1a47978eab16bf7ad16a68,7d6122daabe442ffb5e57ece1882e714,655a618282cd4fa39a26f0967c033f4b,04537eabb0434eb2804d1220770b85a0,764b8280445d4023aecaa53cf7758932,452d645d5bf4485185e996dcec9523e5,b626eb67c2e14afeae2846bb150976f3,7960902edf4b47d686f704441aa56b0e,0ecfdd96e0054841883acba75e83b232
be1d69a178cf4f6eb0dd17f1c8ddaeec,a865b8d581b44104afe7c8508e3486f5,812a1568c77d46e695f8eb7357e24a0e,1e376f9d0945477983c8d851e4b2cf5e,b8da01ceddcb45a491a288ddbc658e90,43464ed6733f4642a0b90e7d995a5e40,8a9dc60359ba49cd8ac170cfb4ac3913,73f684f538ea452cbb4fbecc2e8126a4,db620271348d404a9a0b978d96c63f29,595e438d2b394bb3a3259f47efd37ae8,d65e3a3657ae455e954b6d7221afc84c
95430a01e9424f2fb85d7c054d48b095,a865b8d581b44104afe7c8508e3486f5,b8da01ceddcb45a491a288ddbc658e90,452d645d5bf4485185e996dcec9523e5,06a5f0cec6ce4170a02dad0ad4c55b1c,af532d6e5090478ba520505d5f9107f2,b98519f97e424c1389f5553f0869b15a,73f684f538ea452cbb4fbecc2e8126a4,764b8280445d4023aecaa53cf7758932,43464ed6733f4642a0b90e7d995a5e40,77ce0587a12b46bab8814225ba86753e
2a4d82a3bc464739aa7001ddadab5941,82d68ea370f8451aa16ea08f4601245c,26869cc099c44c4a86f6043476ab4890,556743bab70d4b75bafcf192fef95b16,f464960d2dbc43c0970c60600bd7f1cd,039a871609044cb1b69f70c082fe61d8,a94cb58f1ca8456b96e39b5b1ebfb7ea,095ac293b64a4a58b1b3d3f71453a267,8fca2e4873e946f7a788af2b846cebd7,a2612682d9854a30a7684c91c8619ec9,724a3f6551e74ad585bdeac9a75fd639
7edf2ee95e36433ab46c330e885c1d39,199647bd1328406c83c5a875154f97d9,9bf3b77eb9874f5f9e006a9cff111ea9,13e659415ac84c7a81fc769111d43417,17b5eb6fab65476f827dd355b4a20a55,ac5a760b45c146ec840193371cfb2d30,da61e0de396149208c9ebd0fd6d7415d,f5bcc6f48ed2447581b401d453039866,8987ceafff324f9599b842542e37eddd,724a3f6551e74ad585bdeac9a75fd639,da88fa5efc674368b593444ca950dff9
c471650b1b634a97a2a0fa5c4c193821,82d68ea370f8451aa16ea08f4601245c,556743bab70d4b75bafcf192fef95b16,26869cc099c44c4a86f6043476ab4890,095ac293b64a4a58b1b3d3f71453a267,039a871609044cb1b69f70c082fe61d8,a2612682d9854a30a7684c91c8619ec9,f464960d2dbc43c0970c60600bd7f1cd,8fca2e4873e946f7a788af2b846cebd7,39e2b00e1cbd471488cf56f31d2cec7f,a94cb58f1ca8456b96e39b5b1ebfb7ea
ea67a7776ad641bb96024eb085c8da08,0cc5015848a044b59fa4b290813f859c,8b4e9e3d234e4eec99a7651e246bbfa3,5b588e34588940788a22036b775ecc2f,268f8ec9f2734029a8e75857db56ccb3,75efe5ddef364f49865d9bb283492b48,5e0a2bc284cf4002914ae4e6aaef41e8,32aaca2a732f4272b237374d3cdeec90,31cf7db26a3249c5a6205b005662ddcf,3e6a4b65a1004c08a6f3f570cf986c2f,b2992fe473124dd0b895cf81f59f6db6
86595c214b4d48e6bf56a1b3d810b7b4,64fc9fe3c8d5424ebc005e5cf4a608db,b2992fe473124dd0b895cf81f59f6db6,2b039224b54142d185a406b31fe01de2,43ee0103cba54b4e9d165717735ca0f6,bf789f42ccfc42c5a330a3f6e30ddb83,31cf7db26a3249c5a6205b005662ddcf,342aaa81ed004635bbf9cbc2592cd7b6,cd764fbfae774d068af7549c648a02c9,13cda6e8f2d948eeb5508288a172e76f,37ae696e40dd42ebb4738722daa3c523
7e0717d2a2af4dd4ba5e3dd3d3f400a0,64fc9fe3c8d5424ebc005e5cf4a608db,b2992fe473124dd0b895cf81f59f6db6,2b039224b54142d185a406b31fe01de2,43ee0103cba54b4e9d165717735ca0f6,31cf7db26a3249c5a6205b005662ddcf,bf789f42ccfc42c5a330a3f6e30ddb83,342aaa81ed004635bbf9cbc2592cd7b6,c3f66637872c4141ab3898296739457d,e8f18e4bdf054390a1768978dca8e430,cd764fbfae774d068af7549c648a02c9
5192a81fd8094f908c353ed7b3066200,fb8c2b83e46441c2aaa7c81d3642e2da,e79ae27b52fa4d54aa37735fd275c66e,6f57d1175ad243edada61643d01fcd54,db0c3a952e454b90aa4a68feb6a50e87,c14e45f5201b4038bdddddb238d888a3,32aaca2a732f4272b237374d3cdeec90,df7ea50171af48df81584ab7e8107d15,75efe5ddef364f49865d9bb283492b48,df0c94234d9d4890b5b4b95c441b3e9a,c78547bdc2e64ac8935559f7de2efd41
19526db7bf344d92961055ab7ef1879f,c14e45f5201b4038bdddddb238d888a3,0cc5015848a044b59fa4b290813f859c,511fe9c8b20b4fda94969745238c9474,6dc5832f0ac04df2bd99c6415b3ecf09,45f4192f485a49d9a75219ae4d0c41ee,d476be2399b7424a88d242b771c32041,eee7f32249c5452ea36c8ed3a3540010,7d0190486da540718e4dc4ca4bd1f573,999a2b52a5004ee984e587d5a1327b23,ad42c467d0fe43dbb328073f9a16bc4d
85d7d994d8a648c5a59c2973bb1bc507,75efe5ddef364f49865d9bb283492b48,32aaca2a732f4272b237374d3cdeec90,225818abe99e45a0bf5b0b3ec30db76b,f439b5616ba24b7f82eccfa095a0eff8,36ee1613abf245cdbe93fef69b5f981f,cc243eebbb2b44a581745865a60c423a,c756409435634fc48c643a64e73c93ce,13cda6e8f2d948eeb5508288a172e76f,b9228fdb5f0c413d81cffb51829d95c6,ef60b54aa4b5490890da32d0bb8c9cbf
2103b437c3c1452a96d8e7e1e5e20cc9,32aaca2a732f4272b237374d3cdeec90,75efe5ddef364f49865d9bb283492b48,225818abe99e45a0bf5b0b3ec30db76b,8dfbb6a204a0441492c35baca6190969,c756409435634fc48c643a64e73c93ce,ef60b54aa4b5490890da32d0bb8c9cbf,cc243eebbb2b44a581745865a60c423a,36ee1613abf245cdbe93fef69b5f981f,df7ea50171af48df81584ab7e8107d15,9677dd2a3aae457a8079087ce4177e14
21b1c7bbd46b4c41a0df6625bd007760,32aaca2a732f4272b237374d3cdeec90,75efe5ddef364f49865d9bb283492b48,c756409435634fc48c643a64e73c93ce,225818abe99e45a0bf5b0b3ec30db76b,236c362d8b664c93b41882c119df9706,36ee1613abf245cdbe93fef69b5f981f,8dfbb6a204a0441492c35baca6190969,31a2675a2e944a1ab3b810cfb92ebd34,9677dd2a3aae457a8079087ce4177e14,fb8c2b83e46441c2aaa7c81d3642e2da
16176b85fa7d4eea8ca712599e1d734c,65e30dd62cfa4dccb9ea4d908a9d6fab,84ff5144597241bba5cbd3d0b21d220d,2d43cf91509846e29ab4febd7781919f,27a0d24dc1e14b28a1f18456b29c93f1,7daa434073604cb98a04fefb55468dda,3d3e8565d2f84e0cad5ae622f2909765,b585a2970e9f421da236241f603883f2,da88fa5efc674368b593444ca950dff9,9500823cb050427696343b1ea5cf8881,5455e62f52ae4e03b2a5d0e8b9899506
44a899ade12146e4b8343990c9980025,7d3d751215194e649a03457226f599d7,74de04f31db94a99b757685c91779412,1ade4365590a4ac7865100d8c791e340,86179aff3df24ff59b11e9a34974a3f4,bb84a4cf60c84a8d8e23276b1863d293,94ed54abfdc74b04b0dcb19c278e66f4,2d43cf91509846e29ab4febd7781919f,d37bf09399d848df9a4d880fb097239c,a0408a6462b24cf18e50a8616359d5ad,54e9bbd0093947a3bda5fef48ef7493d
bf6b8d38a56c4b30b5e752bb54b78f62,84ff5144597241bba5cbd3d0b21d220d,b585a2970e9f421da236241f603883f2,65e30dd62cfa4dccb9ea4d908a9d6fab,da88fa5efc674368b593444ca950dff9,85d4175b563d48e5bc6a991b23662f24,25afb6f7e9314af09008644bca5955b9,3d3e8565d2f84e0cad5ae622f2909765,e9428816b054499298745b742f128f65,f464960d2dbc43c0970c60600bd7f1cd,7daa434073604cb98a04fefb55468dda
b18687f1960d4a13bbb6477d2e14af49,63ba014f9cc747ac87013da6be0ceab9,b2992fe473124dd0b895cf81f59f6db6,d25e6f2fc8154dd7816f8f7a41bee12b,c4b9d7a8d5d342459d2282589b3af293,afaf2edba0ee4d58860a5a04e4aabc5c,8b4e9e3d234e4eec99a7651e246bbfa3,230b9ef63ea240e9b61a18f41473f942,9aca522158f443fd8a9caaec38ae5e2c,0592b57e490d4206a3f12eb004a0afe0,342aaa81ed004635bbf9cbc2592cd7b6
d40db3ad6f6e4cb6ade7fff2ae8e6902,01930613ce7d4a5f90ccf78d1e92a55d,7ec1584e9a5b49eab9ef249143d9bb86,ce4fdd5499f8498793c11e586f7da70c,9ffa09a2b9bd4da0ba98fc537ca68802,9aca522158f443fd8a9caaec38ae5e2c,36ee1613abf245cdbe93fef69b5f981f,da61d9bc8f024a4aba18d5c3072b7838,bf789f42ccfc42c5a330a3f6e30ddb83,99ba4cc9355f4d79a68bc69ac12a716f,a64f6232ee1e4357937008a327a63cf4
14ed0bcfd70f4e29b824ae027aa62fd7,01930613ce7d4a5f90ccf78d1e92a55d,36ee1613abf245cdbe93fef69b5f981f,ce4fdd5499f8498793c11e586f7da70c,1004b33e3126472faa78e1929ed974e6,da61d9bc8f024a4aba18d5c3072b7838,9ffa09a2b9bd4da0ba98fc537ca68802,9aca522158f443fd8a9caaec38ae5e2c,f2077addeb6142c8b3540916522126e8,e8f18e4bdf054390a1768978dca8e430,bf789f42ccfc42c5a330a3f6e30ddb83
67d233f58d224956a6992019e5ee4e52,be8953cc364d46cebbcc2c2da2c348ab,7584980704ae4617bb27ca162cc9c5db,0c889c151e094b948c13b0275e660a9c,5e44915237fc4445b54b037e1c4e29a4,051d304b7139431fb3bff19b4e75aff7,59e4dcf2794943b18fb902a6eb475ff8,403835bbf2f1447188bcc78e062b0028,e06d08ff594a4acbac12edf579743fcf,ae3f42d57b3046a3821026173286a43e,03df72bcf3504272a27f4bbaea89118a
a3afbfc200e74247b56879592dfebb6b,be8953cc364d46cebbcc2c2da2c348ab,7584980704ae4617bb27ca162cc9c5db,051d304b7139431fb3bff19b4e75aff7,0c889c151e094b948c13b0275e660a9c,5e44915237fc4445b54b037e1c4e29a4,e06d08ff594a4acbac12edf579743fcf,403835bbf2f1447188bcc78e062b0028,59e4dcf2794943b18fb902a6eb475ff8,ae3f42d57b3046a3821026173286a43e,291130c42a884be2800e026bab5ddf53
8d7604f278b740d4aeacdb8878c4346c,7e190e3c05d74e6b9f103e39142c1684,aedd476072b345e9be46ebd7260e93a6,ff171f0b29974f78b0e81fee30abdd38,0cdb0f32850f4585a16de4886462bbe0,7c1126d46a934db6b951d1e98feae327,5fc200cab89346658c9c91cce27e85fe,ca5add3cbf044a95a5bec88a5841ce98,eabdd2813a954f9aa01f0eb8212ee387,2c8eafa0ff26437a862dc2224ab57073,2070754bb5dd4a248be9c2a6a1a9d381
8ec2127576a4485793b9d92153318d43,7e190e3c05d74e6b9f103e39142c1684,aedd476072b345e9be46ebd7260e93a6,a94cb58f1ca8456b96e39b5b1ebfb7ea,7627d5e28ba74cbeaf9225e88a7a44cc,4d0a737f396d4a95808085bd1306746c,04d24d1cf42b4f7787d8d300cbad6d50,ff171f0b29974f78b0e81fee30abdd38,0cdb0f32850f4585a16de4886462bbe0,94ed54abfdc74b04b0dcb19c278e66f4,30c71719aed84c07ae21d0eff0deed72
626cb3b50e974ad681234aa162f908dc,097c30a7f39a4a3abf6da2ca80cad3a5,bb5c7d03a54647d08b8c62deeb803271,0f785440b29548e1a1968868262fd42e,d9ac372330a4446886fa19bac0d19877,6af17cec494c4373a95865d270a29171,01bbbf1caa554d94b5decb69cc1add41,4a6eba10a02a4ecdbb6b25e8651c3789,5c644b51b1394a7b8fa0a9a6275c422d,eb21a4e2b7bd43efbdf0c365415e7fef,36ee1613abf245cdbe93fef69b5f981f
94f452ef32d5484fb3f57a09817b9f1d,009be1c3430743ff9b054bdfcd6228d6,1c2b01416e3943e3b3c575e53c3f1d16,d2a03ea4b2d3439ca3dc6fe056ab0f04,18ab15fbf00f42f7a410ec75f7592bea,10b152bdafe94db8a93f7c374226a071,597aab8bb15240f89fd1b24a8e38258d,b0236c76ae244fd8aacbea7da10e55ca,d60986f4025d443ea58adba0e3d224a1,1a842f077119475794cc2de48e154374,673aee19895b4d339ada93213d8874ac
535a28e902f348a580ea213312ceb00c,097c30a7f39a4a3abf6da2ca80cad3a5,0f785440b29548e1a1968868262fd42e,bb5c7d03a54647d08b8c62deeb803271,01bbbf1caa554d94b5decb69cc1add41,d9ac372330a4446886fa19bac0d19877,5c644b51b1394a7b8fa0a9a6275c422d,eb21a4e2b7bd43efbdf0c365415e7fef,26b18153216b48d793b75598ddb54d77,4a6eba10a02a4ecdbb6b25e8651c3789,6af17cec494c4373a95865d270a29171
e15e47a180cc428db81815b4d543f5b2,009be1c3430743ff9b054bdfcd6228d6,1c2b01416e3943e3b3c575e53c3f1d16,d2a03ea4b2d3439ca3dc6fe056ab0f04,18ab15fbf00f42f7a410ec75f7592bea,597aab8bb15240f89fd1b24a8e38258d,10b152bdafe94db8a93f7c374226a071,b0236c76ae244fd8aacbea7da10e55ca,d60986f4025d443ea58adba0e3d224a1,1a842f077119475794cc2de48e154374,673aee19895b4d339ada93213d8874ac
da51bfb867844c51948b40b82c100086,da61e0de396149208c9ebd0fd6d7415d,530b37164090408dbab4e6da51111b8a,f5bcc6f48ed2447581b401d453039866,d87e5facd03b45f9829e8a1cd0fe0190,c3502ff31ce6459a96164c934f297562,7dd5e88dfdd24cafab2c765939757354,6866efc8987a4ec8b04b7abd28fb5777,c84deec0ecf843c39f52d4cb8e7300f8,de6ac628a786435f9925c8cc1d707d6b,01ffceddb5b34406a08bb982b424b3cf
ac80730acb08455c893a3d869cfc6da4,da61e0de396149208c9ebd0fd6d7415d,f5bcc6f48ed2447581b401d453039866,530b37164090408dbab4e6da51111b8a,c3502ff31ce6459a96164c934f297562,d87e5facd03b45f9829e8a1cd0fe0190,de6ac628a786435f9925c8cc1d707d6b,e4e12f4711fd41e39075e26cc274df45,199647bd1328406c83c5a875154f97d9,243dbbcdc67c42bfa6f32c47477adf6d,910827a15eac4e4b9005d8e46ad71f6e
f9840dbad6f34d8dafdf0b5c3bf04cb8,530b37164090408dbab4e6da51111b8a,f5bcc6f48ed2447581b401d453039866,da61e0de396149208c9ebd0fd6d7415d,d87e5facd03b45f9829e8a1cd0fe0190,105ad424733e4cffa7c474b51e3980aa,6b4676aba2a746b3ab778315afc8ee82,6866efc8987a4ec8b04b7abd28fb5777,76e41369a6794714a9fab6968839bfe6,26869cc099c44c4a86f6043476ab4890,ca544e6629b14e8fab5f7cb40d1ac88e
b5a9253e400f4be2a770d5cc396a168d,291130c42a884be2800e026bab5ddf53,59e4dcf2794943b18fb902a6eb475ff8,c4e79c8992e54866b0c6f26c55b1a774,664da77d25e74df693eaad44a5e7617f,051d304b7139431fb3bff19b4e75aff7,03df72bcf3504272a27f4bbaea89118a,599feb1e512c43ad8c0a1845922acf78,be8953cc364d46cebbcc2c2da2c348ab,c2a665cec90e46db8d2a74389beb4649,5e44915237fc4445b54b037e1c4e29a4
7225852aa975430d8fdd288151e7f0b1,291130c42a884be2800e026bab5ddf53,59e4dcf2794943b18fb902a6eb475ff8,c4e79c8992e54866b0c6f26c55b1a774,664da77d25e74df693eaad44a5e7617f,051d304b7139431fb3bff19b4e75aff7,e1c63000ace94c1d9381d82389fe6afd,01930613ce7d4a5f90ccf78d1e92a55d,599feb1e512c43ad8c0a1845922acf78,03df72bcf3504272a27f4bbaea89118a,5e44915237fc4445b54b037e1c4e29a4
a96d696a72654ee6b6dc50fd558310c7,c4e79c8992e54866b0c6f26c55b1a774,291130c42a884be2800e026bab5ddf53,db620271348d404a9a0b978d96c63f29,c2a665cec90e46db8d2a74389beb4649,59e4dcf2794943b18fb902a6eb475ff8,36ee1613abf245cdbe93fef69b5f981f,5cf392f15360460bae6a6b0182bb99b9,01930613ce7d4a5f90ccf78d1e92a55d,f12e9e5805534d719f829332d1ea5d29,a297e08effdf4a69a6c4d79a34a0c6ad
37b367fa65f74351b74612f813c76536,c4e79c8992e54866b0c6f26c55b1a774,291130c42a884be2800e026bab5ddf53,db620271348d404a9a0b978d96c63f29,f12e9e5805534d719f829332d1ea5d29,c2a665cec90e46db8d2a74389beb4649,5cf392f15360460bae6a6b0182bb99b9,59e4dcf2794943b18fb902a6eb475ff8,8dfe01febd46475ab5aef97033716ce1,daed5458403e49e3aea72f4bcc6dd224,03df72bcf3504272a27f4bbaea89118a
08f68074e69745d0a65e386ce21fddc8,1d93c07de74c482ebf0a76ec564c3252,a8904adcdd21495f890bc614bfdbf86f,716a15d66b63424a8068da89e75733b4,91f0da6d71574ababd8e868bddec9310,afac6ae28fac41dabae96696990c5555,13aca0959cc948cabeee0d7255f55a65,d7618b61a65a4bc1a0d0f2cc1bddc448,50aa0f56e00d4c23ac78b3e63bc0f0e1,8c5f38853679436ba434b6a696e43168,d37bf09399d848df9a4d880fb097239c
68465053fe3d4c0bb46ce2dd5bd8a32b,13aca0959cc948cabeee0d7255f55a65,1d93c07de74c482ebf0a76ec564c3252,50aa0f56e00d4c23ac78b3e63bc0f0e1,91f0da6d71574ababd8e868bddec9310,716a15d66b63424a8068da89e75733b4,b01fd4d037a84a7aa777e1fc345c73c5,8c5f38853679436ba434b6a696e43168,a8904adcdd21495f890bc614bfdbf86f,af648fa7ac6c4c50a246de470329cd83,8ad1f345ca194b29bde0a924f27b2de5
893596ad13e54f2daf6287092d79d6ae,50aa0f56e00d4c23ac78b3e63bc0f0e1,1d93c07de74c482ebf0a76ec564c3252,13aca0959cc948cabeee0d7255f55a65,8c5f38853679436ba434b6a696e43168,716a15d66b63424a8068da89e75733b4,91f0da6d71574ababd8e868bddec9310,b01fd4d037a84a7aa777e1fc345c73c5,a8904adcdd21495f890bc614bfdbf86f,af648fa7ac6c4c50a246de470329cd83,afac6ae28fac41dabae96696990c5555
603dd3df1374474d9bb550bfa01147e6,50aa0f56e00d4c23ac78b3e63bc0f0e1,1d93c07de74c482ebf0a76ec564c3252,af648fa7ac6c4c50a246de470329cd83,5e199f7727cc4910ad88dbd81ed1ec82,afac6ae28fac41dabae96696990c5555,8c5f38853679436ba434b6a696e43168,fe363cef357840fcb35f320fe7c27e4e,bb6ecabbce1b43d997d00d7acdc95193,8ad1f345ca194b29bde0a924f27b2de5,13aca0959cc948cabeee0d7255f55a65
02de17a638f94e98ac7dce22ddde14ee,5c644b51b1394a7b8fa0a9a6275c422d,8fca2e4873e946f7a788af2b846cebd7,5455e62f52ae4e03b2a5d0e8b9899506,a2612682d9854a30a7684c91c8619ec9,039a871609044cb1b69f70c082fe61d8,4a7fa5a1bafe4b6995e2920444ac07c4,9500823cb050427696343b1ea5cf8881,66cba49431224a3788f914d6a80165e1,26b18153216b48d793b75598ddb54d77,be70e49b76c24527b4fddfb6b78b6d8d
902d22a8d96c4f0ab484d880bfc2e287,5c644b51b1394a7b8fa0a9a6275c422d,8fca2e4873e946f7a788af2b846cebd7,5455e62f52ae4e03b2a5d0e8b9899506,ca544e6629b14e8fab5f7cb40d1ac88e,26b18153216b48d793b75598ddb54d77,39e2b00e1cbd471488cf56f31d2cec7f,0f785440b29548e1a1968868262fd42e,039a871609044cb1b69f70c082fe61d8,a2612682d9854a30a7684c91c8619ec9,4a7fa5a1bafe4b6995e2920444ac07c4
ae7ab0c6a5a14d8e8586a9699557a7fd,a2612682d9854a30a7684c91c8619ec9,5c644b51b1394a7b8fa0a9a6275c422d,50a2129b83404b94889a01f4688ebafd,3574ab91c29940b3afc62354ae06b73b,40a95697730046dcbb0d7ba1fe2109a6,5455e62f52ae4e03b2a5d0e8b9899506,f464960d2dbc43c0970c60600bd7f1cd,9500823cb050427696343b1ea5cf8881,da88fa5efc674368b593444ca950dff9,25afb6f7e9314af09008644bca5955b9
b0bed57573cb454590995348d9c3451b,25afb6f7e9314af09008644bca5955b9,e88ce4cd350f43398a5c0ab8629cee72,7bbe3c76bcc04d73969f920d43fcc67d,04fa591263664fb0a6868552ebd3590b,40a95697730046dcbb0d7ba1fe2109a6,ef511457ee7c490c8e10eccf6e18fef6,b4dadb3ea3a04cc3932094471debce13,e9428816b054499298745b742f128f65,85d4175b563d48e5bc6a991b23662f24,5c8a8b7a59c54b9aa7b7136fd91b5869
7599a56ef38f493d9ee1b47c9ae8fb02,25afb6f7e9314af09008644bca5955b9,e88ce4cd350f43398a5c0ab8629cee72,7bbe3c76bcc04d73969f920d43fcc67d,04fa591263664fb0a6868552ebd3590b,40a95697730046dcbb0d7ba1fe2109a6,ef511457ee7c490c8e10eccf6e18fef6,b4dadb3ea3a04cc3932094471debce13,85d4175b563d48e5bc6a991b23662f24,76e41369a6794714a9fab6968839bfe6,04d24d1cf42b4f7787d8d300cbad6d50
165c7dbc2b894793b9fb4752c3092399,d476be2399b7424a88d242b771c32041,511fe9c8b20b4fda94969745238c9474,7d0190486da540718e4dc4ca4bd1f573,45f4192f485a49d9a75219ae4d0c41ee,e4ee90d625d44a6d9adc138390eef0f8,2939ef012c5c4a1b94b49df9469dfb3c,6dc5832f0ac04df2bd99c6415b3ecf09,174581fc299840e18e827432c0cce4dc,5605fa1188974644937bbf92fec50e21,d9b70c4ed8bb4fc5957ecebf102528ee
5d809a0446e94ce08823b0be4c6e85f3,d476be2399b7424a88d242b771c32041,b40d3c588ad647ff85e397a6bc5f9d8b,e511c40ca6324803b5021e47b4e777f8,5f481b07f9734f518a14853831233b78,c1def54262224e23acf67a9870725ce5,6dc5832f0ac04df2bd99c6415b3ecf09,ad42c467d0fe43dbb328073f9a16bc4d,b69c17a10a55494d8caa56c33e8f4a56,29fb30a75c57451a85f310aa6423a662,643fbbdd6b764ba9904a4ee67a86b9fd
92568b35bd5b40c6860861e28db2deb2,9948a890ef25479e834f70944cb42eae,73f684f538ea452cbb4fbecc2e8126a4,67dd23cfd20f46dc82acc82c108a1dc6,0ecfdd96e0054841883acba75e83b232,3138244ae91040948d5bd6772e4075ea,70558882c04e46bd99d15e9786468418,4a3d4daed4b24a1898551f0fd1ba44f1,f5b766ea6abe4b5fb27d49cc3bc06020,da9cfbdf124143b78bec89393dd5287a,e343a998f4df4ac195c84e0fb571a393
158d18f87a6b42b483a70835afe005fe,9948a890ef25479e834f70944cb42eae,73f684f538ea452cbb4fbecc2e8126a4,3f1c2bb09c4e4400b6ba19542fafce18,434551fdf9e443ed91679a9557ae6fd5,ca0fe2dd97434e2ca7aecc38d4f1fcd9,67dd23cfd20f46dc82acc82c108a1dc6,e343a998f4df4ac195c84e0fb571a393,56272326c7e94e419ea8c69fb634f610,3356a8a8c6ee4f30bc2b028e360d4471,ed4449952a9e45339b76fc5f123cb917
0c0e949f7e9b48398fe5eff0d7dd803e,26e55eb4d910464497d700bfdf5a36ca,092cb872c8724c7681c50da9c6cfa252,57bcda73abab44ee930b20cdaee9d24b,0eb119aabc884795a4768c6d3e677ea1,98fbdf945d0c4206a48a4f7260e56017,8889c114b071429cbe2418f5b0f2024b,27a0d24dc1e14b28a1f18456b29c93f1,59f62d35b1ad451397b700b3dad25448,d658e3a743af41899183fecff6b2628d,a5d5fb459a1844088e93ae557ab34afe
4ea8b345742042fd848e678d308fa183,092cb872c8724c7681c50da9c6cfa252,57bcda73abab44ee930b20cdaee9d24b,26e55eb4d910464497d700bfdf5a36ca,e7ee85dd47ca43eeb2fdcd70b802f0ec,a5d5fb459a1844088e93ae557ab34afe,59f62d35b1ad451397b700b3dad25448,cb550e5ff4694fe9a19eaa6588cef250,27a0d24dc1e14b28a1f18456b29c93f1,3766b26b53874893ae48693880e1942c,fc430b7683934be2aba12468b2409bb8
37bffb22be1b4b25a409e630b58bb3a7,a5d5fb459a1844088e93ae557ab34afe,3766b26b53874893ae48693880e1942c,57bcda73abab44ee930b20cdaee9d24b,092cb872c8724c7681c50da9c6cfa252,724a3f6551e74ad585bdeac9a75fd639,27a0d24dc1e14b28a1f18456b29c93f1,4e4495962a9b4864882397042f1a2b3e,db69f22fe72246ea85d33991961a649a,dd77b570036f40de9fdf49011bb9e2d8,a35d7304347a4f81b1ccfb086956921c
fdff932278894d1885bfbc905009ea46,a5d5fb459a1844088e93ae557ab34afe,092cb872c8724c7681c50da9c6cfa252,57bcda73abab44ee930b20cdaee9d24b,bbdf9065122d499d9d8f80ad3e0ef6f3,2b3ecf8be2b242f3b8a1e714390749fb,98fbdf945d0c4206a48a4f7260e56017,0accd1d0138b49049d437c0d9b1c23c3,878e5c41be5c477e9f660ca361fdd727,7359a1cc20d54f96aeea121d7247b88d,35c5a560ecdc4d6a9d20f057ed1fa0e6
55c258651d4f46ba879ad04a408ca3f8,092cb872c8724c7681c50da9c6cfa252,57bcda73abab44ee930b20cdaee9d24b,26e55eb4d910464497d700bfdf5a36ca,8889c114b071429cbe2418f5b0f2024b,a5d5fb459a1844088e93ae557ab34afe,27a0d24dc1e14b28a1f18456b29c93f1,3766b26b53874893ae48693880e1942c,59f62d35b1ad451397b700b3dad25448,e7ee85dd47ca43eeb2fdcd70b802f0ec,cb550e5ff4694fe9a19eaa6588cef250
173024800a4148a59d834a44d0998dbe,de1102228a324428989533278cd482f6,06b7dd1b701544ac80dd7ca54ed707cf,77d8e01a914d4f4a8b87d407e0d741aa,64d9091426f9461c97c98a5428856bcf,f6507bae2aaa4785842167f8320428b3,898eabaaa1a047e18aecbb1c5a8decbf,6bedb2d6ace34e18811b7f1206b2d1b0,b83013f4c5524232814efa0f8651867f,02641488de414b72b63f62b40200b101,27fe100af7884932a33bf30f10dacc55
04f607a8dfdb4e6f8c795634b207e615,06b7dd1b701544ac80dd7ca54ed707cf,de1102228a324428989533278cd482f6,77d8e01a914d4f4a8b87d407e0d741aa,f6507bae2aaa4785842167f8320428b3,7070715ef90743da8691dd4ad134eb0c,898eabaaa1a047e18aecbb1c5a8decbf,b83013f4c5524232814efa0f8651867f,0a2c24dead204be9ae36be358e1223f9,02641488de414b72b63f62b40200b101,6bedb2d6ace34e18811b7f1206b2d1b0
29b78bc662074f5abb91b5e7ee16deb6,7070715ef90743da8691dd4ad134eb0c,06b7dd1b701544ac80dd7ca54ed707cf,08ecf89bc10942a4bd894482f6fcdfa7,898eabaaa1a047e18aecbb1c5a8decbf,de1102228a324428989533278cd482f6,77d8e01a914d4f4a8b87d407e0d741aa,0a2c24dead204be9ae36be358e1223f9,64d9091426f9461c97c98a5428856bcf,f6507bae2aaa4785842167f8320428b3,200f7fc78e4c403982f61b2894e50bad
bf6af233a7fb4678bde3bcd210972057,06b7dd1b701544ac80dd7ca54ed707cf,de1102228a324428989533278cd482f6,77d8e01a914d4f4a8b87d407e0d741aa,f6507bae2aaa4785842167f8320428b3,7070715ef90743da8691dd4ad134eb0c,898eabaaa1a047e18aecbb1c5a8decbf,b83013f4c5524232814efa0f8651867f,6bedb2d6ace34e18811b7f1206b2d1b0,27fe100af7884932a33bf30f10dacc55,200f7fc78e4c403982f61b2894e50bad
3444cb452c4d4832b75091f5da7012db,7070715ef90743da8691dd4ad134eb0c,06b7dd1b701544ac80dd7ca54ed707cf,08ecf89bc10942a4bd894482f6fcdfa7,898eabaaa1a047e18aecbb1c5a8decbf,de1102228a324428989533278cd482f6,77d8e01a914d4f4a8b87d407e0d741aa,0a2c24dead204be9ae36be358e1223f9,64d9091426f9461c97c98a5428856bcf,f6507bae2aaa4785842167f8320428b3,3b37a4c34b6e4ca89a04da864e141422
8f00737911424dcdbc5360702808b86e,0d0973762130427eaa2ce9a7a34517db,bdb0d45caa2a4943959f8f501e51132b,d7c9dafddaf547159d366dacf7b68a7e,c2b49382e2f34b1c90013236a5fbaef0,da9cfbdf124143b78bec89393dd5287a,a70909d3ce0d4235913b5ce6a138dcce,b69c17a10a55494d8caa56c33e8f4a56,cb32ec9a538a4c0f8462771946ced93b,1a0ac2d40cb04ca993e1db68d787728a,0a61f52258f643b6a6436a1ec234e197
084019a95c9f43539a52748e0ee608d3,bdb0d45caa2a4943959f8f501e51132b,11e1e3cdfe214385a2c24d0f957dde9b,e4ee90d625d44a6d9adc138390eef0f8,7d3d751215194e649a03457226f599d7,1a0ac2d40cb04ca993e1db68d787728a,de72d25d08da4b03ac6f6411ce30e07c,da9cfbdf124143b78bec89393dd5287a,0d0973762130427eaa2ce9a7a34517db,e22e1ad3c1fc4493bcb7c9b923566ff7,c2b49382e2f34b1c90013236a5fbaef0
d7fcb70c976c46d3a977d1bd3acaa7b4,d7c9dafddaf547159d366dacf7b68a7e,563043f180e54e238ad4876974e5db4c,11e1e3cdfe214385a2c24d0f957dde9b,bdb0d45caa2a4943959f8f501e51132b,bc607fd6000b43108e49b3d05688fe90,f8856799293e49feab6368e794eb8b00,189a3b686ad14c24b5e1a495f76dd239,75801225047a4c019100660c13f1e0f1,c2b49382e2f34b1c90013236a5fbaef0,b626eb67c2e14afeae2846bb150976f3
a44ce941098b4f6b948eb8588bd09fa7,11e1e3cdfe214385a2c24d0f957dde9b,d7c9dafddaf547159d366dacf7b68a7e,189a3b686ad14c24b5e1a495f76dd239,563043f180e54e238ad4876974e5db4c,e43d8e7bc32f406b9a692e2604f5b45a,bdb0d45caa2a4943959f8f501e51132b,b44645c11ece4326a45f50fdc5d45dcf,b69c17a10a55494d8caa56c33e8f4a56,f8856799293e49feab6368e794eb8b00,e22e1ad3c1fc4493bcb7c9b923566ff7
1778aabe52c7435187be3eb1461b918a,d7c9dafddaf547159d366dacf7b68a7e,11e1e3cdfe214385a2c24d0f957dde9b,563043f180e54e238ad4876974e5db4c,bdb0d45caa2a4943959f8f501e51132b,bc607fd6000b43108e49b3d05688fe90,f8856799293e49feab6368e794eb8b00,189a3b686ad14c24b5e1a495f76dd239,7d3d751215194e649a03457226f599d7,c2b49382e2f34b1c90013236a5fbaef0,b626eb67c2e14afeae2846bb150976f3
172e27e7700f4ca399b42d88a4f1c140,1c2b01416e3943e3b3c575e53c3f1d16,009be1c3430743ff9b054bdfcd6228d6,e9428816b054499298745b742f128f65,18ab15fbf00f42f7a410ec75f7592bea,d60986f4025d443ea58adba0e3d224a1,be42a43f5186434db4f2815f768a9991,1a842f077119475794cc2de48e154374,5c8a8b7a59c54b9aa7b7136fd91b5869,d2a03ea4b2d3439ca3dc6fe056ab0f04,b0236c76ae244fd8aacbea7da10e55ca
7790838dcafa4412a5fc14b1cf3e7e95,1c2b01416e3943e3b3c575e53c3f1d16,009be1c3430743ff9b054bdfcd6228d6,be42a43f5186434db4f2815f768a9991,18ab15fbf00f42f7a410ec75f7592bea,e9428816b054499298745b742f128f65,d60986f4025d443ea58adba0e3d224a1,5c8a8b7a59c54b9aa7b7136fd91b5869,b0236c76ae244fd8aacbea7da10e55ca,d2a03ea4b2d3439ca3dc6fe056ab0f04,1a842f077119475794cc2de48e154374
3106ad6941604756bf3bd61f1cd9709b,18ab15fbf00f42f7a410ec75f7592bea,d60986f4025d443ea58adba0e3d224a1,e9428816b054499298745b742f128f65,1c2b01416e3943e3b3c575e53c3f1d16,7c061d36393540b49e20d98086bdb5bd,5c8a8b7a59c54b9aa7b7136fd91b5869,be42a43f5186434db4f2815f768a9991,022e16490d1949b9ab2fc1de5a837031,00e9d4081c2f45d1a818bfeab099863a,a2612682d9854a30a7684c91c8619ec9
a2efa66a925344b8b896a8a0cfbb2661,f464960d2dbc43c0970c60600bd7f1cd,39e2b00e1cbd471488cf56f31d2cec7f,bb5c7d03a54647d08b8c62deeb803271,3574ab91c29940b3afc62354ae06b73b,26b18153216b48d793b75598ddb54d77,0f785440b29548e1a1968868262fd42e,5455e62f52ae4e03b2a5d0e8b9899506,8fca2e4873e946f7a788af2b846cebd7,9500823cb050427696343b1ea5cf8881,5c644b51b1394a7b8fa0a9a6275c422d
e4c0fba56e824b5cb4b6aeb4700f2d76,8f0e477fc779414e9b47995c0b25a87d,39a08a87897f47d3bdbbdc5ed8c9cd7f,016e634d566b49c199d07357aae9bf33,9c69642fab6749848e7ea7f5406a6da4,0971af4212484a958eb0f60f93d1dfe0,ff51ca928cd54f4da620c27983e221f8,67dd23cfd20f46dc82acc82c108a1dc6,5537ddec608a4ec586ea068fa27547ca,23a16d69ffe848d593a4808907d8aa98,dd77b570036f40de9fdf49011bb9e2d8
6242d18df5cd4f5cb63a1105ffbd971e,8f0e477fc779414e9b47995c0b25a87d,016e634d566b49c199d07357aae9bf33,39a08a87897f47d3bdbbdc5ed8c9cd7f,0971af4212484a958eb0f60f93d1dfe0,23a16d69ffe848d593a4808907d8aa98,9c69642fab6749848e7ea7f5406a6da4,ff51ca928cd54f4da620c27983e221f8,67dd23cfd20f46dc82acc82c108a1dc6,5537ddec608a4ec586ea068fa27547ca,dd77b570036f40de9fdf49011bb9e2d8
dc46278e6e01447e8c262d2884fdd9bb,6c79712e67b54dd0a11d426a91207939,295d0d40791245ff838c73a2aa27d065,5363ae1c905d4879a63259de4954702e,33b5e2ae5ebe4f548bac3a00ab0a59eb,d658e3a743af41899183fecff6b2628d,b5f237fefb38465bb6a068c9cf75ba31,0f52f676197e4d4e92dec0a7bc4c4f7d,5d5baf5ce88b4b529e28ab9c7c114148,2639b6540bda414f8a9baa3b5cdb612a,5537ddec608a4ec586ea068fa27547ca
8ba5ddc596414a9695e18a68ace669d5,6c79712e67b54dd0a11d426a91207939,5363ae1c905d4879a63259de4954702e,295d0d40791245ff838c73a2aa27d065,33b5e2ae5ebe4f548bac3a00ab0a59eb,d658e3a743af41899183fecff6b2628d,5d5baf5ce88b4b529e28ab9c7c114148,0f52f676197e4d4e92dec0a7bc4c4f7d,b5f237fefb38465bb6a068c9cf75ba31,2639b6540bda414f8a9baa3b5cdb612a,2471f23cb9b64d35a72deed09c9c8975
bc709d8a81a346b5aca36d4ffb49d234,13cda6e8f2d948eeb5508288a172e76f,e8f18e4bdf054390a1768978dca8e430,6dc5832f0ac04df2bd99c6415b3ecf09,eee7f32249c5452ea36c8ed3a3540010,f5b766ea6abe4b5fb27d49cc3bc06020,20297482a5014732a843c9fdafba548e,3c0f3b44c0844df49b5898406fe9195a,1ad0cf33e96243888d5f970195a75586,67dd23cfd20f46dc82acc82c108a1dc6,bf789f42ccfc42c5a330a3f6e30ddb83
93bbe46e371c44f284f4487aa854a903,20297482a5014732a843c9fdafba548e,e8f18e4bdf054390a1768978dca8e430,4a6eba10a02a4ecdbb6b25e8651c3789,eafb3480db704d7baa8216ce857d1610,1004b33e3126472faa78e1929ed974e6,b9228fdb5f0c413d81cffb51829d95c6,36ee1613abf245cdbe93fef69b5f981f,a70909d3ce0d4235913b5ce6a138dcce,2c65a898314b42e6b2e93dca66fd15c2,41e657daa20545a588584578bdb4101c
cd3c7eb34f6f4d45bcd3a71dd304f187,20297482a5014732a843c9fdafba548e,e8f18e4bdf054390a1768978dca8e430,eafb3480db704d7baa8216ce857d1610,4a6eba10a02a4ecdbb6b25e8651c3789,36ee1613abf245cdbe93fef69b5f981f,0971af4212484a958eb0f60f93d1dfe0,13cda6e8f2d948eeb5508288a172e76f,7ec1584e9a5b49eab9ef249143d9bb86,b9228fdb5f0c413d81cffb51829d95c6,1004b33e3126472faa78e1929ed974e6
c900c56e641f49749087f609b8ab6f4b,13cda6e8f2d948eeb5508288a172e76f,e8f18e4bdf054390a1768978dca8e430,bf789f42ccfc42c5a330a3f6e30ddb83,b2992fe473124dd0b895cf81f59f6db6,20297482a5014732a843c9fdafba548e,37ae696e40dd42ebb4738722daa3c523,36ee1613abf245cdbe93fef69b5f981f,a64f6232ee1e4357937008a327a63cf4,f5b766ea6abe4b5fb27d49cc3bc06020,eee7f32249c5452ea36c8ed3a3540010
f747d567755a4d7a83b918fcff6e4b5c,db69f22fe72246ea85d33991961a649a,8c7c9eaae41a44a3a4ebe39ce167d300,04fa591263664fb0a6868552ebd3590b,eeb3b60f34af40de850e065b475d8180,bfd1d441da734aad88cfacdab3ee4059,b834c0b0c10b471b87ad3f11468de619,e2e0c8c96aff4c00896ac6986bbb20c2,361f2b7f3f044907b3a331872fb18755,7bbe3c76bcc04d73969f920d43fcc67d,ef511457ee7c490c8e10eccf6e18fef6
b52c282983934e3699bf0c6b64dc8d7c,db69f22fe72246ea85d33991961a649a,04fa591263664fb0a6868552ebd3590b,eeb3b60f34af40de850e065b475d8180,8c7c9eaae41a44a3a4ebe39ce167d300,7bbe3c76bcc04d73969f920d43fcc67d,e2e0c8c96aff4c00896ac6986bbb20c2,a4af9472683c4df0a86f9400c99c2b61,b4dadb3ea3a04cc3932094471debce13,b834c0b0c10b471b87ad3f11468de619,b675be39e8ff421aa59811f146da945b
cb43fab6f1b147acbb71f39df054f667,0a2c24dead204be9ae36be358e1223f9,3b37a4c34b6e4ca89a04da864e141422,b83013f4c5524232814efa0f8651867f,b90d74e80c37486eaee89b6fbab13671,08ecf89bc10942a4bd894482f6fcdfa7,d445ccdb4cda497e9f0343a3298022d2,9452a2f21f7d4feeb2605d9b6647fc13,a9d82bb43410405ca21b44a5e82e22b6,898eabaaa1a047e18aecbb1c5a8decbf,0e28ed072d6c444aa6f02e64955b44c6
c0ca3c37cd574f37a90afbcab9554fb9,3b37a4c34b6e4ca89a04da864e141422,0a2c24dead204be9ae36be358e1223f9,64d9091426f9461c97c98a5428856bcf,898eabaaa1a047e18aecbb1c5a8decbf,08ecf89bc10942a4bd894482f6fcdfa7,de1102228a324428989533278cd482f6,77d8e01a914d4f4a8b87d407e0d741aa,06b7dd1b701544ac80dd7ca54ed707cf,7f5b658239034d35b7f4cf1c63cb388c,d5ecdd142b544edca1b16ee83a9cf908
0520b04de7b946fb84e99b6ae1269a1f,de1102228a324428989533278cd482f6,08ecf89bc10942a4bd894482f6fcdfa7,06b7dd1b701544ac80dd7ca54ed707cf,3b37a4c34b6e4ca89a04da864e141422,77d8e01a914d4f4a8b87d407e0d741aa,0a2c24dead204be9ae36be358e1223f9,7070715ef90743da8691dd4ad134eb0c,64d9091426f9461c97c98a5428856bcf,f6507bae2aaa4785842167f8320428b3,d445ccdb4cda497e9f0343a3298022d2
c7dcc094c48b40fd94db148562b6f0e9,0a2c24dead204be9ae36be358e1223f9,77d8e01a914d4f4a8b87d407e0d741aa,08ecf89bc10942a4bd894482f6fcdfa7,06b7dd1b701544ac80dd7ca54ed707cf,f6507bae2aaa4785842167f8320428b3,7070715ef90743da8691dd4ad134eb0c,d445ccdb4cda497e9f0343a3298022d2,898eabaaa1a047e18aecbb1c5a8decbf,3b37a4c34b6e4ca89a04da864e141422,de1102228a324428989533278cd482f6
ddd81e0cf0bf473caeae21db037c05f3,476ce3ffff564a5aa985808e7d2cab17,243dbbcdc67c42bfa6f32c47477adf6d,e3854d75221c4e38879a6106bb5c1941,64e74af099b0485f8b6e71ac73aa2cb8,99830b8da7c24f909914f7bb167f3ea6,3cb231e1167e45f9bf5771a4e0074092,8c674a7b65e24114a45dd3c861a7ccfc,4a3d4daed4b24a1898551f0fd1ba44f1,1aef014473b84ef9a0f799114fe516c9,984058b7165d4c6385bec3c94afa9fb2
c7a7fb2ef38346cab2c63eb4b30f835b,243dbbcdc67c42bfa6f32c47477adf6d,476ce3ffff564a5aa985808e7d2cab17,f65b6fb5b40a49d1896de7a115469d40,c3502ff31ce6459a96164c934f297562,e0d8aee46b1d4d998858cd05027251b6,64e74af099b0485f8b6e71ac73aa2cb8,f5a9583711fc4ff4a46e85c24886b234,f3fddb55448a46778b5d807642cceb71,da61e0de396149208c9ebd0fd6d7415d,de6ac628a786435f9925c8cc1d707d6b
53bb342b2fbb403cbc5546f80ef1cf70,476ce3ffff564a5aa985808e7d2cab17,243dbbcdc67c42bfa6f32c47477adf6d,64e74af099b0485f8b6e71ac73aa2cb8,4a3d4daed4b24a1898551f0fd1ba44f1,8c674a7b65e24114a45dd3c861a7ccfc,e3854d75221c4e38879a6106bb5c1941,61d2391e8bc548b6bfa08f1ef2a0c47a,4926607aafe749538c930e108275547e,f65b6fb5b40a49d1896de7a115469d40,984058b7165d4c6385bec3c94afa9fb2
320e73d1bf40458380ad0ac60af40a94,243dbbcdc67c42bfa6f32c47477adf6d,476ce3ffff564a5aa985808e7d2cab17,f65b6fb5b40a49d1896de7a115469d40,c3502ff31ce6459a96164c934f297562,e0d8aee46b1d4d998858cd05027251b6,da61e0de396149208c9ebd0fd6d7415d,64e74af099b0485f8b6e71ac73aa2cb8,f5a9583711fc4ff4a46e85c24886b234,4254f6eaaed746bea797c3522036fc12,097f2ce3b88c4d008488b9908076497e
4a790fe3c73f4c1f9565d50067722fbf,eabdd2813a954f9aa01f0eb8212ee387,0cdb0f32850f4585a16de4886462bbe0,6bde760ad5d4485db9889b1bdc074005,5fc200cab89346658c9c91cce27e85fe,7e190e3c05d74e6b9f103e39142c1684,6b7b5d28293d4a5a8075f7f7dd231ddb,cd6ce920d00e4d17a6cf04f9f7e550b7,f335a944a27a4504a82ecf70c2d4a5e4,d0e41bf891254ba0872f1641139f84f6,076e2669c305401fb3afcfafdd6c79c7
b374c835abb74519904d89a6f4367ea2,d0e41bf891254ba0872f1641139f84f6,5fc200cab89346658c9c91cce27e85fe,0b57f893483647c3aed811775a4c4c04,0cdb0f32850f4585a16de4886462bbe0,0c889c151e094b948c13b0275e660a9c,db620271348d404a9a0b978d96c63f29,6bde760ad5d4485db9889b1bdc074005,5e44915237fc4445b54b037e1c4e29a4,076e2669c305401fb3afcfafdd6c79c7,403835bbf2f1447188bcc78e062b0028
358dc33d74d3427697ddadedc1d2a83e,5fc200cab89346658c9c91cce27e85fe,076e2669c305401fb3afcfafdd6c79c7,6bde760ad5d4485db9889b1bdc074005,0cdb0f32850f4585a16de4886462bbe0,d0e41bf891254ba0872f1641139f84f6,f2cfa68a47ce4a43a0fe1cc7dc860418,2c8eafa0ff26437a862dc2224ab57073,da14e9dc2c3d4963b725de8102de5028,cd6ce920d00e4d17a6cf04f9f7e550b7,f8e7f9688fd546829da579434180ffee
1840d3d379eb48cc97d68a3c7ece76a0,ef511457ee7c490c8e10eccf6e18fef6,04d24d1cf42b4f7787d8d300cbad6d50,7bbe3c76bcc04d73969f920d43fcc67d,14f4db886cca4104877ac7d1d7a64133,b4dadb3ea3a04cc3932094471debce13,3e59b61eb70146308db2308b988b54cf,1ade4365590a4ac7865100d8c791e340,4a7fa5a1bafe4b6995e2920444ac07c4,25afb6f7e9314af09008644bca5955b9,94ed54abfdc74b04b0dcb19c278e66f4
11c35b811aae4a88b9417172320999bb,74de04f31db94a99b757685c91779412,dd36cc0867b94d55a43b82c1c9a0e95c,94ed54abfdc74b04b0dcb19c278e66f4,ef511457ee7c490c8e10eccf6e18fef6,1ade4365590a4ac7865100d8c791e340,13aca0959cc948cabeee0d7255f55a65,7f0b453cc8c14156802497f5cbae9d62,04d24d1cf42b4f7787d8d300cbad6d50,2d43cf91509846e29ab4febd7781919f,0842a796c09b4089933a4f27e4e5e3bc
6dbd11275bf1493ca16a6492ba2f511c,ef511457ee7c490c8e10eccf6e18fef6,04d24d1cf42b4f7787d8d300cbad6d50,7bbe3c76bcc04d73969f920d43fcc67d,b4dadb3ea3a04cc3932094471debce13,1ade4365590a4ac7865100d8c791e340,14f4db886cca4104877ac7d1d7a64133,3e59b61eb70146308db2308b988b54cf,4a7fa5a1bafe4b6995e2920444ac07c4,94ed54abfdc74b04b0dcb19c278e66f4,25afb6f7e9314af09008644bca5955b9
26f693acd01d492bae2384f853a7924a,74de04f31db94a99b757685c91779412,dd36cc0867b94d55a43b82c1c9a0e95c,94ed54abfdc74b04b0dcb19c278e66f4,ef511457ee7c490c8e10eccf6e18fef6,db69f22fe72246ea85d33991961a649a,8fca2e4873e946f7a788af2b846cebd7,04d24d1cf42b4f7787d8d300cbad6d50,4a7fa5a1bafe4b6995e2920444ac07c4,7f0b453cc8c14156802497f5cbae9d62,0842a796c09b4089933a4f27e4e5e3bc
9ec6567a98fa4b3bb0c40f6580f8688e,7199f2fe77824236a392e1f00a5bdfc3,3aaea7fa41fd43cdb88f8ef59062c5df,ff276acede2f4c14876ef47257758ae8,f6507bae2aaa4785842167f8320428b3,df0c94234d9d4890b5b4b95c441b3e9a,06b7dd1b701544ac80dd7ca54ed707cf,0a2c24dead204be9ae36be358e1223f9,e79ae27b52fa4d54aa37735fd275c66e,77d8e01a914d4f4a8b87d407e0d741aa,de1102228a324428989533278cd482f6
d16732c065604317b9457f0f53b9e356,3aaea7fa41fd43cdb88f8ef59062c5df,7199f2fe77824236a392e1f00a5bdfc3,ff276acede2f4c14876ef47257758ae8,f6507bae2aaa4785842167f8320428b3,08ecf89bc10942a4bd894482f6fcdfa7,0a2c24dead204be9ae36be358e1223f9,06b7dd1b701544ac80dd7ca54ed707cf,e79ae27b52fa4d54aa37735fd275c66e,200f7fc78e4c403982f61b2894e50bad,77d8e01a914d4f4a8b87d407e0d741aa
805041534e3944d4bf48b927f4e971e1,ff276acede2f4c14876ef47257758ae8,3aaea7fa41fd43cdb88f8ef59062c5df,7199f2fe77824236a392e1f00a5bdfc3,b52468fc0af2435f9ba91939f72bbf6a,ac5a760b45c146ec840193371cfb2d30,9bf3b77eb9874f5f9e006a9cff111ea9,b40d3c588ad647ff85e397a6bc5f9d8b,c66c6f1449d44728a2ef72de53dd6d5e,89e983dca0a34b768e17b3871b9cea1e,a0b4d283f12a407286dbeaa3a4d128a5
f25d93d4fff845dbba58d34a9ba4da56,7199f2fe77824236a392e1f00a5bdfc3,3aaea7fa41fd43cdb88f8ef59062c5df,ff276acede2f4c14876ef47257758ae8,f6507bae2aaa4785842167f8320428b3,06b7dd1b701544ac80dd7ca54ed707cf,0a2c24dead204be9ae36be358e1223f9,77d8e01a914d4f4a8b87d407e0d741aa,08ecf89bc10942a4bd894482f6fcdfa7,e79ae27b52fa4d54aa37735fd275c66e,df0c94234d9d4890b5b4b95c441b3e9a
ae2ef12666344157a4a58eb1012bea10,7ef653f7e5f64e1b8bba73b9518b87b7,878e5c41be5c477e9f660ca361fdd727,cb550e5ff4694fe9a19eaa6588cef250,0accd1d0138b49049d437c0d9b1c23c3,a0408a6462b24cf18e50a8616359d5ad,f3fddb55448a46778b5d807642cceb71,2f0401170d104b47b0a8f087f69dee88,8746ae2ca7514699b629b4d9b5fe95a7,24c55bb5cd694770ba895c7401da2ba5,dd77b570036f40de9fdf49011bb9e2d8
c007e0935fe7472a9ef764a15c2bae1a,7ef653f7e5f64e1b8bba73b9518b87b7,878e5c41be5c477e9f660ca361fdd727,21eb9f06dd834a108d816efdf3aca8dc,a0408a6462b24cf18e50a8616359d5ad,0accd1d0138b49049d437c0d9b1c23c3,cb550e5ff4694fe9a19eaa6588cef250,24c55bb5cd694770ba895c7401da2ba5,2f0401170d104b47b0a8f087f69dee88,f92d16d3a970487094292439c3e00923,cdd73e0289aa4e2b87cd14e6ff5bd75e
ca758fdcdecf418c8193105975e32b5a,7ef653f7e5f64e1b8bba73b9518b87b7,f92d16d3a970487094292439c3e00923,878e5c41be5c477e9f660ca361fdd727,2f0401170d104b47b0a8f087f69dee88,0daf8d5687b54d158f7f752884c42334,a0408a6462b24cf18e50a8616359d5ad,04fa591263664fb0a6868552ebd3590b,cb550e5ff4694fe9a19eaa6588cef250,b675be39e8ff421aa59811f146da945b,51c6049a18b84ee381d0512e40b67c0e
62d4e090de42404b884cdf0aeea36d2d,cf290994a83e4909aec30077477b9d04,8c674a7b65e24114a45dd3c861a7ccfc,6252aa87531748e5bac5f6c65fc87e14,f65b6fb5b40a49d1896de7a115469d40,8f0e477fc779414e9b47995c0b25a87d,dd77b570036f40de9fdf49011bb9e2d8,9452a2f21f7d4feeb2605d9b6647fc13,3138244ae91040948d5bd6772e4075ea,ef60b54aa4b5490890da32d0bb8c9cbf,1a0ac2d40cb04ca993e1db68d787728a
4a90414f82f14268928f92849227e3e4,8c674a7b65e24114a45dd3c861a7ccfc,cae139b6e4914ce7b0ef1e68b8b857eb,b626eb67c2e14afeae2846bb150976f3,7d6122daabe442ffb5e57ece1882e714,1a0ac2d40cb04ca993e1db68d787728a,da9cfbdf124143b78bec89393dd5287a,3cb231e1167e45f9bf5771a4e0074092,7d5c0a2bfccf4255a43d9bd0f84a6d3a,b6c493a3666c4db193e86c79faf099ab,cf290994a83e4909aec30077477b9d04
8b1b59a271e64b7d92225d1479ab0fa0,8c674a7b65e24114a45dd3c861a7ccfc,cae139b6e4914ce7b0ef1e68b8b857eb,7d6122daabe442ffb5e57ece1882e714,b626eb67c2e14afeae2846bb150976f3,cf290994a83e4909aec30077477b9d04,1a0ac2d40cb04ca993e1db68d787728a,b23a9c50eada4286a4f7ce8668b92db1,da9cfbdf124143b78bec89393dd5287a,476ce3ffff564a5aa985808e7d2cab17,1f3cf50fe1f947d8a56e02ebca441c4c
31555c3dbb51459eb52da0ce111a5382,cf290994a83e4909aec30077477b9d04,8c674a7b65e24114a45dd3c861a7ccfc,6252aa87531748e5bac5f6c65fc87e14,dd77b570036f40de9fdf49011bb9e2d8,b425f33c33ad4be89a12da266d131a86,b834c0b0c10b471b87ad3f11468de619,21eb9f06dd834a108d816efdf3aca8dc,243dbbcdc67c42bfa6f32c47477adf6d,70558882c04e46bd99d15e9786468418,e2769c67dadd4c988f7ccf249a998a56
bb7eb4ba9b5943b6a61ff124ef6239b4,716a15d66b63424a8068da89e75733b4,33e2a95109e647cbb4ba2687631b169a,fc70a4c2c4834e0eba1a14470f563b03,a8904adcdd21495f890bc614bfdbf86f,116f6c1f0cb54312986a0a729508a33e,8c5f38853679436ba434b6a696e43168,8af25c7ae8e14435a6e27a5671968f50,bb6ecabbce1b43d997d00d7acdc95193,1d93c07de74c482ebf0a76ec564c3252,af648fa7ac6c4c50a246de470329cd83
e1d35002bf604e59a1a055673b110d7b,64d9091426f9461c97c98a5428856bcf,de1102228a324428989533278cd482f6,77d8e01a914d4f4a8b87d407e0d741aa,898eabaaa1a047e18aecbb1c5a8decbf,06b7dd1b701544ac80dd7ca54ed707cf,0e28ed072d6c444aa6f02e64955b44c6,08ecf89bc10942a4bd894482f6fcdfa7,02641488de414b72b63f62b40200b101,d445ccdb4cda497e9f0343a3298022d2,f6507bae2aaa4785842167f8320428b3
409ee169523c45b0935d17521c001655,77d8e01a914d4f4a8b87d407e0d741aa,06b7dd1b701544ac80dd7ca54ed707cf,de1102228a324428989533278cd482f6,898eabaaa1a047e18aecbb1c5a8decbf,b83013f4c5524232814efa0f8651867f,64d9091426f9461c97c98a5428856bcf,d445ccdb4cda497e9f0343a3298022d2,08ecf89bc10942a4bd894482f6fcdfa7,f6507bae2aaa4785842167f8320428b3,27fe100af7884932a33bf30f10dacc55
3c0da2e0535d4efab77b6201db1866d3,5760084aabef4d8095b2d21902151f64,d75a52d716984f318f976bbfc7bee787,3c0f3b44c0844df49b5898406fe9195a,66690895454847fea5a000202fbfab2e,7d6122daabe442ffb5e57ece1882e714,5be48a6bc26044f2a2e4e9b6a223c319,eff24b01b2f5428baa4c3fef6cb40d41,f1eecad10a61421eb16b1be7435d9c19,baf841bad27c456c9de7227555ea3ef8,a64f6232ee1e4357937008a327a63cf4
1693abbd511b40648b18f87e485be585,19b81e71e7f04ebcbfade9daa899ed3d,796eade2ee4f466781d9f6669db43e48,2e7836ee5e5144f5b63e6629b969a362,7862a63720b34104abf5bfa44bc8178d,02e1d712f37e428c998f72e7a7eeb1e6,cb32ec9a538a4c0f8462771946ced93b,ab57f83304bc4005998bbd6bc063fb4f,e429a2e164a24919a12edcc8d4ea8f09,0092d1d820c64646b8bee9fd14f77acf,1f9cd7f2b7a14e2f8d490a104a56edcd
220c7fef1fe54586b4f4c4ac80924512,3c0f3b44c0844df49b5898406fe9195a,7326afe68eb64b63993b3dae022c645d,98b2022b2cb84af09ee8b789db928b13,eff24b01b2f5428baa4c3fef6cb40d41,f2ef424352f14dda92691047ee9f15fa,7960902edf4b47d686f704441aa56b0e,35d06fce2df446569702778e2250bd82,c4b9d7a8d5d342459d2282589b3af293,5760084aabef4d8095b2d21902151f64,e429a2e164a24919a12edcc8d4ea8f09
995e4d102a3b41e3b4c81d2e30253554,f2ef424352f14dda92691047ee9f15fa,5760084aabef4d8095b2d21902151f64,eff24b01b2f5428baa4c3fef6cb40d41,3c0f3b44c0844df49b5898406fe9195a,e834bfbd30b247e899f0dc029ab9f072,99830b8da7c24f909914f7bb167f3ea6,98b2022b2cb84af09ee8b789db928b13,f4474150010f4021a4620372062f3797,66690895454847fea5a000202fbfab2e,baf841bad27c456c9de7227555ea3ef8
32b2409ee0304c6f8c633cf2838fc107,d9b70c4ed8bb4fc5957ecebf102528ee,0a61f52258f643b6a6436a1ec234e197,174581fc299840e18e827432c0cce4dc,75efe5ddef364f49865d9bb283492b48,3e923b6e3ceb4901b77c9a18729546eb,570f08ce2a1a47978eab16bf7ad16a68,268f8ec9f2734029a8e75857db56ccb3,36ee1613abf245cdbe93fef69b5f981f,1ad0cf33e96243888d5f970195a75586,5e0a2bc284cf4002914ae4e6aaef41e8
38393c2659214de8b744a8747b3060da,0a61f52258f643b6a6436a1ec234e197,b626eb67c2e14afeae2846bb150976f3,d9b70c4ed8bb4fc5957ecebf102528ee,df7ea50171af48df81584ab7e8107d15,de72d25d08da4b03ac6f6411ce30e07c,da9cfbdf124143b78bec89393dd5287a,ef60b54aa4b5490890da32d0bb8c9cbf,45f4192f485a49d9a75219ae4d0c41ee,1a0ac2d40cb04ca993e1db68d787728a,8dfbb6a204a0441492c35baca6190969
b1fb22cca72c471fbf933b076b3ba471,0a61f52258f643b6a6436a1ec234e197,df7ea50171af48df81584ab7e8107d15,d9b70c4ed8bb4fc5957ecebf102528ee,b626eb67c2e14afeae2846bb150976f3,de72d25d08da4b03ac6f6411ce30e07c,8dfbb6a204a0441492c35baca6190969,45f4192f485a49d9a75219ae4d0c41ee,ef60b54aa4b5490890da32d0bb8c9cbf,32aaca2a732f4272b237374d3cdeec90,75efe5ddef364f49865d9bb283492b48
c425735cc2d645f89ae700274561ff76,fadf133e0e684a24ac79b5fa9515bac2,0bd1cce9370a461089e25393086800a8,df5ca61304074da1bec8f536ab50baf3,225818abe99e45a0bf5b0b3ec30db76b,c756409435634fc48c643a64e73c93ce,6f57d1175ad243edada61643d01fcd54,b9228fdb5f0c413d81cffb51829d95c6,c24e3823376b436c8eb46eaeebbc7718,eafb3480db704d7baa8216ce857d1610,5a6f4a2f7f6a4b1fa146493472e6d721
d37fad90466d41fb99cc1281af258b44,56272326c7e94e419ea8c69fb634f610,d9ac372330a4446886fa19bac0d19877,f59a3ee5387440d981754b6595e8664c,097c30a7f39a4a3abf6da2ca80cad3a5,eafb3480db704d7baa8216ce857d1610,db0c3a952e454b90aa4a68feb6a50e87,2c65a898314b42e6b2e93dca66fd15c2,bb5c7d03a54647d08b8c62deeb803271,1004b33e3126472faa78e1929ed974e6,3675c688960a4f3b9f82c4ccf4049e93
8f59b2636caf43f29362aad398734e84,fadf133e0e684a24ac79b5fa9515bac2,df5ca61304074da1bec8f536ab50baf3,0bd1cce9370a461089e25393086800a8,225818abe99e45a0bf5b0b3ec30db76b,6f57d1175ad243edada61643d01fcd54,c756409435634fc48c643a64e73c93ce,b9228fdb5f0c413d81cffb51829d95c6,7ec1584e9a5b49eab9ef249143d9bb86,eafb3480db704d7baa8216ce857d1610,c24e3823376b436c8eb46eaeebbc7718
92e239ee1c9942eda10a987e5a192aad,d9ac372330a4446886fa19bac0d19877,56272326c7e94e419ea8c69fb634f610,eafb3480db704d7baa8216ce857d1610,df5ca61304074da1bec8f536ab50baf3,4a6eba10a02a4ecdbb6b25e8651c3789,097c30a7f39a4a3abf6da2ca80cad3a5,b9228fdb5f0c413d81cffb51829d95c6,db0c3a952e454b90aa4a68feb6a50e87,93dc50abd35349f7923100dca2f41002,cc243eebbb2b44a581745865a60c423a
6ca76ef7aa7d4121a75374b29ba7d263,56272326c7e94e419ea8c69fb634f610,d9ac372330a4446886fa19bac0d19877,f59a3ee5387440d981754b6595e8664c,2c65a898314b42e6b2e93dca66fd15c2,db0c3a952e454b90aa4a68feb6a50e87,1004b33e3126472faa78e1929ed974e6,4a6eba10a02a4ecdbb6b25e8651c3789,da9cfbdf124143b78bec89393dd5287a,eafb3480db704d7baa8216ce857d1610,097c30a7f39a4a3abf6da2ca80cad3a5
2cdba5196ffe4c8797018ef98b7a52c4,3d3e8565d2f84e0cad5ae622f2909765,19098957d8c24cab95daa30c2baefd8f,39e2b00e1cbd471488cf56f31d2cec7f,25afb6f7e9314af09008644bca5955b9,8fdee0611965465eb45387b8c39f4136,84ff5144597241bba5cbd3d0b21d220d,ef511457ee7c490c8e10eccf6e18fef6,7daa434073604cb98a04fefb55468dda,27a0d24dc1e14b28a1f18456b29c93f1,e88ce4cd350f43398a5c0ab8629cee72
8e69932dfcf247039202e839e2e4ad92,2471f23cb9b64d35a72deed09c9c8975,0daf8d5687b54d158f7f752884c42334,14f4db886cca4104877ac7d1d7a64133,30578712823948b086e3781343982938,24c55bb5cd694770ba895c7401da2ba5,e4e12f4711fd41e39075e26cc274df45,7359a1cc20d54f96aeea121d7247b88d,5c09482fc8dc45bdbf7919f00dd540e0,5455e62f52ae4e03b2a5d0e8b9899506,8fca2e4873e946f7a788af2b846cebd7
c876e09aeff84624b8a01d61b99fed1f,3d3e8565d2f84e0cad5ae622f2909765,19098957d8c24cab95daa30c2baefd8f,39e2b00e1cbd471488cf56f31d2cec7f,8fdee0611965465eb45387b8c39f4136,bbdf9065122d499d9d8f80ad3e0ef6f3,8c7c9eaae41a44a3a4ebe39ce167d300,25afb6f7e9314af09008644bca5955b9,27a0d24dc1e14b28a1f18456b29c93f1,e88ce4cd350f43398a5c0ab8629cee72,7daa434073604cb98a04fefb55468dda
660e576505194cfbb8e673b09a078b98,2471f23cb9b64d35a72deed09c9c8975,0daf8d5687b54d158f7f752884c42334,14f4db886cca4104877ac7d1d7a64133,e4e12f4711fd41e39075e26cc274df45,7359a1cc20d54f96aeea121d7247b88d,5455e62f52ae4e03b2a5d0e8b9899506,5c09482fc8dc45bdbf7919f00dd540e0,8fca2e4873e946f7a788af2b846cebd7,24c55bb5cd694770ba895c7401da2ba5,3aa003c1e31b476e999c3a808a1d5dc6
795efbe9c2fe4b3dbc173c89167f9163,3c0f3b44c0844df49b5898406fe9195a,98b2022b2cb84af09ee8b789db928b13,c4b9d7a8d5d342459d2282589b3af293,e429a2e164a24919a12edcc8d4ea8f09,e834bfbd30b247e899f0dc029ab9f072,e53dd6188816429ab915de6f9649a026,6c51b4f57ba0415f994756e944b11cee,66690895454847fea5a000202fbfab2e,eff24b01b2f5428baa4c3fef6cb40d41,afaf2edba0ee4d58860a5a04e4aabc5c
2be3682989f94c34b19ee0da04571f91,3c0f3b44c0844df49b5898406fe9195a,98b2022b2cb84af09ee8b789db928b13,e834bfbd30b247e899f0dc029ab9f072,e429a2e164a24919a12edcc8d4ea8f09,36ac84a73ad34261ad45cf569edb60af,eff24b01b2f5428baa4c3fef6cb40d41,7960902edf4b47d686f704441aa56b0e,ab57f83304bc4005998bbd6bc063fb4f,c4b9d7a8d5d342459d2282589b3af293,66690895454847fea5a000202fbfab2e
68215d17cd25495b93f219bc1621c8aa,7d0190486da540718e4dc4ca4bd1f573,563043f180e54e238ad4876974e5db4c,5605fa1188974644937bbf92fec50e21,bc13c2b0221744a29a8ddf56aa015df9,6dc5832f0ac04df2bd99c6415b3ecf09,bc607fd6000b43108e49b3d05688fe90,f69bf682935e47e1b4c72d237becd13a,d53fa54d5536463ab0d87648dfc5fd78,eff24b01b2f5428baa4c3fef6cb40d41,0092d1d820c64646b8bee9fd14f77acf
701794a02e204afbbbd3a8689e7eb5f0,7d0190486da540718e4dc4ca4bd1f573,563043f180e54e238ad4876974e5db4c,bc13c2b0221744a29a8ddf56aa015df9,f69bf682935e47e1b4c72d237becd13a,eff24b01b2f5428baa4c3fef6cb40d41,d53fa54d5536463ab0d87648dfc5fd78,6dc5832f0ac04df2bd99c6415b3ecf09,5605fa1188974644937bbf92fec50e21,bc607fd6000b43108e49b3d05688fe90,e53dd6188816429ab915de6f9649a026
fc791f8358f54a66be0e95f809bc8e2d,84581d81d46d44bc99ffb8f871646a7a,db13ed5446be46269dff3de3c1bf2660,7aceed0dbea645b091207f4a53d879f2,1099cb6f4fac4eb8a1fb6db50e18296b,bf789f42ccfc42c5a330a3f6e30ddb83,521004289ebc4e6da6623381d40a5e73,f91157bb8fca4a8e98db33591a76be9a,c84deec0ecf843c39f52d4cb8e7300f8,039f8e63b273472d8f1d99d9a5de5cf5,01ffceddb5b34406a08bb982b424b3cf
24729e6784174289859f89243ee3228c,db13ed5446be46269dff3de3c1bf2660,84581d81d46d44bc99ffb8f871646a7a,1099cb6f4fac4eb8a1fb6db50e18296b,7aceed0dbea645b091207f4a53d879f2,bf789f42ccfc42c5a330a3f6e30ddb83,c84deec0ecf843c39f52d4cb8e7300f8,f65c7f50929f431dbf31b441d87616d0,f91157bb8fca4a8e98db33591a76be9a,f69855cdf66d4f6887ecfd0ddb9014b5,77cecb221149474896d9b2eb848bf150
ca6805db708f46198fe4e47abb975231,3ec67e948e15423fac23fdd38a7d4cca,17b5eb6fab65476f827dd355b4a20a55,7627d5e28ba74cbeaf9225e88a7a44cc,3827ad869b3740278b98db4e65c40e0c,26e55eb4d910464497d700bfdf5a36ca,8350ea8cd6514c2c8d7b625abe7e895b,7f0b453cc8c14156802497f5cbae9d62,30c71719aed84c07ae21d0eff0deed72,2c8eafa0ff26437a862dc2224ab57073,8987ceafff324f9599b842542e37eddd
98ab5e0cc5f8413e993869c9729b464d,8987ceafff324f9599b842542e37eddd,503d2f067a8a4f5798b1c64b07ab0bc5,4c67cc7a1ccc496db132636e3f4853a2,a055f8188384479a8bad418f7dffd9a5,f4b7e6e902e344859cb041126b69ce3c,ca5add3cbf044a95a5bec88a5841ce98,6ae72ad649c54129b992d321f8f29122,415641aa43724ed9bc4710302b77edc3,4d0a737f396d4a95808085bd1306746c,7c1126d46a934db6b951d1e98feae327
6cd0e8707bc64b2a808ed3479ee223ab,acbf8eae7e064c11bab7adf66f216990,597aab8bb15240f89fd1b24a8e38258d,6af17cec494c4373a95865d270a29171,1a842f077119475794cc2de48e154374,009be1c3430743ff9b054bdfcd6228d6,10b152bdafe94db8a93f7c374226a071,88f796c14d184ecfaa5b0109161db259,aaab880f032a4e00904cf50566164044,40f040fd5c824c8e8e710af1fdf70b5f,36ee1613abf245cdbe93fef69b5f981f
dbec5198890f4c209fd8ef08d73c40ce,597aab8bb15240f89fd1b24a8e38258d,acbf8eae7e064c11bab7adf66f216990,6af17cec494c4373a95865d270a29171,10b152bdafe94db8a93f7c374226a071,aaab880f032a4e00904cf50566164044,009be1c3430743ff9b054bdfcd6228d6,b83013f4c5524232814efa0f8651867f,1a842f077119475794cc2de48e154374,88f796c14d184ecfaa5b0109161db259,40f040fd5c824c8e8e710af1fdf70b5f
ee7c4fd5b21848a380cf4e90f9f5cdca,acbf8eae7e064c11bab7adf66f216990,597aab8bb15240f89fd1b24a8e38258d,6af17cec494c4373a95865d270a29171,10b152bdafe94db8a93f7c374226a071,b83013f4c5524232814efa0f8651867f,1a842f077119475794cc2de48e154374,88f796c14d184ecfaa5b0109161db259,4a6eba10a02a4ecdbb6b25e8651c3789,898eabaaa1a047e18aecbb1c5a8decbf,aaab880f032a4e00904cf50566164044
b0a8fa5a4b474306b97fd69abcdc245f,6af17cec494c4373a95865d270a29171,acbf8eae7e064c11bab7adf66f216990,597aab8bb15240f89fd1b24a8e38258d,aaab880f032a4e00904cf50566164044,097c30a7f39a4a3abf6da2ca80cad3a5,40f040fd5c824c8e8e710af1fdf70b5f,1a842f077119475794cc2de48e154374,10b152bdafe94db8a93f7c374226a071,36ee1613abf245cdbe93fef69b5f981f,4a6eba10a02a4ecdbb6b25e8651c3789
2c22ed57d17c4aa097b37805a50b9294,2c82919b038847fabbf5d13ca5ac55a7,3574ab91c29940b3afc62354ae06b73b,31a2675a2e944a1ab3b810cfb92ebd34,86f59bd78b424260b0cf356f2f9ae734,e2769c67dadd4c988f7ccf249a998a56,09f4970dfe684b809bc0959fb62f41bf,d0b6e9c1cc5341faba9e03c17767bc2e,a2612682d9854a30a7684c91c8619ec9,d60986f4025d443ea58adba0e3d224a1,25afb6f7e9314af09008644bca5955b9
ee0bdf8b7e3142509f97816c8fae19bd,09f4970dfe684b809bc0959fb62f41bf,d0b6e9c1cc5341faba9e03c17767bc2e,86f59bd78b424260b0cf356f2f9ae734,31a2675a2e944a1ab3b810cfb92ebd34,bb84a4cf60c84a8d8e23276b1863d293,2c82919b038847fabbf5d13ca5ac55a7,ee89670285c74e27aa174dadf39fbca7,ad3d372fbf054ea1ad06cfcb7490df4b,67984873125e4a0f9562179c906d1b0f,249c2d8d8d2345c6990b3c4d94385b5a
a0b880f475f147f08f11e0a27dc48fde,2b039224b54142d185a406b31fe01de2,7ab9086baf99475d8c93862a7dd36344,342aaa81ed004635bbf9cbc2592cd7b6,cd764fbfae774d068af7549c648a02c9,f879b316413f45d2b64bb25e3f45a667,f5d09519cf7647f8a107cd8fadd322e5,3e6a4b65a1004c08a6f3f570cf986c2f,31cf7db26a3249c5a6205b005662ddcf,5e2f1a45f7174f1aa39a194179985876,bf789f42ccfc42c5a330a3f6e30ddb83
fad484e776d145428e5c2ae92aec4908,342aaa81ed004635bbf9cbc2592cd7b6,7ab9086baf99475d8c93862a7dd36344,2b039224b54142d185a406b31fe01de2,cd764fbfae774d068af7549c648a02c9,f5d09519cf7647f8a107cd8fadd322e5,f879b316413f45d2b64bb25e3f45a667,701ac1447f5a414e81156a56c3593a31,31cf7db26a3249c5a6205b005662ddcf,3e6a4b65a1004c08a6f3f570cf986c2f,bf789f42ccfc42c5a330a3f6e30ddb83
f2b99340a8304f42a058a44fd793927c,2b039224b54142d185a406b31fe01de2,7ab9086baf99475d8c93862a7dd36344,342aaa81ed004635bbf9cbc2592cd7b6,cd764fbfae774d068af7549c648a02c9,f879b316413f45d2b64bb25e3f45a667,f5d09519cf7647f8a107cd8fadd322e5,3e6a4b65a1004c08a6f3f570cf986c2f,31cf7db26a3249c5a6205b005662ddcf,bf789f42ccfc42c5a330a3f6e30ddb83,5e2f1a45f7174f1aa39a194179985876
9ad1273ff93d4e9fb7ade33dd8e0ed98,342aaa81ed004635bbf9cbc2592cd7b6,7ab9086baf99475d8c93862a7dd36344,2b039224b54142d185a406b31fe01de2,f5d09519cf7647f8a107cd8fadd322e5,701ac1447f5a414e81156a56c3593a31,cd764fbfae774d068af7549c648a02c9,f879b316413f45d2b64bb25e3f45a667,a64f6232ee1e4357937008a327a63cf4,31cf7db26a3249c5a6205b005662ddcf,3e6a4b65a1004c08a6f3f570cf986c2f
50cb33eef1b94f6c82103b39c1b98881,36ee1613abf245cdbe93fef69b5f981f,47eb17da319d440aa52da8008c26327a,b9228fdb5f0c413d81cffb51829d95c6,1004b33e3126472faa78e1929ed974e6,eafb3480db704d7baa8216ce857d1610,3b7d56c26da14b3a9b1cd52b5b35891b,9ffa09a2b9bd4da0ba98fc537ca68802,236c362d8b664c93b41882c119df9706,93dc50abd35349f7923100dca2f41002,ce4fdd5499f8498793c11e586f7da70c
7990224cfabd448689a4ce3026d9fe41,47eb17da319d440aa52da8008c26327a,eee7f32249c5452ea36c8ed3a3540010,f676e16c6a134bd5a7bbeee4590adcfe,c588868fc3fd4e87a7cddf1ceb00b022,9460474d89704a68aaa6ccb62310ae3d,36ee1613abf245cdbe93fef69b5f981f,b9228fdb5f0c413d81cffb51829d95c6,ec07b4e88bea4086a5eafed96d81edb5,ce4fdd5499f8498793c11e586f7da70c,bb5c7d03a54647d08b8c62deeb803271
fde89e1ecf8840fdbb45c55139eec70f,47eb17da319d440aa52da8008c26327a,eee7f32249c5452ea36c8ed3a3540010,f676e16c6a134bd5a7bbeee4590adcfe,c588868fc3fd4e87a7cddf1ceb00b022,9460474d89704a68aaa6ccb62310ae3d,36ee1613abf245cdbe93fef69b5f981f,bb5c7d03a54647d08b8c62deeb803271,a70909d3ce0d4235913b5ce6a138dcce,6fc7a2cf0684475a82f6ff9be2c8e850,ce4fdd5499f8498793c11e586f7da70c
7141972968b840058e50af9c047f1975,36ee1613abf245cdbe93fef69b5f981f,47eb17da319d440aa52da8008c26327a,1004b33e3126472faa78e1929ed974e6,9ffa09a2b9bd4da0ba98fc537ca68802,236c362d8b664c93b41882c119df9706,b9228fdb5f0c413d81cffb51829d95c6,3b7d56c26da14b3a9b1cd52b5b35891b,eafb3480db704d7baa8216ce857d1610,9aca522158f443fd8a9caaec38ae5e2c,0228b1e9e3244da3a727930123ba7bda
978ff949184e4cfcaa6168bf5ec8b635,ca5add3cbf044a95a5bec88a5841ce98,7c1126d46a934db6b951d1e98feae327,8dfd98bb97584157b207e1f4be471a8e,d9096650c434432c871effeca9acd5c6,7e190e3c05d74e6b9f103e39142c1684,da14e9dc2c3d4963b725de8102de5028,5fc200cab89346658c9c91cce27e85fe,ae3f42d57b3046a3821026173286a43e,4c67cc7a1ccc496db132636e3f4853a2,415641aa43724ed9bc4710302b77edc3
e8d5f4039a4c41ca879ab577cb031ff6,8dfd98bb97584157b207e1f4be471a8e,7c1126d46a934db6b951d1e98feae327,ca5add3cbf044a95a5bec88a5841ce98,d695b7afdc3841a28a56df578e56afce,b3f8b4bec0164d0e81997b4f5a277e8f,0e8487b2e6a2439b9e6623a1e2e5e19d,52f20bd7eb50430c95f0916727880a1b,87fc1d6a57ea488786caaec8599c3b8b,714e47cd21e5416f864a4bc938850a72,a7077a82d2c74518b96fb45e35f6e150
652ddece31c14123bb00ca0f797d5627,c3502ff31ce6459a96164c934f297562,0c889c151e094b948c13b0275e660a9c,0433768f874042a5b2d2e37ad9deae13,6b4676aba2a746b3ab778315afc8ee82,f5bcc6f48ed2447581b401d453039866,b6da55bea1244cf0a753b258420946b2,86179aff3df24ff59b11e9a34974a3f4,8889c114b071429cbe2418f5b0f2024b,65e30dd62cfa4dccb9ea4d908a9d6fab,d658e3a743af41899183fecff6b2628d
35b575c8f0a94d4691d7fa9a39e399be,ca5add3cbf044a95a5bec88a5841ce98,7c1126d46a934db6b951d1e98feae327,8dfd98bb97584157b207e1f4be471a8e,d9096650c434432c871effeca9acd5c6,7e190e3c05d74e6b9f103e39142c1684,75bf181ea5dc490e95d364a5f5c7af1d,da14e9dc2c3d4963b725de8102de5028,415641aa43724ed9bc4710302b77edc3,8987ceafff324f9599b842542e37eddd,f2cfa68a47ce4a43a0fe1cc7dc860418
9137d9f3709b476a856868040dd81177,2c8eafa0ff26437a862dc2224ab57073,dbf0926f9f344f1d88b114660db4d2eb,75bf181ea5dc490e95d364a5f5c7af1d,3fce01bbc56d49d39f61cba3d17648f2,5e44915237fc4445b54b037e1c4e29a4,5fc200cab89346658c9c91cce27e85fe,11e9586d6c7a443c8025278f8ef53b6d,7c1126d46a934db6b951d1e98feae327,0cdb0f32850f4585a16de4886462bbe0,ff171f0b29974f78b0e81fee30abdd38
19e0f2444bd641bb81c4b9604f3c5b79,2c8eafa0ff26437a862dc2224ab57073,75bf181ea5dc490e95d364a5f5c7af1d,dbf0926f9f344f1d88b114660db4d2eb,11e9586d6c7a443c8025278f8ef53b6d,415641aa43724ed9bc4710302b77edc3,3fce01bbc56d49d39f61cba3d17648f2,5fc200cab89346658c9c91cce27e85fe,3f28365e18244eb28cc7d23de8895956,6bde760ad5d4485db9889b1bdc074005,076e2669c305401fb3afcfafdd6c79c7
f8922388774b4a008a6c8d856099d30f,5fc200cab89346658c9c91cce27e85fe,6bde760ad5d4485db9889b1bdc074005,d0e41bf891254ba0872f1641139f84f6,eabdd2813a954f9aa01f0eb8212ee387,0cdb0f32850f4585a16de4886462bbe0,403835bbf2f1447188bcc78e062b0028,da14e9dc2c3d4963b725de8102de5028,076e2669c305401fb3afcfafdd6c79c7,4e22dc65beb7450b9260cf27e50919e4,be8953cc364d46cebbcc2c2da2c348ab
d6305586e401475b931a4998caeab35e,6bde760ad5d4485db9889b1bdc074005,5fc200cab89346658c9c91cce27e85fe,d0e41bf891254ba0872f1641139f84f6,076e2669c305401fb3afcfafdd6c79c7,da14e9dc2c3d4963b725de8102de5028,eabdd2813a954f9aa01f0eb8212ee387,0cdb0f32850f4585a16de4886462bbe0,f8e7f9688fd546829da579434180ffee,403835bbf2f1447188bcc78e062b0028,0b57f893483647c3aed811775a4c4c04
b1b3c914d57442e687d0d798f678582d,3f28365e18244eb28cc7d23de8895956,0e8487b2e6a2439b9e6623a1e2e5e19d,15b7b988bba143989cfd98d5c6c4d203,415641aa43724ed9bc4710302b77edc3,52f20bd7eb50430c95f0916727880a1b,e5a3c8867e44498d9182e8be934e0fce,db620271348d404a9a0b978d96c63f29,dbf0926f9f344f1d88b114660db4d2eb,69ac8397e9624bfd8aee237b9f9ea3b5,cf7476d6c96b4dcdb6f025b9291eb62b
1e71c6d2af1b4a24867e8235df8f68be,0e8487b2e6a2439b9e6623a1e2e5e19d,3f28365e18244eb28cc7d23de8895956,15b7b988bba143989cfd98d5c6c4d203,cf7476d6c96b4dcdb6f025b9291eb62b,f4b7e6e902e344859cb041126b69ce3c,db620271348d404a9a0b978d96c63f29,4385ac4645b34f3c8a44c4676ebcd8be,8dfd98bb97584157b207e1f4be471a8e,52f20bd7eb50430c95f0916727880a1b,48c31b1e2ce94de8968fab433813fa91
10a5c96cf3974eb4a43ee1190f555041,0e8487b2e6a2439b9e6623a1e2e5e19d,3f28365e18244eb28cc7d23de8895956,15b7b988bba143989cfd98d5c6c4d203,8dfd98bb97584157b207e1f4be471a8e,48c31b1e2ce94de8968fab433813fa91,52f20bd7eb50430c95f0916727880a1b,b3f8b4bec0164d0e81997b4f5a277e8f,ad054da7e1704a53931a341173f0605f,f4b7e6e902e344859cb041126b69ce3c,2ece45504eff42469c104dc2a2d03caf
e06807ddbe0f47fbb2131d40df566c5d,3f28365e18244eb28cc7d23de8895956,0e8487b2e6a2439b9e6623a1e2e5e19d,15b7b988bba143989cfd98d5c6c4d203,415641aa43724ed9bc4710302b77edc3,52f20bd7eb50430c95f0916727880a1b,db620271348d404a9a0b978d96c63f29,e5a3c8867e44498d9182e8be934e0fce,dbf0926f9f344f1d88b114660db4d2eb,69ac8397e9624bfd8aee237b9f9ea3b5,2ece45504eff42469c104dc2a2d03caf
f191bbfff07e4252b111e35c94ed290e,40a95697730046dcbb0d7ba1fe2109a6,d43b0f94627d45918e18a80be127aa2c,25afb6f7e9314af09008644bca5955b9,a2612682d9854a30a7684c91c8619ec9,04fa591263664fb0a6868552ebd3590b,3f23eafbd9cc4e209aca631fd6fc9dfd,e2e0c8c96aff4c00896ac6986bbb20c2,85d4175b563d48e5bc6a991b23662f24,e88ce4cd350f43398a5c0ab8629cee72,8b038cd0dafd45d8b1ce75177ca3a76b
3933d083cd9e45fdb173f91329f16538,40a95697730046dcbb0d7ba1fe2109a6,d43b0f94627d45918e18a80be127aa2c,25afb6f7e9314af09008644bca5955b9,04fa591263664fb0a6868552ebd3590b,3f23eafbd9cc4e209aca631fd6fc9dfd,a2612682d9854a30a7684c91c8619ec9,85d4175b563d48e5bc6a991b23662f24,e2e0c8c96aff4c00896ac6986bbb20c2,e88ce4cd350f43398a5c0ab8629cee72,556743bab70d4b75bafcf192fef95b16
643c0eec1efd4728b8264ce4fed0d3d8,3ec67e948e15423fac23fdd38a7d4cca,8350ea8cd6514c2c8d7b625abe7e895b,3827ad869b3740278b98db4e65c40e0c,59f62d35b1ad451397b700b3dad25448,78d0265d47df4f4cb7153da919763730,fc430b7683934be2aba12468b2409bb8,7dd5e88dfdd24cafab2c765939757354,7627d5e28ba74cbeaf9225e88a7a44cc,3766b26b53874893ae48693880e1942c,17b5eb6fab65476f827dd355b4a20a55
effe6696627f429091a6dd53f02eefb5,a35fecee62a9432da0c413f65e895e8c,39a08a87897f47d3bdbbdc5ed8c9cd7f,556743bab70d4b75bafcf192fef95b16,384f94503bcd4f4c863056ad69f45b43,0433768f874042a5b2d2e37ad9deae13,a35d7304347a4f81b1ccfb086956921c,e6afe89ff7bc491193141c057083d8a8,dd77b570036f40de9fdf49011bb9e2d8,03df72bcf3504272a27f4bbaea89118a,a5d5fb459a1844088e93ae557ab34afe
8fb15d3cacbd407bb226320c3829b9d1,3827ad869b3740278b98db4e65c40e0c,8350ea8cd6514c2c8d7b625abe7e895b,3ec67e948e15423fac23fdd38a7d4cca,68aefc97056440af874039a28497cf98,7627d5e28ba74cbeaf9225e88a7a44cc,f532294d68604bc2aa9ad8804a8c6d5f,00614d60b3544ba790dfd23dd53992e0,8ebbcf8e4e6f400ba1839e9d75806274,07d869789eda4445a1ecfe59c331db0d,b6da55bea1244cf0a753b258420946b2
9c535651e4904df1a59b82bd2baf303f,aaab880f032a4e00904cf50566164044,40f040fd5c824c8e8e710af1fdf70b5f,10b152bdafe94db8a93f7c374226a071,beccee3a988f48c1ad207e2380766fa4,ec5fe0d3a2a2426ea4e49a5c0ad44e04,7f5b658239034d35b7f4cf1c63cb388c,27fe100af7884932a33bf30f10dacc55,b83013f4c5524232814efa0f8651867f,898eabaaa1a047e18aecbb1c5a8decbf,de1102228a324428989533278cd482f6
aa2f3a01706344a289a355c547d3ba1f,aaab880f032a4e00904cf50566164044,40f040fd5c824c8e8e710af1fdf70b5f,10b152bdafe94db8a93f7c374226a071,beccee3a988f48c1ad207e2380766fa4,ec5fe0d3a2a2426ea4e49a5c0ad44e04,7f5b658239034d35b7f4cf1c63cb388c,27fe100af7884932a33bf30f10dacc55,b83013f4c5524232814efa0f8651867f,898eabaaa1a047e18aecbb1c5a8decbf,de1102228a324428989533278cd482f6
67c8a3a3a76f47dca5dffc57df701923,40f040fd5c824c8e8e710af1fdf70b5f,aaab880f032a4e00904cf50566164044,10b152bdafe94db8a93f7c374226a071,beccee3a988f48c1ad207e2380766fa4,27fe100af7884932a33bf30f10dacc55,ec5fe0d3a2a2426ea4e49a5c0ad44e04,7f5b658239034d35b7f4cf1c63cb388c,898eabaaa1a047e18aecbb1c5a8decbf,b83013f4c5524232814efa0f8651867f,de1102228a324428989533278cd482f6
517a4c8e0e5e4627b780d2ab38493bcc,d9b97376c5e44d8786f861a5788af644,5a9a716f53364389864a4018d9e9c6c0,9094e936e13641cc9bfcc7dc1408d86e,57430214baf045cb92fa3b3b70a4ca3f,7d6cdff8c9ac434196df803628fe9f62,bdb0d45caa2a4943959f8f501e51132b,13cda6e8f2d948eeb5508288a172e76f,45e440d874a54bb591862ff441114cd3,b626eb67c2e14afeae2846bb150976f3,21019944fc2c4838a682a6dcdc62c4ef
80e36297d12e404b9094dc65f4ffd3d4,0a61f52258f643b6a6436a1ec234e197,b626eb67c2e14afeae2846bb150976f3,d7c9dafddaf547159d366dacf7b68a7e,5b588e34588940788a22036b775ecc2f,c1def54262224e23acf67a9870725ce5,563043f180e54e238ad4876974e5db4c,b69c17a10a55494d8caa56c33e8f4a56,0bd1cce9370a461089e25393086800a8,c14e45f5201b4038bdddddb238d888a3,189a3b686ad14c24b5e1a495f76dd239
b5f4062f90b440998365198d9656fe97,0a61f52258f643b6a6436a1ec234e197,b626eb67c2e14afeae2846bb150976f3,d7c9dafddaf547159d366dacf7b68a7e,c1def54262224e23acf67a9870725ce5,5b588e34588940788a22036b775ecc2f,e86a0aae846a4e44bf967ab4972c977c,c14e45f5201b4038bdddddb238d888a3,563043f180e54e238ad4876974e5db4c,f8856799293e49feab6368e794eb8b00,ec580ac6dd7149fb8a0a5a5d8b0f5b08
0471ac805c4b456db243f0805797f2dc,595e438d2b394bb3a3259f47efd37ae8,e0d8aee46b1d4d998858cd05027251b6,7ee65b33f8f44852ada468b1fed83433,2d812431f07c44f1a56a71c72766e0b0,033f1514c78b49dd82148b94f6bcbeba,06a5f0cec6ce4170a02dad0ad4c55b1c,ee7c00877ae64dac87123a3d75251530,e0ff5d4ae0ec4871a49041d550cdcaa9,77ce0587a12b46bab8814225ba86753e,66f4c650b7ca48f1bc27f9daff8d312a
72d5e8cd4b71425f86534cb71655d3a0,595e438d2b394bb3a3259f47efd37ae8,e0d8aee46b1d4d998858cd05027251b6,7ee65b33f8f44852ada468b1fed83433,2d812431f07c44f1a56a71c72766e0b0,033f1514c78b49dd82148b94f6bcbeba,ee7c00877ae64dac87123a3d75251530,06a5f0cec6ce4170a02dad0ad4c55b1c,77ce0587a12b46bab8814225ba86753e,29088685e31a4d86b60b514e98117361,e0ff5d4ae0ec4871a49041d550cdcaa9
7c6759369d574b4cadfde359fe6eb481,e0d8aee46b1d4d998858cd05027251b6,595e438d2b394bb3a3259f47efd37ae8,7ee65b33f8f44852ada468b1fed83433,2d812431f07c44f1a56a71c72766e0b0,ee7c00877ae64dac87123a3d75251530,6d3b4c95066e4dd8a6ad1c66b1c1ea4f,243dbbcdc67c42bfa6f32c47477adf6d,06a5f0cec6ce4170a02dad0ad4c55b1c,02a3cd76ce534d188b4d5ac4778bd652,e903085a3f944ad2a41c37306b4e6ab4
bba1dbc4ebc4401eb489ace7cdfe3d62,e0d8aee46b1d4d998858cd05027251b6,595e438d2b394bb3a3259f47efd37ae8,7ee65b33f8f44852ada468b1fed83433,2d812431f07c44f1a56a71c72766e0b0,6d3b4c95066e4dd8a6ad1c66b1c1ea4f,243dbbcdc67c42bfa6f32c47477adf6d,ee7c00877ae64dac87123a3d75251530,06a5f0cec6ce4170a02dad0ad4c55b1c,29088685e31a4d86b60b514e98117361,02a3cd76ce534d188b4d5ac4778bd652
fb8a64be87ed4691b554bac222e157ab,6ae72ad649c54129b992d321f8f29122,503d2f067a8a4f5798b1c64b07ab0bc5,8987ceafff324f9599b842542e37eddd,076e2669c305401fb3afcfafdd6c79c7,baad022010b44fad8d8410869d909fd1,4d0a737f396d4a95808085bd1306746c,dbf0926f9f344f1d88b114660db4d2eb,c36ef11228124c438ed3256c9822b03d,4c67cc7a1ccc496db132636e3f4853a2,5fc200cab89346658c9c91cce27e85fe
af9351fd1bff4f5bb9e89603c818f703,503d2f067a8a4f5798b1c64b07ab0bc5,0a2c24dead204be9ae36be358e1223f9,898eabaaa1a047e18aecbb1c5a8decbf,d445ccdb4cda497e9f0343a3298022d2,08ecf89bc10942a4bd894482f6fcdfa7,64d9091426f9461c97c98a5428856bcf,d5ecdd142b544edca1b16ee83a9cf908,77d8e01a914d4f4a8b87d407e0d741aa,b83013f4c5524232814efa0f8651867f,7199f2fe77824236a392e1f00a5bdfc3
9a2ba0ba753c40439a29734968bde279,503d2f067a8a4f5798b1c64b07ab0bc5,0a2c24dead204be9ae36be358e1223f9,d5ecdd142b544edca1b16ee83a9cf908,08ecf89bc10942a4bd894482f6fcdfa7,64d9091426f9461c97c98a5428856bcf,898eabaaa1a047e18aecbb1c5a8decbf,d445ccdb4cda497e9f0343a3298022d2,b83013f4c5524232814efa0f8651867f,7199f2fe77824236a392e1f00a5bdfc3,77d8e01a914d4f4a8b87d407e0d741aa
b92407443bc54ed2805842ca07219659,6ae72ad649c54129b992d321f8f29122,503d2f067a8a4f5798b1c64b07ab0bc5,8987ceafff324f9599b842542e37eddd,4d0a737f396d4a95808085bd1306746c,076e2669c305401fb3afcfafdd6c79c7,4c67cc7a1ccc496db132636e3f4853a2,baad022010b44fad8d8410869d909fd1,f335a944a27a4504a82ecf70c2d4a5e4,5fc200cab89346658c9c91cce27e85fe,ff171f0b29974f78b0e81fee30abdd38
79f37cf5db664eceb1acbe56e59fdba2,c756409435634fc48c643a64e73c93ce,b9228fdb5f0c413d81cffb51829d95c6,225818abe99e45a0bf5b0b3ec30db76b,df5ca61304074da1bec8f536ab50baf3,eafb3480db704d7baa8216ce857d1610,75efe5ddef364f49865d9bb283492b48,32aaca2a732f4272b237374d3cdeec90,4a6eba10a02a4ecdbb6b25e8651c3789,fadf133e0e684a24ac79b5fa9515bac2,36ee1613abf245cdbe93fef69b5f981f
8d3b90a569d64372a82d9a26b511d43b,b9228fdb5f0c413d81cffb51829d95c6,df5ca61304074da1bec8f536ab50baf3,225818abe99e45a0bf5b0b3ec30db76b,4a6eba10a02a4ecdbb6b25e8651c3789,c756409435634fc48c643a64e73c93ce,93dc50abd35349f7923100dca2f41002,36ee1613abf245cdbe93fef69b5f981f,7ec1584e9a5b49eab9ef249143d9bb86,6f57d1175ad243edada61643d01fcd54,eafb3480db704d7baa8216ce857d1610
9203f26b661c4f00976012cebd86ad3e,b9228fdb5f0c413d81cffb51829d95c6,df5ca61304074da1bec8f536ab50baf3,4a6eba10a02a4ecdbb6b25e8651c3789,93dc50abd35349f7923100dca2f41002,225818abe99e45a0bf5b0b3ec30db76b,eafb3480db704d7baa8216ce857d1610,36ee1613abf245cdbe93fef69b5f981f,7ec1584e9a5b49eab9ef249143d9bb86,c756409435634fc48c643a64e73c93ce,6f57d1175ad243edada61643d01fcd54
bbfbeffe205f44cd8c5bd867f70dc0cf,c756409435634fc48c643a64e73c93ce,b9228fdb5f0c413d81cffb51829d95c6,df5ca61304074da1bec8f536ab50baf3,225818abe99e45a0bf5b0b3ec30db76b,fadf133e0e684a24ac79b5fa9515bac2,0bd1cce9370a461089e25393086800a8,32aaca2a732f4272b237374d3cdeec90,4a6eba10a02a4ecdbb6b25e8651c3789,75efe5ddef364f49865d9bb283492b48,eafb3480db704d7baa8216ce857d1610
24b76ac90a84462d903374be9d0b2c6f,7d6cdff8c9ac434196df803628fe9f62,772cb9726861451d9972604da6f65c55,f65c7f50929f431dbf31b441d87616d0,105ad424733e4cffa7c474b51e3980aa,d361a9e414fb41c1a605200d9cbba496,dcfb738ebbc24f09bb680fe3a52b702e,9909a671f7414c19b2727e7d4d4dcf1b,97959d02a64f4a3fbbebe7cbece6c012,70aa10580bfe4069bdaa5721ae2d29db,ab57f83304bc4005998bbd6bc063fb4f
eeabc5200c23495e9decc640bc81697b,7d6cdff8c9ac434196df803628fe9f62,dcfb738ebbc24f09bb680fe3a52b702e,772cb9726861451d9972604da6f65c55,c1def54262224e23acf67a9870725ce5,2d812431f07c44f1a56a71c72766e0b0,f65c7f50929f431dbf31b441d87616d0,1e376f9d0945477983c8d851e4b2cf5e,77c8b175ca9d411b8d28d1ed0dc40304,b8da01ceddcb45a491a288ddbc658e90,41047823f2cb4194ba1e0709443c719a
f7df9ff1967f4b5aad8cb6deb163fa95,dcfb738ebbc24f09bb680fe3a52b702e,af532d6e5090478ba520505d5f9107f2,2d812431f07c44f1a56a71c72766e0b0,4254f6eaaed746bea797c3522036fc12,1e376f9d0945477983c8d851e4b2cf5e,b6c493a3666c4db193e86c79faf099ab,d2bcc978e7aa49908919d9fc40138b27,74644c8cc17449cf89379868e7b21398,a865b8d581b44104afe7c8508e3486f5,7ee65b33f8f44852ada468b1fed83433
aa188e907acd4beab124f5f8ad0694d1,af532d6e5090478ba520505d5f9107f2,4254f6eaaed746bea797c3522036fc12,2d812431f07c44f1a56a71c72766e0b0,dcfb738ebbc24f09bb680fe3a52b702e,d2bcc978e7aa49908919d9fc40138b27,1e376f9d0945477983c8d851e4b2cf5e,b6c493a3666c4db193e86c79faf099ab,7ee65b33f8f44852ada468b1fed83433,452d645d5bf4485185e996dcec9523e5,41047823f2cb4194ba1e0709443c719a
dcab7d1f66534e95aab82c2040294de9,ac5a760b45c146ec840193371cfb2d30,9bf3b77eb9874f5f9e006a9cff111ea9,c66c6f1449d44728a2ef72de53dd6d5e,13e659415ac84c7a81fc769111d43417,415641aa43724ed9bc4710302b77edc3,e511c40ca6324803b5021e47b4e777f8,2ea3b46262e649f79900258cd90cce31,9d09e3cd382c4d0ea0f6f50261e3e4c8,c750a2994555414790abb3281572bb42,89e983dca0a34b768e17b3871b9cea1e
432081bba65f4c408b3f3783b0d361dc,ac5a760b45c146ec840193371cfb2d30,9bf3b77eb9874f5f9e006a9cff111ea9,c66c6f1449d44728a2ef72de53dd6d5e,13e659415ac84c7a81fc769111d43417,e511c40ca6324803b5021e47b4e777f8,c750a2994555414790abb3281572bb42,9d09e3cd382c4d0ea0f6f50261e3e4c8,52f20bd7eb50430c95f0916727880a1b,b8995466f0eb4e7ba141e23216e8b974,415641aa43724ed9bc4710302b77edc3
c385a042fa734b73b1bcbec2e14a9dd0,9bf3b77eb9874f5f9e006a9cff111ea9,ac5a760b45c146ec840193371cfb2d30,13e659415ac84c7a81fc769111d43417,c750a2994555414790abb3281572bb42,3138244ae91040948d5bd6772e4075ea,9d09e3cd382c4d0ea0f6f50261e3e4c8,e511c40ca6324803b5021e47b4e777f8,2ea3b46262e649f79900258cd90cce31,c66c6f1449d44728a2ef72de53dd6d5e,27a67d3e76814297aebf64e03d14c336
0b33aed54f7445caadc031f47ad62603,9bf3b77eb9874f5f9e006a9cff111ea9,ac5a760b45c146ec840193371cfb2d30,13e659415ac84c7a81fc769111d43417,c750a2994555414790abb3281572bb42,9d09e3cd382c4d0ea0f6f50261e3e4c8,c66c6f1449d44728a2ef72de53dd6d5e,415641aa43724ed9bc4710302b77edc3,3aaea7fa41fd43cdb88f8ef59062c5df,e511c40ca6324803b5021e47b4e777f8,7199f2fe77824236a392e1f00a5bdfc3
8954e57cd5544eba8d9fec1e8cc5ea3c,1578afd6ce694d46ab6e24f965f51fd6,9dd98c9126c44642a20711729f2e731e,7d5c0a2bfccf4255a43d9bd0f84a6d3a,2c3599a1611644f4908562f8fb8870d3,9fd4c00672d84215b3e21812aef3d6ac,75801225047a4c019100660c13f1e0f1,5f481b07f9734f518a14853831233b78,e86a0aae846a4e44bf967ab4972c977c,bc13c2b0221744a29a8ddf56aa015df9,a9d82bb43410405ca21b44a5e82e22b6
285ed58a8d154d748bba60ef4ef0123d,9dd98c9126c44642a20711729f2e731e,b8da01ceddcb45a491a288ddbc658e90,a9d82bb43410405ca21b44a5e82e22b6,b40d3c588ad647ff85e397a6bc5f9d8b,2c3599a1611644f4908562f8fb8870d3,1578afd6ce694d46ab6e24f965f51fd6,d65e3a3657ae455e954b6d7221afc84c,ad42c467d0fe43dbb328073f9a16bc4d,9fd4c00672d84215b3e21812aef3d6ac,e86a0aae846a4e44bf967ab4972c977c
9a11a8c9bd5f451c8babd3c4dde3d9ba,c78547bdc2e64ac8935559f7de2efd41,5605fa1188974644937bbf92fec50e21,fb8c2b83e46441c2aaa7c81d3642e2da,0d0973762130427eaa2ce9a7a34517db,5a9a716f53364389864a4018d9e9c6c0,d53fa54d5536463ab0d87648dfc5fd78,6dc5832f0ac04df2bd99c6415b3ecf09,b69c17a10a55494d8caa56c33e8f4a56,d7c9dafddaf547159d366dacf7b68a7e,6c6de17135be4f8c9423be633eaefcd4
68931fb463ea43e2b4aaebfa95817d2c,c78547bdc2e64ac8935559f7de2efd41,5605fa1188974644937bbf92fec50e21,fb8c2b83e46441c2aaa7c81d3642e2da,0d0973762130427eaa2ce9a7a34517db,d53fa54d5536463ab0d87648dfc5fd78,6dc5832f0ac04df2bd99c6415b3ecf09,5a9a716f53364389864a4018d9e9c6c0,b69c17a10a55494d8caa56c33e8f4a56,174581fc299840e18e827432c0cce4dc,89e983dca0a34b768e17b3871b9cea1e
ee38dd3bcc4543afa6668b1cb7f04db9,191b01e1728e4583a8ead5a86db27370,b40d3c588ad647ff85e397a6bc5f9d8b,0592b57e490d4206a3f12eb004a0afe0,d65e3a3657ae455e954b6d7221afc84c,eee7f32249c5452ea36c8ed3a3540010,1578afd6ce694d46ab6e24f965f51fd6,189a3b686ad14c24b5e1a495f76dd239,5f481b07f9734f518a14853831233b78,7d5c0a2bfccf4255a43d9bd0f84a6d3a,701ac1447f5a414e81156a56c3593a31
0c11c50aaac54a2c8cc725ff6073ce3c,e903085a3f944ad2a41c37306b4e6ab4,45e440d874a54bb591862ff441114cd3,6d3b4c95066e4dd8a6ad1c66b1c1ea4f,f676e16c6a134bd5a7bbeee4590adcfe,4e7ee74be72a461fa02fa61bee62bdcc,7e17bbd109dc486c8f0a76f913782180,772cb9726861451d9972604da6f65c55,e0d8aee46b1d4d998858cd05027251b6,7879fa4d4db046a2a8d195311b6e5789,1419b2c686f44896a0ae2a43e93b5402
b092fbf434e14ff3911418a406a68bd4,e903085a3f944ad2a41c37306b4e6ab4,3bd43a42811048e3b7a7d9740bdb1971,4e7ee74be72a461fa02fa61bee62bdcc,86f59bd78b424260b0cf356f2f9ae734,6d3b4c95066e4dd8a6ad1c66b1c1ea4f,7879fa4d4db046a2a8d195311b6e5789,67984873125e4a0f9562179c906d1b0f,f676e16c6a134bd5a7bbeee4590adcfe,938147b72e9540da8513910871e0830a,3e59b61eb70146308db2308b988b54cf
76d9f443399e491c9b01f4bb0f487d6c,7e17bbd109dc486c8f0a76f913782180,67984873125e4a0f9562179c906d1b0f,65e30dd62cfa4dccb9ea4d908a9d6fab,7879fa4d4db046a2a8d195311b6e5789,ca544e6629b14e8fab5f7cb40d1ac88e,0daf8d5687b54d158f7f752884c42334,88353d1136d24836816b073de62e5f50,e2769c67dadd4c988f7ccf249a998a56,3aa003c1e31b476e999c3a808a1d5dc6,6b4676aba2a746b3ab778315afc8ee82
1479ab485d6f4065a6b3679d81d7e6a8,7e17bbd109dc486c8f0a76f913782180,67984873125e4a0f9562179c906d1b0f,7879fa4d4db046a2a8d195311b6e5789,88353d1136d24836816b073de62e5f50,ca544e6629b14e8fab5f7cb40d1ac88e,e2769c67dadd4c988f7ccf249a998a56,bb84a4cf60c84a8d8e23276b1863d293,6b4676aba2a746b3ab778315afc8ee82,d0b6e9c1cc5341faba9e03c17767bc2e,0daf8d5687b54d158f7f752884c42334
ff9cb85ab2634f23a327ccaa9cf1e87f,eee7f32249c5452ea36c8ed3a3540010,d33407004b9e433a9d4147cfe6584d36,eb21a4e2b7bd43efbdf0c365415e7fef,434551fdf9e443ed91679a9557ae6fd5,ab57f83304bc4005998bbd6bc063fb4f,511fe9c8b20b4fda94969745238c9474,999a2b52a5004ee984e587d5a1327b23,f1eecad10a61421eb16b1be7435d9c19,f676e16c6a134bd5a7bbeee4590adcfe,0a61f52258f643b6a6436a1ec234e197
041fe9a0e0e3466eaee94e0c5058d4dd,ad054da7e1704a53931a341173f0605f,48c31b1e2ce94de8968fab433813fa91,f1eecad10a61421eb16b1be7435d9c19,c235728f290a44d6a5fc2e14111ae02e,66690895454847fea5a000202fbfab2e,bcfa4a4177d44d8b8cda17b7a23196b0,3f1c2bb09c4e4400b6ba19542fafce18,eff24b01b2f5428baa4c3fef6cb40d41,b3209c60460a437294e2b30a9e9d3f53,99830b8da7c24f909914f7bb167f3ea6
63ce6205810547c2adaa5dc2398e9bf7,eb21a4e2b7bd43efbdf0c365415e7fef,f1eecad10a61421eb16b1be7435d9c19,b3209c60460a437294e2b30a9e9d3f53,c235728f290a44d6a5fc2e14111ae02e,ad054da7e1704a53931a341173f0605f,48c31b1e2ce94de8968fab433813fa91,b23a9c50eada4286a4f7ce8668b92db1,f37d285ad0de42f0b1546d0d1acfb221,1232f20e710b448e8c0538b9e84dab1c,c66c6f1449d44728a2ef72de53dd6d5e
701bc8401f56437f823f5613549de41d,0971af4212484a958eb0f60f93d1dfe0,016e634d566b49c199d07357aae9bf33,c3a741d302d94ee294bb6e4090fd2da9,8f0e477fc779414e9b47995c0b25a87d,5abf57d57d84440e94d0d2e2ffb37575,41e657daa20545a588584578bdb4101c,3138244ae91040948d5bd6772e4075ea,67dd23cfd20f46dc82acc82c108a1dc6,23a16d69ffe848d593a4808907d8aa98,fbfaa119f55a477984e42d80498f54d3
f9d2d9f3c3fb4720ba92d227f72aeef0,25109e3a7df549e5b380aae716d71366,eafb3480db704d7baa8216ce857d1610,1232f20e710b448e8c0538b9e84dab1c,4a6eba10a02a4ecdbb6b25e8651c3789,eb21a4e2b7bd43efbdf0c365415e7fef,df5ca61304074da1bec8f536ab50baf3,6f57d1175ad243edada61643d01fcd54,0bd1cce9370a461089e25393086800a8,b9228fdb5f0c413d81cffb51829d95c6,cae139b6e4914ce7b0ef1e68b8b857eb
127069977daa41d78cd4642f658c4171,0971af4212484a958eb0f60f93d1dfe0,016e634d566b49c199d07357aae9bf33,67dd23cfd20f46dc82acc82c108a1dc6,41e657daa20545a588584578bdb4101c,f439b5616ba24b7f82eccfa095a0eff8,75efe5ddef364f49865d9bb283492b48,c3a741d302d94ee294bb6e4090fd2da9,5abf57d57d84440e94d0d2e2ffb37575,eafb3480db704d7baa8216ce857d1610,3138244ae91040948d5bd6772e4075ea
11d8ba0cbe2c48568a2d0196a1573e16,25109e3a7df549e5b380aae716d71366,eafb3480db704d7baa8216ce857d1610,4a6eba10a02a4ecdbb6b25e8651c3789,1232f20e710b448e8c0538b9e84dab1c,df5ca61304074da1bec8f536ab50baf3,b9228fdb5f0c413d81cffb51829d95c6,eb21a4e2b7bd43efbdf0c365415e7fef,c65af18670ea437c8986884645b3afe9,0bd1cce9370a461089e25393086800a8,6f57d1175ad243edada61643d01fcd54
e1b3f03ec240460c895264f738a709ec,6fc7a2cf0684475a82f6ff9be2c8e850,e4fcd30261804b089efa940359057ba2,a0b4d283f12a407286dbeaa3a4d128a5,9460474d89704a68aaa6ccb62310ae3d,c588868fc3fd4e87a7cddf1ceb00b022,9daaefe080b34656a0c7a54d2d6a1713,d65e3a3657ae455e954b6d7221afc84c,1578afd6ce694d46ab6e24f965f51fd6,7f23e27e5652406784fdc2dea3918125,8a9dc60359ba49cd8ac170cfb4ac3913
e8ef2c2c7af746118efa2021eab8a25a,eee7f32249c5452ea36c8ed3a3540010,0d0973762130427eaa2ce9a7a34517db,191b01e1728e4583a8ead5a86db27370,93dc50abd35349f7923100dca2f41002,f676e16c6a134bd5a7bbeee4590adcfe,0592b57e490d4206a3f12eb004a0afe0,e43d8e7bc32f406b9a692e2604f5b45a,b69c17a10a55494d8caa56c33e8f4a56,e53dd6188816429ab915de6f9649a026,a70909d3ce0d4235913b5ce6a138dcce
eeb2317fd71541c38fd867e246a9ff44,eee7f32249c5452ea36c8ed3a3540010,93dc50abd35349f7923100dca2f41002,0592b57e490d4206a3f12eb004a0afe0,f676e16c6a134bd5a7bbeee4590adcfe,c2b49382e2f34b1c90013236a5fbaef0,b69c17a10a55494d8caa56c33e8f4a56,e53dd6188816429ab915de6f9649a026,1aaf8edc37ea412b85e3d1b5c5317051,9948a890ef25479e834f70944cb42eae,ec07b4e88bea4086a5eafed96d81edb5
842dd9ced22a40a896de94a19a1d2d4c,6fc7a2cf0684475a82f6ff9be2c8e850,e4fcd30261804b089efa940359057ba2,9460474d89704a68aaa6ccb62310ae3d,a0b4d283f12a407286dbeaa3a4d128a5,c588868fc3fd4e87a7cddf1ceb00b022,ca0fe2dd97434e2ca7aecc38d4f1fcd9,1aaf8edc37ea412b85e3d1b5c5317051,8a9dc60359ba49cd8ac170cfb4ac3913,1578afd6ce694d46ab6e24f965f51fd6,7f23e27e5652406784fdc2dea3918125
eb6b0705f8744b46a462efa41f20a89a,fe363cef357840fcb35f320fe7c27e4e,8ad1f345ca194b29bde0a924f27b2de5,116f6c1f0cb54312986a0a729508a33e,afac6ae28fac41dabae96696990c5555,a8904adcdd21495f890bc614bfdbf86f,fc70a4c2c4834e0eba1a14470f563b03,4230775a9d51448396cacb9061f0e5f9,8c5f38853679436ba434b6a696e43168,bb6ecabbce1b43d997d00d7acdc95193,887e323cc38f4cf8adc5970617f1c286
482dd5c933c94587b3946517c235aea3,13aca0959cc948cabeee0d7255f55a65,1d93c07de74c482ebf0a76ec564c3252,b01fd4d037a84a7aa777e1fc345c73c5,91f0da6d71574ababd8e868bddec9310,af648fa7ac6c4c50a246de470329cd83,716a15d66b63424a8068da89e75733b4,8af25c7ae8e14435a6e27a5671968f50,8ad1f345ca194b29bde0a924f27b2de5,8c5f38853679436ba434b6a696e43168,a8904adcdd21495f890bc614bfdbf86f
714cfd813314481cb74ce1598ae2d695,13aca0959cc948cabeee0d7255f55a65,1d93c07de74c482ebf0a76ec564c3252,b01fd4d037a84a7aa777e1fc345c73c5,91f0da6d71574ababd8e868bddec9310,716a15d66b63424a8068da89e75733b4,a8904adcdd21495f890bc614bfdbf86f,af648fa7ac6c4c50a246de470329cd83,8af25c7ae8e14435a6e27a5671968f50,8c5f38853679436ba434b6a696e43168,8ad1f345ca194b29bde0a924f27b2de5
1905289530434d1ea5a686725d2aa4a7,200f7fc78e4c403982f61b2894e50bad,06b7dd1b701544ac80dd7ca54ed707cf,f6507bae2aaa4785842167f8320428b3,7070715ef90743da8691dd4ad134eb0c,de1102228a324428989533278cd482f6,d445ccdb4cda497e9f0343a3298022d2,27fe100af7884932a33bf30f10dacc55,08ecf89bc10942a4bd894482f6fcdfa7,77d8e01a914d4f4a8b87d407e0d741aa,3b37a4c34b6e4ca89a04da864e141422
c939d86a19284f6485029452c1dd5906,200f7fc78e4c403982f61b2894e50bad,06b7dd1b701544ac80dd7ca54ed707cf,f6507bae2aaa4785842167f8320428b3,7070715ef90743da8691dd4ad134eb0c,27fe100af7884932a33bf30f10dacc55,de1102228a324428989533278cd482f6,44b3bc5953364d72a53edcf9fc4f1fed,b83013f4c5524232814efa0f8651867f,3b37a4c34b6e4ca89a04da864e141422,08ecf89bc10942a4bd894482f6fcdfa7
14683a06fc90460097ce4e4db0e55f16,44b3bc5953364d72a53edcf9fc4f1fed,6bedb2d6ace34e18811b7f1206b2d1b0,02641488de414b72b63f62b40200b101,27fe100af7884932a33bf30f10dacc55,200f7fc78e4c403982f61b2894e50bad,ff276acede2f4c14876ef47257758ae8,06b7dd1b701544ac80dd7ca54ed707cf,64d9091426f9461c97c98a5428856bcf,de1102228a324428989533278cd482f6,f6507bae2aaa4785842167f8320428b3
ba76e2fc0cc240a293e65f918ef3f29b,44b3bc5953364d72a53edcf9fc4f1fed,dcfb738ebbc24f09bb680fe3a52b702e,6bedb2d6ace34e18811b7f1206b2d1b0,afaf2edba0ee4d58860a5a04e4aabc5c,21019944fc2c4838a682a6dcdc62c4ef,04537eabb0434eb2804d1220770b85a0,b40d3c588ad647ff85e397a6bc5f9d8b,5760084aabef4d8095b2d21902151f64,200f7fc78e4c403982f61b2894e50bad,b8da01ceddcb45a491a288ddbc658e90
56178bece80e4c44a6a45d630a70742c,1b827db6f6cf4ecb850928c2f9e41de2,bce599075dfd4fac8dd78626106e3071,7f0a68d19d2e4850846ffc08c47ed87d,b33a0f5b564a4942b04046ab7a8e2aae,74644c8cc17449cf89379868e7b21398,4a6eba10a02a4ecdbb6b25e8651c3789,d0b6e9c1cc5341faba9e03c17767bc2e,5f65785004054c67a618fe43b6a30f56,8dfbb6a204a0441492c35baca6190969,36ee1613abf245cdbe93fef69b5f981f
60ae797aa8bb4341829f83d0b771ab36,1b827db6f6cf4ecb850928c2f9e41de2,bce599075dfd4fac8dd78626106e3071,7f0a68d19d2e4850846ffc08c47ed87d,b33a0f5b564a4942b04046ab7a8e2aae,74644c8cc17449cf89379868e7b21398,4a6eba10a02a4ecdbb6b25e8651c3789,8dfbb6a204a0441492c35baca6190969,36ee1613abf245cdbe93fef69b5f981f,5f65785004054c67a618fe43b6a30f56,09f4970dfe684b809bc0959fb62f41bf
539bac7dd76e434db2fec777565e0d2e,41047823f2cb4194ba1e0709443c719a,189a3b686ad14c24b5e1a495f76dd239,d7c9dafddaf547159d366dacf7b68a7e,e43d8e7bc32f406b9a692e2604f5b45a,11e1e3cdfe214385a2c24d0f957dde9b,de72d25d08da4b03ac6f6411ce30e07c,b8da01ceddcb45a491a288ddbc658e90,e22e1ad3c1fc4493bcb7c9b923566ff7,f69bf682935e47e1b4c72d237becd13a,e4ee90d625d44a6d9adc138390eef0f8
5305b4e53d154b1890d851d40a749099,41047823f2cb4194ba1e0709443c719a,af532d6e5090478ba520505d5f9107f2,250d411ae270441085be3501b7b55d86,452d645d5bf4485185e996dcec9523e5,fa190e42ce5a47c99bcaa76138dbc615,78d0265d47df4f4cb7153da919763730,b98519f97e424c1389f5553f0869b15a,b8da01ceddcb45a491a288ddbc658e90,60e87368fe334a92b57088b03cccbfc1,033f1514c78b49dd82148b94f6bcbeba
a7570f9b55c24fb0bac3c9e4edf6d60e,41047823f2cb4194ba1e0709443c719a,250d411ae270441085be3501b7b55d86,452d645d5bf4485185e996dcec9523e5,64e74af099b0485f8b6e71ac73aa2cb8,60e87368fe334a92b57088b03cccbfc1,b98519f97e424c1389f5553f0869b15a,fa190e42ce5a47c99bcaa76138dbc615,b23a9c50eada4286a4f7ce8668b92db1,cae139b6e4914ce7b0ef1e68b8b857eb,a865b8d581b44104afe7c8508e3486f5
5ad1f88ed9ed488dafbdf8181733f084,41047823f2cb4194ba1e0709443c719a,250d411ae270441085be3501b7b55d86,60e87368fe334a92b57088b03cccbfc1,fa190e42ce5a47c99bcaa76138dbc615,cae139b6e4914ce7b0ef1e68b8b857eb,64e74af099b0485f8b6e71ac73aa2cb8,b98519f97e424c1389f5553f0869b15a,eb21a4e2b7bd43efbdf0c365415e7fef,452d645d5bf4485185e996dcec9523e5,595e438d2b394bb3a3259f47efd37ae8
0e302f85dcbe44f1bc67317ce56268d8,f4474150010f4021a4620372062f3797,e834bfbd30b247e899f0dc029ab9f072,984058b7165d4c6385bec3c94afa9fb2,7960902edf4b47d686f704441aa56b0e,35d06fce2df446569702778e2250bd82,c84deec0ecf843c39f52d4cb8e7300f8,e3854d75221c4e38879a6106bb5c1941,d361a9e414fb41c1a605200d9cbba496,04537eabb0434eb2804d1220770b85a0,910827a15eac4e4b9005d8e46ad71f6e
392705089c6b4b8cbcde900d0fff9622,f4474150010f4021a4620372062f3797,984058b7165d4c6385bec3c94afa9fb2,7960902edf4b47d686f704441aa56b0e,910827a15eac4e4b9005d8e46ad71f6e,c84deec0ecf843c39f52d4cb8e7300f8,01ffceddb5b34406a08bb982b424b3cf,e3854d75221c4e38879a6106bb5c1941,e834bfbd30b247e899f0dc029ab9f072,35d06fce2df446569702778e2250bd82,e4e12f4711fd41e39075e26cc274df45
3d450234080f488aa71b15f195d1b4f1,d75a52d716984f318f976bbfc7bee787,570f08ce2a1a47978eab16bf7ad16a68,b3a022950e444682a113cec5a0537f6a,215f3d275db14601a0383885cbaad86e,34b736136487439389c10cc6bd4e9f4e,97959d02a64f4a3fbbebe7cbece6c012,e3854d75221c4e38879a6106bb5c1941,d361a9e414fb41c1a605200d9cbba496,7f0a68d19d2e4850846ffc08c47ed87d,1f3cf50fe1f947d8a56e02ebca441c4c
7adb641772574f79bca7f5c97071108e,00614d60b3544ba790dfd23dd53992e0,b6da55bea1244cf0a753b258420946b2,07d869789eda4445a1ecfe59c331db0d,8ebbcf8e4e6f400ba1839e9d75806274,b7f5c165ea2242709a2fb71f3a3f1bcb,68aefc97056440af874039a28497cf98,8350ea8cd6514c2c8d7b625abe7e895b,9a500a20b1ff4694acc31339a8d1349e,f532294d68604bc2aa9ad8804a8c6d5f,e59dba65749140f4a1bdaf2695de2fc6
470a0e2305e5411f992154553c12bfcd,00614d60b3544ba790dfd23dd53992e0,07d869789eda4445a1ecfe59c331db0d,b7f5c165ea2242709a2fb71f3a3f1bcb,8350ea8cd6514c2c8d7b625abe7e895b,b6da55bea1244cf0a753b258420946b2,d37bf09399d848df9a4d880fb097239c,7f0b453cc8c14156802497f5cbae9d62,761a3a01495143f0a86beac4234cae3a,8af25c7ae8e14435a6e27a5671968f50,8ebbcf8e4e6f400ba1839e9d75806274
f82f3fa0a3af48208d53dbf813b19b11,00614d60b3544ba790dfd23dd53992e0,b6da55bea1244cf0a753b258420946b2,07d869789eda4445a1ecfe59c331db0d,8ebbcf8e4e6f400ba1839e9d75806274,b7f5c165ea2242709a2fb71f3a3f1bcb,68aefc97056440af874039a28497cf98,f532294d68604bc2aa9ad8804a8c6d5f,8350ea8cd6514c2c8d7b625abe7e895b,9a500a20b1ff4694acc31339a8d1349e,e59dba65749140f4a1bdaf2695de2fc6
cbd2d2ff355d4f0399b9fc51697c9fd7,8ebbcf8e4e6f400ba1839e9d75806274,00614d60b3544ba790dfd23dd53992e0,b6da55bea1244cf0a753b258420946b2,07d869789eda4445a1ecfe59c331db0d,7f0b453cc8c14156802497f5cbae9d62,9a500a20b1ff4694acc31339a8d1349e,e59dba65749140f4a1bdaf2695de2fc6,f91157bb8fca4a8e98db33591a76be9a,4d5cbe57c3094d01843e4f950a280b50,68aefc97056440af874039a28497cf98
355a18bf4bbe449086bfbd70b9b66961,00614d60b3544ba790dfd23dd53992e0,07d869789eda4445a1ecfe59c331db0d,b7f5c165ea2242709a2fb71f3a3f1bcb,8350ea8cd6514c2c8d7b625abe7e895b,b6da55bea1244cf0a753b258420946b2,8ebbcf8e4e6f400ba1839e9d75806274,7f0b453cc8c14156802497f5cbae9d62,761a3a01495143f0a86beac4234cae3a,d37bf09399d848df9a4d880fb097239c,3827ad869b3740278b98db4e65c40e0c
8801a0c028fe4b9b9621b539d7950e08,4c8476482736459881e2a3b0509ee103,133bfbe9a7c741fcb638ecf1b0088213,7070715ef90743da8691dd4ad134eb0c,64d9091426f9461c97c98a5428856bcf,08ecf89bc10942a4bd894482f6fcdfa7,d445ccdb4cda497e9f0343a3298022d2,77d8e01a914d4f4a8b87d407e0d741aa,40f040fd5c824c8e8e710af1fdf70b5f,ee337b5c1ef3431e9c120250bfec4cac,c4e79c8992e54866b0c6f26c55b1a774
ce2ca433804e44b4be720751273b782a,4c8476482736459881e2a3b0509ee103,133bfbe9a7c741fcb638ecf1b0088213,5e199f7727cc4910ad88dbd81ed1ec82,8ad1f345ca194b29bde0a924f27b2de5,93bf0b86be094f68a9d308ca5ecfb4e3,ee337b5c1ef3431e9c120250bfec4cac,fe363cef357840fcb35f320fe7c27e4e,af648fa7ac6c4c50a246de470329cd83,50aa0f56e00d4c23ac78b3e63bc0f0e1,afac6ae28fac41dabae96696990c5555
4ea609e9602a4aaa8629b2aa624b0175,133bfbe9a7c741fcb638ecf1b0088213,4c8476482736459881e2a3b0509ee103,50aa0f56e00d4c23ac78b3e63bc0f0e1,ee337b5c1ef3431e9c120250bfec4cac,5e199f7727cc4910ad88dbd81ed1ec82,8ad1f345ca194b29bde0a924f27b2de5,93bf0b86be094f68a9d308ca5ecfb4e3,7070715ef90743da8691dd4ad134eb0c,c4e79c8992e54866b0c6f26c55b1a774,fe363cef357840fcb35f320fe7c27e4e
cfb9a2cee2044f5e9cab9a1ec0394c33,133bfbe9a7c741fcb638ecf1b0088213,4c8476482736459881e2a3b0509ee103,50aa0f56e00d4c23ac78b3e63bc0f0e1,8ad1f345ca194b29bde0a924f27b2de5,ee337b5c1ef3431e9c120250bfec4cac,5e199f7727cc4910ad88dbd81ed1ec82,93bf0b86be094f68a9d308ca5ecfb4e3,af648fa7ac6c4c50a246de470329cd83,fe363cef357840fcb35f320fe7c27e4e,022e16490d1949b9ab2fc1de5a837031
91753f317b7d415d93dfbb79291ce529,b8da01ceddcb45a491a288ddbc658e90,99a52c93a3304ec18dab9206f98f2a8b,9dd98c9126c44642a20711729f2e731e,2c3599a1611644f4908562f8fb8870d3,b98519f97e424c1389f5553f0869b15a,1578afd6ce694d46ab6e24f965f51fd6,a9d82bb43410405ca21b44a5e82e22b6,5f481b07f9734f518a14853831233b78,ad42c467d0fe43dbb328073f9a16bc4d,b40d3c588ad647ff85e397a6bc5f9d8b
0f94a6fec9304d4991a954ceb031f5ae,d65e3a3657ae455e954b6d7221afc84c,a0b4d283f12a407286dbeaa3a4d128a5,8a9dc60359ba49cd8ac170cfb4ac3913,2c3599a1611644f4908562f8fb8870d3,b52468fc0af2435f9ba91939f72bbf6a,e4fcd30261804b089efa940359057ba2,1578afd6ce694d46ab6e24f965f51fd6,5f481b07f9734f518a14853831233b78,b40d3c588ad647ff85e397a6bc5f9d8b,f0084465b2e646c9a53d9dc766067d9b
15a8c430cba44785961873a3dd5bc77f,d65e3a3657ae455e954b6d7221afc84c,8a9dc60359ba49cd8ac170cfb4ac3913,a0b4d283f12a407286dbeaa3a4d128a5,2c3599a1611644f4908562f8fb8870d3,b52468fc0af2435f9ba91939f72bbf6a,5f481b07f9734f518a14853831233b78,b40d3c588ad647ff85e397a6bc5f9d8b,1578afd6ce694d46ab6e24f965f51fd6,a9d82bb43410405ca21b44a5e82e22b6,b8da01ceddcb45a491a288ddbc658e90
fd824af093e04ae187700d37404ce512,b8da01ceddcb45a491a288ddbc658e90,b98519f97e424c1389f5553f0869b15a,a865b8d581b44104afe7c8508e3486f5,2c3599a1611644f4908562f8fb8870d3,772cb9726861451d9972604da6f65c55,99a52c93a3304ec18dab9206f98f2a8b,9dd98c9126c44642a20711729f2e731e,1578afd6ce694d46ab6e24f965f51fd6,b40d3c588ad647ff85e397a6bc5f9d8b,ad42c467d0fe43dbb328073f9a16bc4d
c9d75d71736c41ca808c70e38aff6b5a,85d4175b563d48e5bc6a991b23662f24,da88fa5efc674368b593444ca950dff9,25afb6f7e9314af09008644bca5955b9,3f23eafbd9cc4e209aca631fd6fc9dfd,a2612682d9854a30a7684c91c8619ec9,9500823cb050427696343b1ea5cf8881,40a95697730046dcbb0d7ba1fe2109a6,04d24d1cf42b4f7787d8d300cbad6d50,04fa591263664fb0a6868552ebd3590b,84ff5144597241bba5cbd3d0b21d220d
743f1b2f252548d7910b99d0870f6c67,da88fa5efc674368b593444ca950dff9,85d4175b563d48e5bc6a991b23662f24,9500823cb050427696343b1ea5cf8881,e9428816b054499298745b742f128f65,a2612682d9854a30a7684c91c8619ec9,5455e62f52ae4e03b2a5d0e8b9899506,3f23eafbd9cc4e209aca631fd6fc9dfd,25afb6f7e9314af09008644bca5955b9,84ff5144597241bba5cbd3d0b21d220d,f91157bb8fca4a8e98db33591a76be9a
27bcdf10465e4c54869c9ceb59013b81,3574ab91c29940b3afc62354ae06b73b,f464960d2dbc43c0970c60600bd7f1cd,a2612682d9854a30a7684c91c8619ec9,2c82919b038847fabbf5d13ca5ac55a7,da88fa5efc674368b593444ca950dff9,9500823cb050427696343b1ea5cf8881,022e16490d1949b9ab2fc1de5a837031,9db7d32d79024ba6a73c55fde6f55968,7c061d36393540b49e20d98086bdb5bd,0842a796c09b4089933a4f27e4e5e3bc
52cd37fed829421d91356a3fb87f1ae3,da88fa5efc674368b593444ca950dff9,85d4175b563d48e5bc6a991b23662f24,9500823cb050427696343b1ea5cf8881,a2612682d9854a30a7684c91c8619ec9,25afb6f7e9314af09008644bca5955b9,e9428816b054499298745b742f128f65,3f23eafbd9cc4e209aca631fd6fc9dfd,5455e62f52ae4e03b2a5d0e8b9899506,84ff5144597241bba5cbd3d0b21d220d,f464960d2dbc43c0970c60600bd7f1cd
f3cba92d050b4d8e9432cb0cc14c3d63,3574ab91c29940b3afc62354ae06b73b,f464960d2dbc43c0970c60600bd7f1cd,022e16490d1949b9ab2fc1de5a837031,a2612682d9854a30a7684c91c8619ec9,9db7d32d79024ba6a73c55fde6f55968,2c82919b038847fabbf5d13ca5ac55a7,9500823cb050427696343b1ea5cf8881,0842a796c09b4089933a4f27e4e5e3bc,74de04f31db94a99b757685c91779412,7c061d36393540b49e20d98086bdb5bd
e0ffc5f5610740569aedc8c74ed17c47,5abf57d57d84440e94d0d2e2ffb37575,cf293392122347a180cf2126f4589acb,3c1b91a23b694da1973dbc5f75f2f3ed,0971af4212484a958eb0f60f93d1dfe0,e79ae27b52fa4d54aa37735fd275c66e,1aef014473b84ef9a0f799114fe516c9,3138244ae91040948d5bd6772e4075ea,9094e936e13641cc9bfcc7dc1408d86e,75efe5ddef364f49865d9bb283492b48,cb75c6ef71cb4991805920f2894e0e96
fd29df6e377f40b981cba18434381065,5abf57d57d84440e94d0d2e2ffb37575,cf293392122347a180cf2126f4589acb,3c1b91a23b694da1973dbc5f75f2f3ed,0971af4212484a958eb0f60f93d1dfe0,e79ae27b52fa4d54aa37735fd275c66e,cc243eebbb2b44a581745865a60c423a,75efe5ddef364f49865d9bb283492b48,cb75c6ef71cb4991805920f2894e0e96,f439b5616ba24b7f82eccfa095a0eff8,01930613ce7d4a5f90ccf78d1e92a55d
f5ff08722abb413e9e24fa4eee6d5b60,3c1b91a23b694da1973dbc5f75f2f3ed,5abf57d57d84440e94d0d2e2ffb37575,cf293392122347a180cf2126f4589acb,1027a336232c4454a9c4ae450a562788,df0c94234d9d4890b5b4b95c441b3e9a,23a16d69ffe848d593a4808907d8aa98,9094e936e13641cc9bfcc7dc1408d86e,1aef014473b84ef9a0f799114fe516c9,e79ae27b52fa4d54aa37735fd275c66e,99ba4cc9355f4d79a68bc69ac12a716f
574036f38fb84293ae0fbe592c3c6f3a,cf293392122347a180cf2126f4589acb,3c1b91a23b694da1973dbc5f75f2f3ed,5abf57d57d84440e94d0d2e2ffb37575,7ab9086baf99475d8c93862a7dd36344,342aaa81ed004635bbf9cbc2592cd7b6,13e659415ac84c7a81fc769111d43417,215f3d275db14601a0383885cbaad86e,e79ae27b52fa4d54aa37735fd275c66e,ff51ca928cd54f4da620c27983e221f8,63eab812f3254cccb9631b09725aec3d
35f36e3994484147bfac89ac7f1ef8ef,cf293392122347a180cf2126f4589acb,5abf57d57d84440e94d0d2e2ffb37575,3c1b91a23b694da1973dbc5f75f2f3ed,7ab9086baf99475d8c93862a7dd36344,13e659415ac84c7a81fc769111d43417,342aaa81ed004635bbf9cbc2592cd7b6,c3a741d302d94ee294bb6e4090fd2da9,48240083d13148bd84ddee8c7f9fcd22,99dbf0cd0c6343ffbcf97f04efc4143c,215f3d275db14601a0383885cbaad86e
84ef3ef2feb84347bac472fb9e9d5906,c84deec0ecf843c39f52d4cb8e7300f8,e7aaa514f6f64a258a640ea341aa1a18,77cecb221149474896d9b2eb848bf150,039f8e63b273472d8f1d99d9a5de5cf5,07958f43551e459eb30638b632e3cd64,34b736136487439389c10cc6bd4e9f4e,97959d02a64f4a3fbbebe7cbece6c012,dee9eddb2eac41bfaf36d3279d43674a,984058b7165d4c6385bec3c94afa9fb2,35d06fce2df446569702778e2250bd82
398defcf45ad43ed8e2633186eaa33ba,de72d25d08da4b03ac6f6411ce30e07c,5b588e34588940788a22036b775ecc2f,bc607fd6000b43108e49b3d05688fe90,45e440d874a54bb591862ff441114cd3,3e6a4b65a1004c08a6f3f570cf986c2f,563043f180e54e238ad4876974e5db4c,f676e16c6a134bd5a7bbeee4590adcfe,189a3b686ad14c24b5e1a495f76dd239,f5d09519cf7647f8a107cd8fadd322e5,e22e1ad3c1fc4493bcb7c9b923566ff7
ea57953406604eb083a4fecc3606c662,baf841bad27c456c9de7227555ea3ef8,a64f6232ee1e4357937008a327a63cf4,5760084aabef4d8095b2d21902151f64,66690895454847fea5a000202fbfab2e,35d06fce2df446569702778e2250bd82,0ecfdd96e0054841883acba75e83b232,eff24b01b2f5428baa4c3fef6cb40d41,98b2022b2cb84af09ee8b789db928b13,664da77d25e74df693eaad44a5e7617f,f4474150010f4021a4620372062f3797
6d7cfa2d06f64b22aeffa8b5f5294bdb,de72d25d08da4b03ac6f6411ce30e07c,5b588e34588940788a22036b775ecc2f,563043f180e54e238ad4876974e5db4c,189a3b686ad14c24b5e1a495f76dd239,bc607fd6000b43108e49b3d05688fe90,3e6a4b65a1004c08a6f3f570cf986c2f,45e440d874a54bb591862ff441114cd3,e22e1ad3c1fc4493bcb7c9b923566ff7,f676e16c6a134bd5a7bbeee4590adcfe,b44645c11ece4326a45f50fdc5d45dcf
b81d6cfb08b3460182252d604820144b,baf841bad27c456c9de7227555ea3ef8,66690895454847fea5a000202fbfab2e,0ecfdd96e0054841883acba75e83b232,98b2022b2cb84af09ee8b789db928b13,3c0f3b44c0844df49b5898406fe9195a,f4474150010f4021a4620372062f3797,4926607aafe749538c930e108275547e,e834bfbd30b247e899f0dc029ab9f072,35d06fce2df446569702778e2250bd82,7960902edf4b47d686f704441aa56b0e
d9348c713e8144f791dd2fc990a3cbb6,30578712823948b086e3781343982938,243dbbcdc67c42bfa6f32c47477adf6d,2471f23cb9b64d35a72deed09c9c8975,c3a741d302d94ee294bb6e4090fd2da9,77cecb221149474896d9b2eb848bf150,de6ac628a786435f9925c8cc1d707d6b,039f8e63b273472d8f1d99d9a5de5cf5,c84deec0ecf843c39f52d4cb8e7300f8,e4e12f4711fd41e39075e26cc274df45,f69855cdf66d4f6887ecfd0ddb9014b5
961885b72b8b4073afa543195a48050c,250d411ae270441085be3501b7b55d86,6dc5832f0ac04df2bd99c6415b3ecf09,174581fc299840e18e827432c0cce4dc,c78547bdc2e64ac8935559f7de2efd41,bc13c2b0221744a29a8ddf56aa015df9,72a7e2ce22d045efbdbbab9c68f5d026,3e923b6e3ceb4901b77c9a18729546eb,e43d8e7bc32f406b9a692e2604f5b45a,64fc9fe3c8d5424ebc005e5cf4a608db,fa190e42ce5a47c99bcaa76138dbc615
06e690975e524b9089b8d4f9317a1558,250d411ae270441085be3501b7b55d86,bcfa4a4177d44d8b8cda17b7a23196b0,99a52c93a3304ec18dab9206f98f2a8b,f1eecad10a61421eb16b1be7435d9c19,b3209c60460a437294e2b30a9e9d3f53,b40d3c588ad647ff85e397a6bc5f9d8b,ad42c467d0fe43dbb328073f9a16bc4d,c1def54262224e23acf67a9870725ce5,bc13c2b0221744a29a8ddf56aa015df9,eb21a4e2b7bd43efbdf0c365415e7fef
a5bc160edec74fb7a50b0debceb4ff1d,1aef014473b84ef9a0f799114fe516c9,250d411ae270441085be3501b7b55d86,5537ddec608a4ec586ea068fa27547ca,64e74af099b0485f8b6e71ac73aa2cb8,ffc5805e29a74be0a55b40318aa321d7,99830b8da7c24f909914f7bb167f3ea6,de6ac628a786435f9925c8cc1d707d6b,8d595c7da42545c88052e7b213b6c97c,5a6f4a2f7f6a4b1fa146493472e6d721,99a52c93a3304ec18dab9206f98f2a8b
77a31fe5e10e44c38270d85e569068f5,30578712823948b086e3781343982938,c3a741d302d94ee294bb6e4090fd2da9,2471f23cb9b64d35a72deed09c9c8975,243dbbcdc67c42bfa6f32c47477adf6d,e4e12f4711fd41e39075e26cc274df45,77cecb221149474896d9b2eb848bf150,b5f237fefb38465bb6a068c9cf75ba31,de6ac628a786435f9925c8cc1d707d6b,039f8e63b273472d8f1d99d9a5de5cf5,fbfaa119f55a477984e42d80498f54d3
a508b4ed8aa64d2c8930b9e0f5588144,9db7d32d79024ba6a73c55fde6f55968,00e9d4081c2f45d1a818bfeab099863a,3574ab91c29940b3afc62354ae06b73b,f464960d2dbc43c0970c60600bd7f1cd,022e16490d1949b9ab2fc1de5a837031,521004289ebc4e6da6623381d40a5e73,7c061d36393540b49e20d98086bdb5bd,ce4fdd5499f8498793c11e586f7da70c,18ab15fbf00f42f7a410ec75f7592bea,9500823cb050427696343b1ea5cf8881
58f407c23b424ad7858fe02688d1f729,00e9d4081c2f45d1a818bfeab099863a,9db7d32d79024ba6a73c55fde6f55968,d60986f4025d443ea58adba0e3d224a1,18ab15fbf00f42f7a410ec75f7592bea,e9428816b054499298745b742f128f65,3574ab91c29940b3afc62354ae06b73b,be42a43f5186434db4f2815f768a9991,f464960d2dbc43c0970c60600bd7f1cd,7c061d36393540b49e20d98086bdb5bd,1c2b01416e3943e3b3c575e53c3f1d16
6a195a5109304e06ae0423987650f0e5,9db7d32d79024ba6a73c55fde6f55968,00e9d4081c2f45d1a818bfeab099863a,f91157bb8fca4a8e98db33591a76be9a,9500823cb050427696343b1ea5cf8881,37ae696e40dd42ebb4738722daa3c523,3574ab91c29940b3afc62354ae06b73b,7aceed0dbea645b091207f4a53d879f2,5c644b51b1394a7b8fa0a9a6275c422d,6fbdacd3d8814ea2a13e81ee1ec128f2,84581d81d46d44bc99ffb8f871646a7a
df7a3b9a04ad4297aadb288feabf0c50,3fce01bbc56d49d39f61cba3d17648f2,e735729c80d84f76a6133c065d5380f8,33b5e2ae5ebe4f548bac3a00ab0a59eb,2c8eafa0ff26437a862dc2224ab57073,295d0d40791245ff838c73a2aa27d065,714e47cd21e5416f864a4bc938850a72,6c79712e67b54dd0a11d426a91207939,dbf0926f9f344f1d88b114660db4d2eb,75bf181ea5dc490e95d364a5f5c7af1d,8683a3ad55d84a78834fabe20cde5269
684ba7bd1eae483282be0c8c9c114514,e735729c80d84f76a6133c065d5380f8,3fce01bbc56d49d39f61cba3d17648f2,714e47cd21e5416f864a4bc938850a72,a7077a82d2c74518b96fb45e35f6e150,5fc200cab89346658c9c91cce27e85fe,e12ad1ce8e7940a999b9a4f91a95fab7,295d0d40791245ff838c73a2aa27d065,f2cfa68a47ce4a43a0fe1cc7dc860418,f8e7f9688fd546829da579434180ffee,0b57f893483647c3aed811775a4c4c04
4eda37aa22e54fa2afd5c4d98019ce29,3fce01bbc56d49d39f61cba3d17648f2,e735729c80d84f76a6133c065d5380f8,2c8eafa0ff26437a862dc2224ab57073,dbf0926f9f344f1d88b114660db4d2eb,33b5e2ae5ebe4f548bac3a00ab0a59eb,75bf181ea5dc490e95d364a5f5c7af1d,714e47cd21e5416f864a4bc938850a72,295d0d40791245ff838c73a2aa27d065,2070754bb5dd4a248be9c2a6a1a9d381,6c79712e67b54dd0a11d426a91207939
3fc9d39c9efc4790b7a0864f44c1e28d,e735729c80d84f76a6133c065d5380f8,3fce01bbc56d49d39f61cba3d17648f2,714e47cd21e5416f864a4bc938850a72,a7077a82d2c74518b96fb45e35f6e150,f2cfa68a47ce4a43a0fe1cc7dc860418,5fc200cab89346658c9c91cce27e85fe,7c1126d46a934db6b951d1e98feae327,295d0d40791245ff838c73a2aa27d065,2070754bb5dd4a248be9c2a6a1a9d381,f8e7f9688fd546829da579434180ffee
492e1ce165734c99ae0c8142231d6cd8,570f08ce2a1a47978eab16bf7ad16a68,d75a52d716984f318f976bbfc7bee787,8228c9eb29a542ba98c8b9b854eadaa4,b3a022950e444682a113cec5a0537f6a,04537eabb0434eb2804d1220770b85a0,511fe9c8b20b4fda94969745238c9474,772cb9726861451d9972604da6f65c55,e3854d75221c4e38879a6106bb5c1941,ab57f83304bc4005998bbd6bc063fb4f,c74557a980e2428a9ffcc245278df692
62d16233117346a88248d0c84e37c7d4,563043f180e54e238ad4876974e5db4c,11e1e3cdfe214385a2c24d0f957dde9b,bc607fd6000b43108e49b3d05688fe90,de72d25d08da4b03ac6f6411ce30e07c,e22e1ad3c1fc4493bcb7c9b923566ff7,511fe9c8b20b4fda94969745238c9474,b44645c11ece4326a45f50fdc5d45dcf,570f08ce2a1a47978eab16bf7ad16a68,ab57f83304bc4005998bbd6bc063fb4f,d7c9dafddaf547159d366dacf7b68a7e
fc5f6e0b9c084686b8bcffe1870bb6af,23a16d69ffe848d593a4808907d8aa98,34b736136487439389c10cc6bd4e9f4e,6400e3f6a14c492ba399bd414faca075,97959d02a64f4a3fbbebe7cbece6c012,dee9eddb2eac41bfaf36d3279d43674a,cb75c6ef71cb4991805920f2894e0e96,77cecb221149474896d9b2eb848bf150,9094e936e13641cc9bfcc7dc1408d86e,c84deec0ecf843c39f52d4cb8e7300f8,52ee59901f3b4de884d7a6720538aed6
9544710dc3234bb3a65179dae0115a8c,db620271348d404a9a0b978d96c63f29,664da77d25e74df693eaad44a5e7617f,291130c42a884be2800e026bab5ddf53,59e4dcf2794943b18fb902a6eb475ff8,c4e79c8992e54866b0c6f26c55b1a774,6f8d80f8673144dfa7a4e09190442ab3,23a16d69ffe848d593a4808907d8aa98,daed5458403e49e3aea72f4bcc6dd224,aa082284f9894b5aa210c179d59999b1,dbf0926f9f344f1d88b114660db4d2eb
d88623101f5740e3bbbb1be949c2c917,cb75c6ef71cb4991805920f2894e0e96,6400e3f6a14c492ba399bd414faca075,23a16d69ffe848d593a4808907d8aa98,19593c97fef0474dbe6051e28338f1e9,f439b5616ba24b7f82eccfa095a0eff8,34b736136487439389c10cc6bd4e9f4e,f69dcaceb6074ddebfe1dc7e5978fcff,e79ae27b52fa4d54aa37735fd275c66e,f0084465b2e646c9a53d9dc766067d9b,5abf57d57d84440e94d0d2e2ffb37575
3d4bd2285a9441ceb15abaf963002c03,cb75c6ef71cb4991805920f2894e0e96,6400e3f6a14c492ba399bd414faca075,23a16d69ffe848d593a4808907d8aa98,19593c97fef0474dbe6051e28338f1e9,34b736136487439389c10cc6bd4e9f4e,77cecb221149474896d9b2eb848bf150,f439b5616ba24b7f82eccfa095a0eff8,43ee0103cba54b4e9d165717735ca0f6,f69dcaceb6074ddebfe1dc7e5978fcff,dee9eddb2eac41bfaf36d3279d43674a
fb083ec69f5f42f2881407d2176b5d39,aa082284f9894b5aa210c179d59999b1,db620271348d404a9a0b978d96c63f29,0cdb0f32850f4585a16de4886462bbe0,ec4820b018a04967a457a9c032a51dc6,dbf0926f9f344f1d88b114660db4d2eb,6f8d80f8673144dfa7a4e09190442ab3,f12e9e5805534d719f829332d1ea5d29,eabdd2813a954f9aa01f0eb8212ee387,7226603f024c45c6a6e44b00e52e8aad,291130c42a884be2800e026bab5ddf53
94fac016e63749c8a8f0fdf1fc1a90b5,aa082284f9894b5aa210c179d59999b1,db620271348d404a9a0b978d96c63f29,0cdb0f32850f4585a16de4886462bbe0,ec4820b018a04967a457a9c032a51dc6,dbf0926f9f344f1d88b114660db4d2eb,6f8d80f8673144dfa7a4e09190442ab3,f12e9e5805534d719f829332d1ea5d29,eabdd2813a954f9aa01f0eb8212ee387,7226603f024c45c6a6e44b00e52e8aad,2ece45504eff42469c104dc2a2d03caf
a4f2a13bd2b54360a921c8ef7366e535,db620271348d404a9a0b978d96c63f29,aa082284f9894b5aa210c179d59999b1,dbf0926f9f344f1d88b114660db4d2eb,6f8d80f8673144dfa7a4e09190442ab3,c4e79c8992e54866b0c6f26c55b1a774,8dfe01febd46475ab5aef97033716ce1,2ece45504eff42469c104dc2a2d03caf,0e8487b2e6a2439b9e6623a1e2e5e19d,f1c9c5051bdd4a11a064260bbb9d6d7b,59e4dcf2794943b18fb902a6eb475ff8
89206a8894c247c8bd87fad37967ca98,db620271348d404a9a0b978d96c63f29,aa082284f9894b5aa210c179d59999b1,dbf0926f9f344f1d88b114660db4d2eb,6f8d80f8673144dfa7a4e09190442ab3,8dfe01febd46475ab5aef97033716ce1,c4e79c8992e54866b0c6f26c55b1a774,f1c9c5051bdd4a11a064260bbb9d6d7b,2ece45504eff42469c104dc2a2d03caf,0e8487b2e6a2439b9e6623a1e2e5e19d,59e4dcf2794943b18fb902a6eb475ff8
4d36c5e5c20443bbab4b51e580bafc21,b44645c11ece4326a45f50fdc5d45dcf,563043f180e54e238ad4876974e5db4c,6c6de17135be4f8c9423be633eaefcd4,e22e1ad3c1fc4493bcb7c9b923566ff7,e4ee90d625d44a6d9adc138390eef0f8,de72d25d08da4b03ac6f6411ce30e07c,bc607fd6000b43108e49b3d05688fe90,5a9a716f53364389864a4018d9e9c6c0,d7c9dafddaf547159d366dacf7b68a7e,75801225047a4c019100660c13f1e0f1
517675a3a64847439ecd5791a240af4c,52f20bd7eb50430c95f0916727880a1b,27a67d3e76814297aebf64e03d14c336,c2a665cec90e46db8d2a74389beb4649,b3f8b4bec0164d0e81997b4f5a277e8f,3f28365e18244eb28cc7d23de8895956,e5a3c8867e44498d9182e8be934e0fce,5be48a6bc26044f2a2e4e9b6a223c319,0e8487b2e6a2439b9e6623a1e2e5e19d,e8c8742459dc48a49080bf0e5b3fdee0,9d09e3cd382c4d0ea0f6f50261e3e4c8
b4a18167b9e44a69bbb49ee2a8709fbe,52f20bd7eb50430c95f0916727880a1b,27a67d3e76814297aebf64e03d14c336,c2a665cec90e46db8d2a74389beb4649,b3f8b4bec0164d0e81997b4f5a277e8f,3f28365e18244eb28cc7d23de8895956,5be48a6bc26044f2a2e4e9b6a223c319,e5a3c8867e44498d9182e8be934e0fce,e8c8742459dc48a49080bf0e5b3fdee0,15b7b988bba143989cfd98d5c6c4d203,0e8487b2e6a2439b9e6623a1e2e5e19d
173054bdb88d476dbd153c55b7fabd01,b44645c11ece4326a45f50fdc5d45dcf,563043f180e54e238ad4876974e5db4c,e22e1ad3c1fc4493bcb7c9b923566ff7,5a9a716f53364389864a4018d9e9c6c0,6c6de17135be4f8c9423be633eaefcd4,75801225047a4c019100660c13f1e0f1,de72d25d08da4b03ac6f6411ce30e07c,bc607fd6000b43108e49b3d05688fe90,11e1e3cdfe214385a2c24d0f957dde9b,a865b8d581b44104afe7c8508e3486f5
6676c08920d74d74b3b5e31d76d402b2,249c2d8d8d2345c6990b3c4d94385b5a,b585a2970e9f421da236241f603883f2,8fdee0611965465eb45387b8c39f4136,39e2b00e1cbd471488cf56f31d2cec7f,039a871609044cb1b69f70c082fe61d8,f32f4607b4714e378831f924c5e6084d,9500823cb050427696343b1ea5cf8881,7dd5e88dfdd24cafab2c765939757354,5c644b51b1394a7b8fa0a9a6275c422d,da88fa5efc674368b593444ca950dff9
0df5d9aef12b4019955ea3f2f0b2adab,f32f4607b4714e378831f924c5e6084d,249c2d8d8d2345c6990b3c4d94385b5a,39e2b00e1cbd471488cf56f31d2cec7f,e88ce4cd350f43398a5c0ab8629cee72,19098957d8c24cab95daa30c2baefd8f,5c644b51b1394a7b8fa0a9a6275c422d,26b18153216b48d793b75598ddb54d77,ca544e6629b14e8fab5f7cb40d1ac88e,6732de8994744decbb3306c74aaa7882,25afb6f7e9314af09008644bca5955b9
9e0acd98c27a49b196d2c555deba2f0e,f32f4607b4714e378831f924c5e6084d,249c2d8d8d2345c6990b3c4d94385b5a,19098957d8c24cab95daa30c2baefd8f,39e2b00e1cbd471488cf56f31d2cec7f,e88ce4cd350f43398a5c0ab8629cee72,e2e0c8c96aff4c00896ac6986bbb20c2,26b18153216b48d793b75598ddb54d77,5c644b51b1394a7b8fa0a9a6275c422d,42805d29975b400ea7c570fc45ec4938,cb2505b30d8a4dc086c353cf94424b6d
54c5b5744a704151830ff16cf8883786,bdb0d45caa2a4943959f8f501e51132b,45f4192f485a49d9a75219ae4d0c41ee,f8856799293e49feab6368e794eb8b00,de72d25d08da4b03ac6f6411ce30e07c,0a61f52258f643b6a6436a1ec234e197,e4ee90d625d44a6d9adc138390eef0f8,511fe9c8b20b4fda94969745238c9474,c5486d5e31084ee797da0ebdacb17abc,b626eb67c2e14afeae2846bb150976f3,d7c9dafddaf547159d366dacf7b68a7e
b9de30f0928f4adbbd9e64f944ab0805,f335a944a27a4504a82ecf70c2d4a5e4,0cdb0f32850f4585a16de4886462bbe0,cd6ce920d00e4d17a6cf04f9f7e550b7,be8953cc364d46cebbcc2c2da2c348ab,e06d08ff594a4acbac12edf579743fcf,076e2669c305401fb3afcfafdd6c79c7,4e22dc65beb7450b9260cf27e50919e4,5fc200cab89346658c9c91cce27e85fe,eabdd2813a954f9aa01f0eb8212ee387,6bde760ad5d4485db9889b1bdc074005
1700d60558f04c2581e0c6ecac9ca03f,e06d08ff594a4acbac12edf579743fcf,be8953cc364d46cebbcc2c2da2c348ab,403835bbf2f1447188bcc78e062b0028,f335a944a27a4504a82ecf70c2d4a5e4,0c889c151e094b948c13b0275e660a9c,7584980704ae4617bb27ca162cc9c5db,0cdb0f32850f4585a16de4886462bbe0,5e44915237fc4445b54b037e1c4e29a4,d0e41bf891254ba0872f1641139f84f6,2070754bb5dd4a248be9c2a6a1a9d381
f8ebc027345b4689839fa22c303c1bbc,e06d08ff594a4acbac12edf579743fcf,be8953cc364d46cebbcc2c2da2c348ab,403835bbf2f1447188bcc78e062b0028,f335a944a27a4504a82ecf70c2d4a5e4,7584980704ae4617bb27ca162cc9c5db,0c889c151e094b948c13b0275e660a9c,5e44915237fc4445b54b037e1c4e29a4,0cdb0f32850f4585a16de4886462bbe0,2070754bb5dd4a248be9c2a6a1a9d381,cd6ce920d00e4d17a6cf04f9f7e550b7
a815375295944d72bbd877ca7675981a,f335a944a27a4504a82ecf70c2d4a5e4,0cdb0f32850f4585a16de4886462bbe0,cd6ce920d00e4d17a6cf04f9f7e550b7,e06d08ff594a4acbac12edf579743fcf,be8953cc364d46cebbcc2c2da2c348ab,4e22dc65beb7450b9260cf27e50919e4,076e2669c305401fb3afcfafdd6c79c7,eabdd2813a954f9aa01f0eb8212ee387,5fc200cab89346658c9c91cce27e85fe,0c889c151e094b948c13b0275e660a9c
a5eb956f41154b2fa05333dc5f91564d,e5a3c8867e44498d9182e8be934e0fce,cf7476d6c96b4dcdb6f025b9291eb62b,7226603f024c45c6a6e44b00e52e8aad,2ece45504eff42469c104dc2a2d03caf,f12e9e5805534d719f829332d1ea5d29,c36ef11228124c438ed3256c9822b03d,d695b7afdc3841a28a56df578e56afce,f1c9c5051bdd4a11a064260bbb9d6d7b,8dfe01febd46475ab5aef97033716ce1,0e8487b2e6a2439b9e6623a1e2e5e19d
32ca729048eb46ea82cfabc322b2f07f,cf7476d6c96b4dcdb6f025b9291eb62b,e5a3c8867e44498d9182e8be934e0fce,0e8487b2e6a2439b9e6623a1e2e5e19d,3f28365e18244eb28cc7d23de8895956,db620271348d404a9a0b978d96c63f29,7226603f024c45c6a6e44b00e52e8aad,8987ceafff324f9599b842542e37eddd,503d2f067a8a4f5798b1c64b07ab0bc5,f4b7e6e902e344859cb041126b69ce3c,8dfd98bb97584157b207e1f4be471a8e
4b03b491a7324ddea5bf28db91e66254,cf7476d6c96b4dcdb6f025b9291eb62b,e5a3c8867e44498d9182e8be934e0fce,0e8487b2e6a2439b9e6623a1e2e5e19d,3f28365e18244eb28cc7d23de8895956,db620271348d404a9a0b978d96c63f29,8987ceafff324f9599b842542e37eddd,7226603f024c45c6a6e44b00e52e8aad,503d2f067a8a4f5798b1c64b07ab0bc5,f4b7e6e902e344859cb041126b69ce3c,8dfd98bb97584157b207e1f4be471a8e
6ee636f0481140ed9b0077791aba92b0,e5a3c8867e44498d9182e8be934e0fce,cf7476d6c96b4dcdb6f025b9291eb62b,7226603f024c45c6a6e44b00e52e8aad,2ece45504eff42469c104dc2a2d03caf,f12e9e5805534d719f829332d1ea5d29,d695b7afdc3841a28a56df578e56afce,c36ef11228124c438ed3256c9822b03d,8dfe01febd46475ab5aef97033716ce1,f1c9c5051bdd4a11a064260bbb9d6d7b,e12ad1ce8e7940a999b9a4f91a95fab7
9e69ec4a3364489c92dd79eb57e83d54,d33407004b9e433a9d4147cfe6584d36,a9d82bb43410405ca21b44a5e82e22b6,a0b4d283f12a407286dbeaa3a4d128a5,4e7ee74be72a461fa02fa61bee62bdcc,b52468fc0af2435f9ba91939f72bbf6a,c5486d5e31084ee797da0ebdacb17abc,5f481b07f9734f518a14853831233b78,f676e16c6a134bd5a7bbeee4590adcfe,ad42c467d0fe43dbb328073f9a16bc4d,d65e3a3657ae455e954b6d7221afc84c
e3d8f037fbe5491eba85d08b7dc5cab4,d33407004b9e433a9d4147cfe6584d36,a9d82bb43410405ca21b44a5e82e22b6,a0b4d283f12a407286dbeaa3a4d128a5,5f481b07f9734f518a14853831233b78,b52468fc0af2435f9ba91939f72bbf6a,4e7ee74be72a461fa02fa61bee62bdcc,ad42c467d0fe43dbb328073f9a16bc4d,d65e3a3657ae455e954b6d7221afc84c,c14e45f5201b4038bdddddb238d888a3,dd9e8283197b473d8ffd502561bdaaec
2e92d21d8386472cb7ae95c21ba476ec,5f481b07f9734f518a14853831233b78,1e376f9d0945477983c8d851e4b2cf5e,ad42c467d0fe43dbb328073f9a16bc4d,b8da01ceddcb45a491a288ddbc658e90,c1def54262224e23acf67a9870725ce5,d65e3a3657ae455e954b6d7221afc84c,bcfa4a4177d44d8b8cda17b7a23196b0,1578afd6ce694d46ab6e24f965f51fd6,e511c40ca6324803b5021e47b4e777f8,796eade2ee4f466781d9f6669db43e48
d0e2f6816e1d46c4896a92a770a52d13,5f481b07f9734f518a14853831233b78,ad42c467d0fe43dbb328073f9a16bc4d,1e376f9d0945477983c8d851e4b2cf5e,c1def54262224e23acf67a9870725ce5,d65e3a3657ae455e954b6d7221afc84c,2c3599a1611644f4908562f8fb8870d3,8a9dc60359ba49cd8ac170cfb4ac3913,1578afd6ce694d46ab6e24f965f51fd6,1232f20e710b448e8c0538b9e84dab1c,99a52c93a3304ec18dab9206f98f2a8b
9db1e0ae9d1e4b078283f3e4fce188a9,4c36aafaf38f4e9e9e09991737196fe1,cb550e5ff4694fe9a19eaa6588cef250,3766b26b53874893ae48693880e1942c,54e9bbd0093947a3bda5fef48ef7493d,57bcda73abab44ee930b20cdaee9d24b,2f0401170d104b47b0a8f087f69dee88,a0408a6462b24cf18e50a8616359d5ad,59f62d35b1ad451397b700b3dad25448,878e5c41be5c477e9f660ca361fdd727,98fbdf945d0c4206a48a4f7260e56017
b3e9c337e43d4153aebe5720e9cd3974,4c36aafaf38f4e9e9e09991737196fe1,54e9bbd0093947a3bda5fef48ef7493d,a0408a6462b24cf18e50a8616359d5ad,cb550e5ff4694fe9a19eaa6588cef250,878e5c41be5c477e9f660ca361fdd727,57bcda73abab44ee930b20cdaee9d24b,3766b26b53874893ae48693880e1942c,a4af9472683c4df0a86f9400c99c2b61,59f62d35b1ad451397b700b3dad25448,8746ae2ca7514699b629b4d9b5fe95a7
6826037354894b81a24d3dc9a4983acb,8af25c7ae8e14435a6e27a5671968f50,54e9bbd0093947a3bda5fef48ef7493d,7d3d751215194e649a03457226f599d7,e43d8e7bc32f406b9a692e2604f5b45a,11e9586d6c7a443c8025278f8ef53b6d,a0408a6462b24cf18e50a8616359d5ad,7879fa4d4db046a2a8d195311b6e5789,e6afe89ff7bc491193141c057083d8a8,d2bcc978e7aa49908919d9fc40138b27,7f0b453cc8c14156802497f5cbae9d62
dc99c006397e40808ab1f016fa44006f,b626eb67c2e14afeae2846bb150976f3,b6c493a3666c4db193e86c79faf099ab,7d6122daabe442ffb5e57ece1882e714,b00b2395b49949508fade89bb3eac98b,0a61f52258f643b6a6436a1ec234e197,da9cfbdf124143b78bec89393dd5287a,1f9cd7f2b7a14e2f8d490a104a56edcd,d7c9dafddaf547159d366dacf7b68a7e,c14e45f5201b4038bdddddb238d888a3,f65b6fb5b40a49d1896de7a115469d40
4993ef4ea7ef4074bc9bfda10fc761b9,7d6122daabe442ffb5e57ece1882e714,5760084aabef4d8095b2d21902151f64,1f9cd7f2b7a14e2f8d490a104a56edcd,b0d2e6c4b2384950b3696c4414870282,73f684f538ea452cbb4fbecc2e8126a4,dcfb738ebbc24f09bb680fe3a52b702e,b3a022950e444682a113cec5a0537f6a,9948a890ef25479e834f70944cb42eae,0ecfdd96e0054841883acba75e83b232,1e376f9d0945477983c8d851e4b2cf5e
c7eab26c996245a3ab077b730a658580,1f9cd7f2b7a14e2f8d490a104a56edcd,7d6122daabe442ffb5e57ece1882e714,da9cfbdf124143b78bec89393dd5287a,d75a52d716984f318f976bbfc7bee787,b626eb67c2e14afeae2846bb150976f3,8c674a7b65e24114a45dd3c861a7ccfc,f65b6fb5b40a49d1896de7a115469d40,632cc2bc04034dd4848855fe6497262d,b69c17a10a55494d8caa56c33e8f4a56,c14e45f5201b4038bdddddb238d888a3
b675a73977ed4edbbe06ed1ed956190f,b626eb67c2e14afeae2846bb150976f3,7d6122daabe442ffb5e57ece1882e714,b00b2395b49949508fade89bb3eac98b,6732de8994744decbb3306c74aaa7882,c14e45f5201b4038bdddddb238d888a3,1f9cd7f2b7a14e2f8d490a104a56edcd,3e4a54908dde405294869e30a92a7623,7f0a68d19d2e4850846ffc08c47ed87d,c24e3823376b436c8eb46eaeebbc7718,da9cfbdf124143b78bec89393dd5287a
cebedb652e6442cfb5750e4bbec52862,1f9cd7f2b7a14e2f8d490a104a56edcd,7d6122daabe442ffb5e57ece1882e714,d75a52d716984f318f976bbfc7bee787,632cc2bc04034dd4848855fe6497262d,5f481b07f9734f518a14853831233b78,6252aa87531748e5bac5f6c65fc87e14,0ecfdd96e0054841883acba75e83b232,eff24b01b2f5428baa4c3fef6cb40d41,5760084aabef4d8095b2d21902151f64,c14e45f5201b4038bdddddb238d888a3
085ac28270ca429689a32df3a4583773,c4b9d7a8d5d342459d2282589b3af293,98b2022b2cb84af09ee8b789db928b13,e429a2e164a24919a12edcc8d4ea8f09,afaf2edba0ee4d58860a5a04e4aabc5c,e53dd6188816429ab915de6f9649a026,3c0f3b44c0844df49b5898406fe9195a,6c51b4f57ba0415f994756e944b11cee,66690895454847fea5a000202fbfab2e,119a6d7b4af3458b951fc1c5ab5e1738,f37d285ad0de42f0b1546d0d1acfb221
e03daa7cd69147cf9ffcfe59b6f1ff74,c4b9d7a8d5d342459d2282589b3af293,98b2022b2cb84af09ee8b789db928b13,e429a2e164a24919a12edcc8d4ea8f09,afaf2edba0ee4d58860a5a04e4aabc5c,e53dd6188816429ab915de6f9649a026,3c0f3b44c0844df49b5898406fe9195a,6c51b4f57ba0415f994756e944b11cee,66690895454847fea5a000202fbfab2e,f37d285ad0de42f0b1546d0d1acfb221,119a6d7b4af3458b951fc1c5ab5e1738
7076a0387a924dc1b928b55750f64916,75801225047a4c019100660c13f1e0f1,bdb0d45caa2a4943959f8f501e51132b,6c6de17135be4f8c9423be633eaefcd4,632cc2bc04034dd4848855fe6497262d,1578afd6ce694d46ab6e24f965f51fd6,7d5c0a2bfccf4255a43d9bd0f84a6d3a,b44645c11ece4326a45f50fdc5d45dcf,e429a2e164a24919a12edcc8d4ea8f09,f8856799293e49feab6368e794eb8b00,563043f180e54e238ad4876974e5db4c
0da0ce17055e4ce4aad17bba3493ecf3,c4b9d7a8d5d342459d2282589b3af293,e429a2e164a24919a12edcc8d4ea8f09,98b2022b2cb84af09ee8b789db928b13,e53dd6188816429ab915de6f9649a026,f37d285ad0de42f0b1546d0d1acfb221,66690895454847fea5a000202fbfab2e,afaf2edba0ee4d58860a5a04e4aabc5c,e834bfbd30b247e899f0dc029ab9f072,3c0f3b44c0844df49b5898406fe9195a,6c51b4f57ba0415f994756e944b11cee
a1de5e13c3de409baec25b9625277294,b33a0f5b564a4942b04046ab7a8e2aae,7f0a68d19d2e4850846ffc08c47ed87d,bce599075dfd4fac8dd78626106e3071,1b827db6f6cf4ecb850928c2f9e41de2,32aaca2a732f4272b237374d3cdeec90,36ee1613abf245cdbe93fef69b5f981f,75efe5ddef364f49865d9bb283492b48,4a3d4daed4b24a1898551f0fd1ba44f1,e79ae27b52fa4d54aa37735fd275c66e,74644c8cc17449cf89379868e7b21398
59d5b8a0cae447e3aa9d4441af278166,7f0a68d19d2e4850846ffc08c47ed87d,b33a0f5b564a4942b04046ab7a8e2aae,1b827db6f6cf4ecb850928c2f9e41de2,ef60b54aa4b5490890da32d0bb8c9cbf,bce599075dfd4fac8dd78626106e3071,1f3cf50fe1f947d8a56e02ebca441c4c,8dfbb6a204a0441492c35baca6190969,f439b5616ba24b7f82eccfa095a0eff8,cc243eebbb2b44a581745865a60c423a,9094e936e13641cc9bfcc7dc1408d86e
0c4b7eb545d746869c5419772a6e4392,b33a0f5b564a4942b04046ab7a8e2aae,7f0a68d19d2e4850846ffc08c47ed87d,bce599075dfd4fac8dd78626106e3071,1b827db6f6cf4ecb850928c2f9e41de2,32aaca2a732f4272b237374d3cdeec90,74644c8cc17449cf89379868e7b21398,4a3d4daed4b24a1898551f0fd1ba44f1,9094e936e13641cc9bfcc7dc1408d86e,e79ae27b52fa4d54aa37735fd275c66e,5f65785004054c67a618fe43b6a30f56
ee5f151fd75d45ea92a20e50b7471a5b,7f0a68d19d2e4850846ffc08c47ed87d,b33a0f5b564a4942b04046ab7a8e2aae,1b827db6f6cf4ecb850928c2f9e41de2,ef60b54aa4b5490890da32d0bb8c9cbf,1f3cf50fe1f947d8a56e02ebca441c4c,f439b5616ba24b7f82eccfa095a0eff8,bce599075dfd4fac8dd78626106e3071,8dfbb6a204a0441492c35baca6190969,f65b6fb5b40a49d1896de7a115469d40,cc243eebbb2b44a581745865a60c423a
2a1dd0d4a81843bea554bae66ecf0521,d87bd2402bef4672be17b62cec113ba8,1da8cc33bb474411ae16db0233210125,36472797459c462e910846109fa624fc,feb980ae999948ce9be0266b4ddc048d,9d09e3cd382c4d0ea0f6f50261e3e4c8,a94cb58f1ca8456b96e39b5b1ebfb7ea,4152360a4bea4cbbbfbe45ff3bf7f62b,13aca0959cc948cabeee0d7255f55a65,c36ef11228124c438ed3256c9822b03d,4c8476482736459881e2a3b0509ee103
eccd7d9de8ca4ef5b452f90014314ff9,1da8cc33bb474411ae16db0233210125,d87bd2402bef4672be17b62cec113ba8,36472797459c462e910846109fa624fc,feb980ae999948ce9be0266b4ddc048d,9d09e3cd382c4d0ea0f6f50261e3e4c8,a94cb58f1ca8456b96e39b5b1ebfb7ea,c36ef11228124c438ed3256c9822b03d,4152360a4bea4cbbbfbe45ff3bf7f62b,b85d652ba8d244f8ab9e941966094f28,13aca0959cc948cabeee0d7255f55a65
53690105d8d9451da2c18448738ecbc1,1da8cc33bb474411ae16db0233210125,d87bd2402bef4672be17b62cec113ba8,764b8280445d4023aecaa53cf7758932,d43b0f94627d45918e18a80be127aa2c,ff171f0b29974f78b0e81fee30abdd38,5e2f1a45f7174f1aa39a194179985876,c3f66637872c4141ab3898296739457d,ab57f83304bc4005998bbd6bc063fb4f,095ac293b64a4a58b1b3d3f71453a267,230b9ef63ea240e9b61a18f41473f942
904b4babc35a4e22bf243f52a41e9034,5a9a716f53364389864a4018d9e9c6c0,5605fa1188974644937bbf92fec50e21,d9b97376c5e44d8786f861a5788af644,c78547bdc2e64ac8935559f7de2efd41,b626eb67c2e14afeae2846bb150976f3,b44645c11ece4326a45f50fdc5d45dcf,b3a022950e444682a113cec5a0537f6a,bc607fd6000b43108e49b3d05688fe90,e22e1ad3c1fc4493bcb7c9b923566ff7,5b588e34588940788a22036b775ecc2f
4ec8d6459f8e4b49af04fd8199016f22,0d0973762130427eaa2ce9a7a34517db,b69c17a10a55494d8caa56c33e8f4a56,c2b49382e2f34b1c90013236a5fbaef0,e43d8e7bc32f406b9a692e2604f5b45a,c78547bdc2e64ac8935559f7de2efd41,174581fc299840e18e827432c0cce4dc,f59a3ee5387440d981754b6595e8664c,a70909d3ce0d4235913b5ce6a138dcce,d7c9dafddaf547159d366dacf7b68a7e,da9cfbdf124143b78bec89393dd5287a
c50dedd60aba419c9533edaeaa3946ce,0d0973762130427eaa2ce9a7a34517db,b69c17a10a55494d8caa56c33e8f4a56,c78547bdc2e64ac8935559f7de2efd41,c2b49382e2f34b1c90013236a5fbaef0,e43d8e7bc32f406b9a692e2604f5b45a,174581fc299840e18e827432c0cce4dc,f59a3ee5387440d981754b6595e8664c,da9cfbdf124143b78bec89393dd5287a,a70909d3ce0d4235913b5ce6a138dcce,5605fa1188974644937bbf92fec50e21
e4692df5d1fc4cccbb1af7348c9844e7,5a9a716f53364389864a4018d9e9c6c0,5605fa1188974644937bbf92fec50e21,c78547bdc2e64ac8935559f7de2efd41,d9b97376c5e44d8786f861a5788af644,2939ef012c5c4a1b94b49df9469dfb3c,5b588e34588940788a22036b775ecc2f,b626eb67c2e14afeae2846bb150976f3,b44645c11ece4326a45f50fdc5d45dcf,e22e1ad3c1fc4493bcb7c9b923566ff7,bdb0d45caa2a4943959f8f501e51132b
0acc73aefb2c4bd4ac88e33303c8f082,8d595c7da42545c88052e7b213b6c97c,99a52c93a3304ec18dab9206f98f2a8b,b98519f97e424c1389f5553f0869b15a,643fbbdd6b764ba9904a4ee67a86b9fd,e511c40ca6324803b5021e47b4e777f8,89e983dca0a34b768e17b3871b9cea1e,ad42c467d0fe43dbb328073f9a16bc4d,595e438d2b394bb3a3259f47efd37ae8,f0084465b2e646c9a53d9dc766067d9b,e0ff5d4ae0ec4871a49041d550cdcaa9
c3b65a8844a544c6a4819d750555f39c,8d595c7da42545c88052e7b213b6c97c,99a52c93a3304ec18dab9206f98f2a8b,643fbbdd6b764ba9904a4ee67a86b9fd,e511c40ca6324803b5021e47b4e777f8,89e983dca0a34b768e17b3871b9cea1e,ad42c467d0fe43dbb328073f9a16bc4d,b98519f97e424c1389f5553f0869b15a,ffc5805e29a74be0a55b40318aa321d7,595e438d2b394bb3a3259f47efd37ae8,bcfa4a4177d44d8b8cda17b7a23196b0
3ec39a285da042a1bb003186e6c26bdc,19593c97fef0474dbe6051e28338f1e9,b0d2e6c4b2384950b3696c4414870282,a5365055a36a4ec1bf5b0ce2ef949a35,e0ff5d4ae0ec4871a49041d550cdcaa9,cb75c6ef71cb4991805920f2894e0e96,f69dcaceb6074ddebfe1dc7e5978fcff,7f23e27e5652406784fdc2dea3918125,f5a9583711fc4ff4a46e85c24886b234,f0084465b2e646c9a53d9dc766067d9b,245212a659504b9b9cdbaf1ab1d040ff
7abfc7f5744b4188b357bacc5c42c49e,5537ddec608a4ec586ea068fa27547ca,ffc5805e29a74be0a55b40318aa321d7,8d595c7da42545c88052e7b213b6c97c,de6ac628a786435f9925c8cc1d707d6b,b90d74e80c37486eaee89b6fbab13671,643fbbdd6b764ba9904a4ee67a86b9fd,89e983dca0a34b768e17b3871b9cea1e,99a52c93a3304ec18dab9206f98f2a8b,1393dac7d34b4c34b1a8091a5bea3663,a9573f188204436090fb4a5240e4eccd
9405bc1ec9c249e080970a1f105edabe,ed4449952a9e45339b76fc5f123cb917,3f1c2bb09c4e4400b6ba19542fafce18,599feb1e512c43ad8c0a1845922acf78,9ffa09a2b9bd4da0ba98fc537ca68802,c24e3823376b436c8eb46eaeebbc7718,ca0fe2dd97434e2ca7aecc38d4f1fcd9,4422777ed51142a99aacf05f446cfea1,df0c94234d9d4890b5b4b95c441b3e9a,06a5f0cec6ce4170a02dad0ad4c55b1c,ad42c467d0fe43dbb328073f9a16bc4d
1fe6a337c9114514b3e8dd154c2bda5b,599feb1e512c43ad8c0a1845922acf78,7dd5e88dfdd24cafab2c765939757354,df0c94234d9d4890b5b4b95c441b3e9a,0568345606fa4a2c84ed4ea6c74639ee,de6ac628a786435f9925c8cc1d707d6b,8d595c7da42545c88052e7b213b6c97c,e7aaa514f6f64a258a640ea341aa1a18,d87e5facd03b45f9829e8a1cd0fe0190,b77d8b7bb0114c379139d280a9210e83,07958f43551e459eb30638b632e3cd64
31557bdb4eee40258e47e89e445b788a,ed4449952a9e45339b76fc5f123cb917,3f1c2bb09c4e4400b6ba19542fafce18,31f80e4c87164e2893375ec7e73b372e,ca0fe2dd97434e2ca7aecc38d4f1fcd9,c24e3823376b436c8eb46eaeebbc7718,b0d2e6c4b2384950b3696c4414870282,9ffa09a2b9bd4da0ba98fc537ca68802,4422777ed51142a99aacf05f446cfea1,599feb1e512c43ad8c0a1845922acf78,06a5f0cec6ce4170a02dad0ad4c55b1c
73dbecd0253544b594d72bdfb45f3f7e,599feb1e512c43ad8c0a1845922acf78,df0c94234d9d4890b5b4b95c441b3e9a,7dd5e88dfdd24cafab2c765939757354,1027a336232c4454a9c4ae450a562788,19a124c6dad14a4fa7864463b081009c,0568345606fa4a2c84ed4ea6c74639ee,8d595c7da42545c88052e7b213b6c97c,55c0b899937042c98162389b209aca7f,b77d8b7bb0114c379139d280a9210e83,e7aaa514f6f64a258a640ea341aa1a18
e6d9f19b6de24f86aa66f9c5fd05e823,e1c63000ace94c1d9381d82389fe6afd,99ba4cc9355f4d79a68bc69ac12a716f,bf789f42ccfc42c5a330a3f6e30ddb83,7ec1584e9a5b49eab9ef249143d9bb86,b9228fdb5f0c413d81cffb51829d95c6,6c874292dbcc49ff8bb8bbe5643593a5,da61d9bc8f024a4aba18d5c3072b7838,9aca522158f443fd8a9caaec38ae5e2c,31cf7db26a3249c5a6205b005662ddcf,230b9ef63ea240e9b61a18f41473f942
81cace07bfd24a26846b03e46c6ad161,99ba4cc9355f4d79a68bc69ac12a716f,eff24b01b2f5428baa4c3fef6cb40d41,e1c63000ace94c1d9381d82389fe6afd,7ab9086baf99475d8c93862a7dd36344,2b039224b54142d185a406b31fe01de2,a64f6232ee1e4357937008a327a63cf4,ffe2740eee8c49b39b2ce41f9983bcb4,98b2022b2cb84af09ee8b789db928b13,342aaa81ed004635bbf9cbc2592cd7b6,bf789f42ccfc42c5a330a3f6e30ddb83
90e717813d404c9f925935c7cfaf747d,99ba4cc9355f4d79a68bc69ac12a716f,e1c63000ace94c1d9381d82389fe6afd,ce4fdd5499f8498793c11e586f7da70c,f2077addeb6142c8b3540916522126e8,9aca522158f443fd8a9caaec38ae5e2c,3b7d56c26da14b3a9b1cd52b5b35891b,7ab9086baf99475d8c93862a7dd36344,0c9c05f86aa042abbdd66d2b2d05d374,da61d9bc8f024a4aba18d5c3072b7838,a64f6232ee1e4357937008a327a63cf4
e5fa255c55ca4255a1a6ad8c11fe54a0,230b9ef63ea240e9b61a18f41473f942,43ee0103cba54b4e9d165717735ca0f6,c1d504dfeded4b8bb3c07777b7c7abde,0c9c05f86aa042abbdd66d2b2d05d374,babbeca1f6a244a2a11ea77a3855e70f,a5365055a36a4ec1bf5b0ce2ef949a35,e1c63000ace94c1d9381d82389fe6afd,31cf7db26a3249c5a6205b005662ddcf,2b039224b54142d185a406b31fe01de2,f879b316413f45d2b64bb25e3f45a667
e62461979ead477d9cc7f369964f28d9,e1c63000ace94c1d9381d82389fe6afd,5e2f1a45f7174f1aa39a194179985876,eff24b01b2f5428baa4c3fef6cb40d41,f37d285ad0de42f0b1546d0d1acfb221,2b039224b54142d185a406b31fe01de2,bf789f42ccfc42c5a330a3f6e30ddb83,98b2022b2cb84af09ee8b789db928b13,c4b9d7a8d5d342459d2282589b3af293,99ba4cc9355f4d79a68bc69ac12a716f,31cf7db26a3249c5a6205b005662ddcf
5a783edaf5cc4401bef507ec0bf50b74,724a3f6551e74ad585bdeac9a75fd639,8683a3ad55d84a78834fabe20cde5269,e2e0c8c96aff4c00896ac6986bbb20c2,b675be39e8ff421aa59811f146da945b,f92d16d3a970487094292439c3e00923,097f2ce3b88c4d008488b9908076497e,4e4495962a9b4864882397042f1a2b3e,0f52f676197e4d4e92dec0a7bc4c4f7d,eeb3b60f34af40de850e065b475d8180,a94cb58f1ca8456b96e39b5b1ebfb7ea
07ede7933f83489091e7ac09e75bd135,724a3f6551e74ad585bdeac9a75fd639,b675be39e8ff421aa59811f146da945b,e2e0c8c96aff4c00896ac6986bbb20c2,f92d16d3a970487094292439c3e00923,8683a3ad55d84a78834fabe20cde5269,eeb3b60f34af40de850e065b475d8180,4e4495962a9b4864882397042f1a2b3e,097f2ce3b88c4d008488b9908076497e,0f52f676197e4d4e92dec0a7bc4c4f7d,bbdf9065122d499d9d8f80ad3e0ef6f3
e0a1bb27279d4bb8ac27a733753d7c54,9500823cb050427696343b1ea5cf8881,da88fa5efc674368b593444ca950dff9,5455e62f52ae4e03b2a5d0e8b9899506,f91157bb8fca4a8e98db33591a76be9a,e9428816b054499298745b742f128f65,ef511457ee7c490c8e10eccf6e18fef6,521004289ebc4e6da6623381d40a5e73,7c061d36393540b49e20d98086bdb5bd,3f23eafbd9cc4e209aca631fd6fc9dfd,d60986f4025d443ea58adba0e3d224a1
8d21526a81804f01b67fc9c7431368d4,9500823cb050427696343b1ea5cf8881,da88fa5efc674368b593444ca950dff9,5455e62f52ae4e03b2a5d0e8b9899506,ef511457ee7c490c8e10eccf6e18fef6,f91157bb8fca4a8e98db33591a76be9a,3f23eafbd9cc4e209aca631fd6fc9dfd,7c061d36393540b49e20d98086bdb5bd,e9428816b054499298745b742f128f65,d60986f4025d443ea58adba0e3d224a1,f464960d2dbc43c0970c60600bd7f1cd
e099db4616e745afa30336180e470463,039a871609044cb1b69f70c082fe61d8,be70e49b76c24527b4fddfb6b78b6d8d,5455e62f52ae4e03b2a5d0e8b9899506,ad3d372fbf054ea1ad06cfcb7490df4b,5c644b51b1394a7b8fa0a9a6275c422d,39e2b00e1cbd471488cf56f31d2cec7f,5f65785004054c67a618fe43b6a30f56,9500823cb050427696343b1ea5cf8881,8fca2e4873e946f7a788af2b846cebd7,521004289ebc4e6da6623381d40a5e73
4d9da4498edb406687e88c877d40d0b5,af648fa7ac6c4c50a246de470329cd83,afac6ae28fac41dabae96696990c5555,bb6ecabbce1b43d997d00d7acdc95193,8c5f38853679436ba434b6a696e43168,1d93c07de74c482ebf0a76ec564c3252,fc70a4c2c4834e0eba1a14470f563b03,8ad1f345ca194b29bde0a924f27b2de5,4230775a9d51448396cacb9061f0e5f9,13aca0959cc948cabeee0d7255f55a65,b01fd4d037a84a7aa777e1fc345c73c5
1878f6ecc3cd4ae098c87cb8f6d6f75f,af648fa7ac6c4c50a246de470329cd83,afac6ae28fac41dabae96696990c5555,bb6ecabbce1b43d997d00d7acdc95193,8c5f38853679436ba434b6a696e43168,fc70a4c2c4834e0eba1a14470f563b03,1d93c07de74c482ebf0a76ec564c3252,8ad1f345ca194b29bde0a924f27b2de5,13aca0959cc948cabeee0d7255f55a65,4230775a9d51448396cacb9061f0e5f9,b01fd4d037a84a7aa777e1fc345c73c5
122f81ffea0d4ee8a8e0e80dabd6753a,afac6ae28fac41dabae96696990c5555,af648fa7ac6c4c50a246de470329cd83,bb6ecabbce1b43d997d00d7acdc95193,d7618b61a65a4bc1a0d0f2cc1bddc448,4230775a9d51448396cacb9061f0e5f9,fe363cef357840fcb35f320fe7c27e4e,fc70a4c2c4834e0eba1a14470f563b03,1d93c07de74c482ebf0a76ec564c3252,116f6c1f0cb54312986a0a729508a33e,a8904adcdd21495f890bc614bfdbf86f
341c198c08bf4223af06fe1151b3d336,afac6ae28fac41dabae96696990c5555,bb6ecabbce1b43d997d00d7acdc95193,af648fa7ac6c4c50a246de470329cd83,fe363cef357840fcb35f320fe7c27e4e,fc70a4c2c4834e0eba1a14470f563b03,4230775a9d51448396cacb9061f0e5f9,d7618b61a65a4bc1a0d0f2cc1bddc448,8c5f38853679436ba434b6a696e43168,1d93c07de74c482ebf0a76ec564c3252,116f6c1f0cb54312986a0a729508a33e
6936423214e640f58de191bcbb19cfc0,2ece45504eff42469c104dc2a2d03caf,db620271348d404a9a0b978d96c63f29,dbf0926f9f344f1d88b114660db4d2eb,6f8d80f8673144dfa7a4e09190442ab3,f12e9e5805534d719f829332d1ea5d29,e5a3c8867e44498d9182e8be934e0fce,c4e79c8992e54866b0c6f26c55b1a774,aa082284f9894b5aa210c179d59999b1,6b7b5d28293d4a5a8075f7f7dd231ddb,3f28365e18244eb28cc7d23de8895956
c0ca5bae25e84345bcf7f81daaa9a287,2ece45504eff42469c104dc2a2d03caf,db620271348d404a9a0b978d96c63f29,6f8d80f8673144dfa7a4e09190442ab3,dbf0926f9f344f1d88b114660db4d2eb,aa082284f9894b5aa210c179d59999b1,f12e9e5805534d719f829332d1ea5d29,6b7b5d28293d4a5a8075f7f7dd231ddb,8dfe01febd46475ab5aef97033716ce1,3f28365e18244eb28cc7d23de8895956,c4e79c8992e54866b0c6f26c55b1a774
ca2cd162b500466a989318642fa8e5e8,6f8d80f8673144dfa7a4e09190442ab3,dbf0926f9f344f1d88b114660db4d2eb,db620271348d404a9a0b978d96c63f29,aa082284f9894b5aa210c179d59999b1,664da77d25e74df693eaad44a5e7617f,2ece45504eff42469c104dc2a2d03caf,59e4dcf2794943b18fb902a6eb475ff8,15b7b988bba143989cfd98d5c6c4d203,291130c42a884be2800e026bab5ddf53,f9fe93fae6084350b81964d354e2130f
5eea07beb98f41d89ef2eb45e27d65dc,6f8d80f8673144dfa7a4e09190442ab3,dbf0926f9f344f1d88b114660db4d2eb,59e4dcf2794943b18fb902a6eb475ff8,664da77d25e74df693eaad44a5e7617f,db620271348d404a9a0b978d96c63f29,f9fe93fae6084350b81964d354e2130f,db2466dc7da64ac5a2a21c20ace67856,2070754bb5dd4a248be9c2a6a1a9d381,aa082284f9894b5aa210c179d59999b1,291130c42a884be2800e026bab5ddf53
75f3f9e03bd5407ba9a8ed4058d70b42,9c69642fab6749848e7ea7f5406a6da4,ff51ca928cd54f4da620c27983e221f8,99dbf0cd0c6343ffbcf97f04efc4143c,63eab812f3254cccb9631b09725aec3d,52ee59901f3b4de884d7a6720538aed6,48240083d13148bd84ddee8c7f9fcd22,23199e1859544647893a97ea365c5c83,5537ddec608a4ec586ea068fa27547ca,016e634d566b49c199d07357aae9bf33,0971af4212484a958eb0f60f93d1dfe0
134c16196b09479bb303d2505e8029e3,9c69642fab6749848e7ea7f5406a6da4,63eab812f3254cccb9631b09725aec3d,ff51ca928cd54f4da620c27983e221f8,99dbf0cd0c6343ffbcf97f04efc4143c,48240083d13148bd84ddee8c7f9fcd22,23199e1859544647893a97ea365c5c83,8f0e477fc779414e9b47995c0b25a87d,384b14b18c3c43b1a4dc1aa2f661e076,514537782f6549c488a1b932939b4128,5537ddec608a4ec586ea068fa27547ca
62f621f26198469bbe4acc3c211ac044,52ee59901f3b4de884d7a6720538aed6,5537ddec608a4ec586ea068fa27547ca,ffc5805e29a74be0a55b40318aa321d7,23a16d69ffe848d593a4808907d8aa98,34b736136487439389c10cc6bd4e9f4e,8d595c7da42545c88052e7b213b6c97c,77cecb221149474896d9b2eb848bf150,cb75c6ef71cb4991805920f2894e0e96,250d411ae270441085be3501b7b55d86,b98519f97e424c1389f5553f0869b15a
e9102a403ab3412e96b169e8b54422da,9c69642fab6749848e7ea7f5406a6da4,5537ddec608a4ec586ea068fa27547ca,b90d74e80c37486eaee89b6fbab13671,016e634d566b49c199d07357aae9bf33,0971af4212484a958eb0f60f93d1dfe0,67dd23cfd20f46dc82acc82c108a1dc6,39a08a87897f47d3bdbbdc5ed8c9cd7f,6400e3f6a14c492ba399bd414faca075,ed4449952a9e45339b76fc5f123cb917,3cb231e1167e45f9bf5771a4e0074092
dc99976a66254d64893ce4ea5c1381f9,b8995466f0eb4e7ba141e23216e8b974,0092d1d820c64646b8bee9fd14f77acf,c750a2994555414790abb3281572bb42,2ea3b46262e649f79900258cd90cce31,812a1568c77d46e695f8eb7357e24a0e,0cc5015848a044b59fa4b290813f859c,ac5a760b45c146ec840193371cfb2d30,9bf3b77eb9874f5f9e006a9cff111ea9,a9d82bb43410405ca21b44a5e82e22b6,ad42c467d0fe43dbb328073f9a16bc4d
a837b40016284aef83d53d8096b2f4c1,c750a2994555414790abb3281572bb42,0092d1d820c64646b8bee9fd14f77acf,b8995466f0eb4e7ba141e23216e8b974,13e659415ac84c7a81fc769111d43417,ffe2740eee8c49b39b2ce41f9983bcb4,9bf3b77eb9874f5f9e006a9cff111ea9,2ea3b46262e649f79900258cd90cce31,095ac293b64a4a58b1b3d3f71453a267,3138244ae91040948d5bd6772e4075ea,225818abe99e45a0bf5b0b3ec30db76b
066e11859105406c8b337a9c79f27900,c750a2994555414790abb3281572bb42,0092d1d820c64646b8bee9fd14f77acf,b8995466f0eb4e7ba141e23216e8b974,13e659415ac84c7a81fc769111d43417,9bf3b77eb9874f5f9e006a9cff111ea9,ac5a760b45c146ec840193371cfb2d30,2ea3b46262e649f79900258cd90cce31,ffe2740eee8c49b39b2ce41f9983bcb4,9d09e3cd382c4d0ea0f6f50261e3e4c8,3138244ae91040948d5bd6772e4075ea
eacbaee168e04572a043403932038ea4,d361a9e414fb41c1a605200d9cbba496,43ee0103cba54b4e9d165717735ca0f6,34b736136487439389c10cc6bd4e9f4e,f4474150010f4021a4620372062f3797,dee9eddb2eac41bfaf36d3279d43674a,e3854d75221c4e38879a6106bb5c1941,97959d02a64f4a3fbbebe7cbece6c012,e834bfbd30b247e899f0dc029ab9f072,9909a671f7414c19b2727e7d4d4dcf1b,2e7836ee5e5144f5b63e6629b969a362
87525176aae14b4594b3cc3538652572,43ee0103cba54b4e9d165717735ca0f6,230b9ef63ea240e9b61a18f41473f942,31cf7db26a3249c5a6205b005662ddcf,babbeca1f6a244a2a11ea77a3855e70f,45e440d874a54bb591862ff441114cd3,34b736136487439389c10cc6bd4e9f4e,dee9eddb2eac41bfaf36d3279d43674a,cb75c6ef71cb4991805920f2894e0e96,2b039224b54142d185a406b31fe01de2,a9573f188204436090fb4a5240e4eccd
6f4c5ace8efc459ea9630b048d4f0f65,da14e9dc2c3d4963b725de8102de5028,ba8d0208e32e42969bd4349cf24f6ed1,d9096650c434432c871effeca9acd5c6,a055f8188384479a8bad418f7dffd9a5,0b57f893483647c3aed811775a4c4c04,f8e7f9688fd546829da579434180ffee,f2cfa68a47ce4a43a0fe1cc7dc860418,d0e41bf891254ba0872f1641139f84f6,baad022010b44fad8d8410869d909fd1,5fc200cab89346658c9c91cce27e85fe
492fe644141442369b9490599c32871c,baad022010b44fad8d8410869d909fd1,f2cfa68a47ce4a43a0fe1cc7dc860418,dbf0926f9f344f1d88b114660db4d2eb,2070754bb5dd4a248be9c2a6a1a9d381,4d0a737f396d4a95808085bd1306746c,be8953cc364d46cebbcc2c2da2c348ab,7e190e3c05d74e6b9f103e39142c1684,6ae72ad649c54129b992d321f8f29122,5e44915237fc4445b54b037e1c4e29a4,4e22dc65beb7450b9260cf27e50919e4
c5430389b16b4cef9f052e00355bb0bd,da14e9dc2c3d4963b725de8102de5028,ba8d0208e32e42969bd4349cf24f6ed1,d9096650c434432c871effeca9acd5c6,a055f8188384479a8bad418f7dffd9a5,0b57f893483647c3aed811775a4c4c04,f8e7f9688fd546829da579434180ffee,f2cfa68a47ce4a43a0fe1cc7dc860418,baad022010b44fad8d8410869d909fd1,d0e41bf891254ba0872f1641139f84f6,5fc200cab89346658c9c91cce27e85fe
fe4ef0b1b959405da9233fffe5a1a8ba,dbf0926f9f344f1d88b114660db4d2eb,f2cfa68a47ce4a43a0fe1cc7dc860418,baad022010b44fad8d8410869d909fd1,4d0a737f396d4a95808085bd1306746c,2070754bb5dd4a248be9c2a6a1a9d381,7e190e3c05d74e6b9f103e39142c1684,2c8eafa0ff26437a862dc2224ab57073,f8e7f9688fd546829da579434180ffee,a94cb58f1ca8456b96e39b5b1ebfb7ea,ff171f0b29974f78b0e81fee30abdd38
8b45a559d8f643aabfc6ce1311e615f6,c588868fc3fd4e87a7cddf1ceb00b022,e4fcd30261804b089efa940359057ba2,9460474d89704a68aaa6ccb62310ae3d,6fc7a2cf0684475a82f6ff9be2c8e850,19b81e71e7f04ebcbfade9daa899ed3d,b52468fc0af2435f9ba91939f72bbf6a,ca0fe2dd97434e2ca7aecc38d4f1fcd9,eb21a4e2b7bd43efbdf0c365415e7fef,9daaefe080b34656a0c7a54d2d6a1713,772cb9726861451d9972604da6f65c55
923cdbcba1f440f0b8e680f9bbe84bc0,2c3599a1611644f4908562f8fb8870d3,b8da01ceddcb45a491a288ddbc658e90,1578afd6ce694d46ab6e24f965f51fd6,9fd4c00672d84215b3e21812aef3d6ac,9dd98c9126c44642a20711729f2e731e,8a9dc60359ba49cd8ac170cfb4ac3913,1e376f9d0945477983c8d851e4b2cf5e,99a52c93a3304ec18dab9206f98f2a8b,b98519f97e424c1389f5553f0869b15a,ad42c467d0fe43dbb328073f9a16bc4d
ce803c95614a408cbf9b99166b3a9db0,2c3599a1611644f4908562f8fb8870d3,b8da01ceddcb45a491a288ddbc658e90,b98519f97e424c1389f5553f0869b15a,1578afd6ce694d46ab6e24f965f51fd6,9dd98c9126c44642a20711729f2e731e,8a9dc60359ba49cd8ac170cfb4ac3913,99a52c93a3304ec18dab9206f98f2a8b,9fd4c00672d84215b3e21812aef3d6ac,b0d2e6c4b2384950b3696c4414870282,1e376f9d0945477983c8d851e4b2cf5e
4a9f5a00cf914c0cb76a4ee585a73675,c588868fc3fd4e87a7cddf1ceb00b022,9460474d89704a68aaa6ccb62310ae3d,e4fcd30261804b089efa940359057ba2,6fc7a2cf0684475a82f6ff9be2c8e850,b52468fc0af2435f9ba91939f72bbf6a,19b81e71e7f04ebcbfade9daa899ed3d,ca0fe2dd97434e2ca7aecc38d4f1fcd9,9daaefe080b34656a0c7a54d2d6a1713,eb21a4e2b7bd43efbdf0c365415e7fef,4e7ee74be72a461fa02fa61bee62bdcc
61251687d2444fe8b74dce9025233ead,0c9c05f86aa042abbdd66d2b2d05d374,230b9ef63ea240e9b61a18f41473f942,99ba4cc9355f4d79a68bc69ac12a716f,7ab9086baf99475d8c93862a7dd36344,91f9f8576e5142a49926bd623b0bc19c,2b039224b54142d185a406b31fe01de2,e1c63000ace94c1d9381d82389fe6afd,a5365055a36a4ec1bf5b0ce2ef949a35,a9573f188204436090fb4a5240e4eccd,c1d504dfeded4b8bb3c07777b7c7abde
42f90bf7d5ef47d8b2f88399cb0f3a2e,0c9c05f86aa042abbdd66d2b2d05d374,230b9ef63ea240e9b61a18f41473f942,99ba4cc9355f4d79a68bc69ac12a716f,91f9f8576e5142a49926bd623b0bc19c,7ab9086baf99475d8c93862a7dd36344,2b039224b54142d185a406b31fe01de2,c1d504dfeded4b8bb3c07777b7c7abde,b0d2e6c4b2384950b3696c4414870282,a9573f188204436090fb4a5240e4eccd,e1c63000ace94c1d9381d82389fe6afd
b3c99c83d4e34424adca9ea35f3016b4,a64f6232ee1e4357937008a327a63cf4,99ba4cc9355f4d79a68bc69ac12a716f,7ab9086baf99475d8c93862a7dd36344,01930613ce7d4a5f90ccf78d1e92a55d,eff24b01b2f5428baa4c3fef6cb40d41,2b039224b54142d185a406b31fe01de2,bf789f42ccfc42c5a330a3f6e30ddb83,ce4fdd5499f8498793c11e586f7da70c,3b7d56c26da14b3a9b1cd52b5b35891b,0c9c05f86aa042abbdd66d2b2d05d374
cc2355a9c26249c0b3722824339d73f5,a64f6232ee1e4357937008a327a63cf4,7ab9086baf99475d8c93862a7dd36344,99ba4cc9355f4d79a68bc69ac12a716f,eff24b01b2f5428baa4c3fef6cb40d41,bf789f42ccfc42c5a330a3f6e30ddb83,2b039224b54142d185a406b31fe01de2,01930613ce7d4a5f90ccf78d1e92a55d,ce4fdd5499f8498793c11e586f7da70c,da61d9bc8f024a4aba18d5c3072b7838,7862a63720b34104abf5bfa44bc8178d
7e2f96b3e0ce428cb02c7ab9d85a8cca,898eabaaa1a047e18aecbb1c5a8decbf,b83013f4c5524232814efa0f8651867f,7f5b658239034d35b7f4cf1c63cb388c,06b7dd1b701544ac80dd7ca54ed707cf,77d8e01a914d4f4a8b87d407e0d741aa,de1102228a324428989533278cd482f6,0a2c24dead204be9ae36be358e1223f9,beccee3a988f48c1ad207e2380766fa4,64d9091426f9461c97c98a5428856bcf,27fe100af7884932a33bf30f10dacc55
c1de7b286d874eeab76f13a3c0d2f90f,7f5b658239034d35b7f4cf1c63cb388c,beccee3a988f48c1ad207e2380766fa4,ec5fe0d3a2a2426ea4e49a5c0ad44e04,b83013f4c5524232814efa0f8651867f,10b152bdafe94db8a93f7c374226a071,898eabaaa1a047e18aecbb1c5a8decbf,aaab880f032a4e00904cf50566164044,77d8e01a914d4f4a8b87d407e0d741aa,27fe100af7884932a33bf30f10dacc55,40f040fd5c824c8e8e710af1fdf70b5f
e61649949748401a9d06187bc97c8b58,7f5b658239034d35b7f4cf1c63cb388c,beccee3a988f48c1ad207e2380766fa4,b83013f4c5524232814efa0f8651867f,ec5fe0d3a2a2426ea4e49a5c0ad44e04,898eabaaa1a047e18aecbb1c5a8decbf,aaab880f032a4e00904cf50566164044,10b152bdafe94db8a93f7c374226a071,27fe100af7884932a33bf30f10dacc55,40f040fd5c824c8e8e710af1fdf70b5f,77d8e01a914d4f4a8b87d407e0d741aa
b81b07771bcd450f9d8eaba7182f30c7,898eabaaa1a047e18aecbb1c5a8decbf,b83013f4c5524232814efa0f8651867f,7f5b658239034d35b7f4cf1c63cb388c,77d8e01a914d4f4a8b87d407e0d741aa,0a2c24dead204be9ae36be358e1223f9,06b7dd1b701544ac80dd7ca54ed707cf,de1102228a324428989533278cd482f6,beccee3a988f48c1ad207e2380766fa4,64d9091426f9461c97c98a5428856bcf,27fe100af7884932a33bf30f10dacc55
10477b255a0f4b31bdc6941e131708f6,b69c17a10a55494d8caa56c33e8f4a56,0d0973762130427eaa2ce9a7a34517db,eb21a4e2b7bd43efbdf0c365415e7fef,ec580ac6dd7149fb8a0a5a5d8b0f5b08,0592b57e490d4206a3f12eb004a0afe0,e86a0aae846a4e44bf967ab4972c977c,d7c9dafddaf547159d366dacf7b68a7e,a70909d3ce0d4235913b5ce6a138dcce,cb32ec9a538a4c0f8462771946ced93b,c2b49382e2f34b1c90013236a5fbaef0
98224d85c5a5408b97fc3f91e37c6172,444fa28d9ed54c82a522699041eae592,ec580ac6dd7149fb8a0a5a5d8b0f5b08,e86a0aae846a4e44bf967ab4972c977c,d7c9dafddaf547159d366dacf7b68a7e,1232f20e710b448e8c0538b9e84dab1c,cae139b6e4914ce7b0ef1e68b8b857eb,0092d1d820c64646b8bee9fd14f77acf,bcfa4a4177d44d8b8cda17b7a23196b0,f1eecad10a61421eb16b1be7435d9c19,3356a8a8c6ee4f30bc2b028e360d4471
9cde6cf03d36463a9fa125c9a5d8579b,ec580ac6dd7149fb8a0a5a5d8b0f5b08,444fa28d9ed54c82a522699041eae592,e86a0aae846a4e44bf967ab4972c977c,0592b57e490d4206a3f12eb004a0afe0,f1eecad10a61421eb16b1be7435d9c19,b69c17a10a55494d8caa56c33e8f4a56,eb21a4e2b7bd43efbdf0c365415e7fef,b425f33c33ad4be89a12da266d131a86,ad42c467d0fe43dbb328073f9a16bc4d,0d0973762130427eaa2ce9a7a34517db
97496eac7339419799091685c1a6c966,444fa28d9ed54c82a522699041eae592,ec580ac6dd7149fb8a0a5a5d8b0f5b08,d7c9dafddaf547159d366dacf7b68a7e,999a2b52a5004ee984e587d5a1327b23,bcfa4a4177d44d8b8cda17b7a23196b0,11e1e3cdfe214385a2c24d0f957dde9b,0592b57e490d4206a3f12eb004a0afe0,e86a0aae846a4e44bf967ab4972c977c,cae139b6e4914ce7b0ef1e68b8b857eb,bc13c2b0221744a29a8ddf56aa015df9
308e1406bba647a6afa6645b35e09bbd,98b2022b2cb84af09ee8b789db928b13,e53dd6188816429ab915de6f9649a026,119a6d7b4af3458b951fc1c5ab5e1738,6c51b4f57ba0415f994756e944b11cee,c4b9d7a8d5d342459d2282589b3af293,e429a2e164a24919a12edcc8d4ea8f09,35d06fce2df446569702778e2250bd82,f2ef424352f14dda92691047ee9f15fa,3c0f3b44c0844df49b5898406fe9195a,5e2f1a45f7174f1aa39a194179985876
eaae15d0cec34edcba4d16f18e51feeb,e53dd6188816429ab915de6f9649a026,5e2f1a45f7174f1aa39a194179985876,98b2022b2cb84af09ee8b789db928b13,f5d09519cf7647f8a107cd8fadd322e5,5b588e34588940788a22036b775ecc2f,c4b9d7a8d5d342459d2282589b3af293,3e6a4b65a1004c08a6f3f570cf986c2f,701ac1447f5a414e81156a56c3593a31,e43d8e7bc32f406b9a692e2604f5b45a,11e1e3cdfe214385a2c24d0f957dde9b
2fa2158b5d3142e1a336b9938e7ec3e4,b702b2b61ce048c6bf5af3c4dca18b1a,f464960d2dbc43c0970c60600bd7f1cd,3e59b61eb70146308db2308b988b54cf,4a7fa5a1bafe4b6995e2920444ac07c4,3d3e8565d2f84e0cad5ae622f2909765,14f4db886cca4104877ac7d1d7a64133,0daf8d5687b54d158f7f752884c42334,b4dadb3ea3a04cc3932094471debce13,ef511457ee7c490c8e10eccf6e18fef6,76e41369a6794714a9fab6968839bfe6
b3e94875f12a46d49a18038edf575672,b702b2b61ce048c6bf5af3c4dca18b1a,f464960d2dbc43c0970c60600bd7f1cd,3e59b61eb70146308db2308b988b54cf,3d3e8565d2f84e0cad5ae622f2909765,4a7fa5a1bafe4b6995e2920444ac07c4,14f4db886cca4104877ac7d1d7a64133,b4dadb3ea3a04cc3932094471debce13,ef511457ee7c490c8e10eccf6e18fef6,0daf8d5687b54d158f7f752884c42334,04d24d1cf42b4f7787d8d300cbad6d50
bb76a200223d446492dbeb01f3dcd83c,f65c7f50929f431dbf31b441d87616d0,01ffceddb5b34406a08bb982b424b3cf,07958f43551e459eb30638b632e3cd64,c84deec0ecf843c39f52d4cb8e7300f8,e7aaa514f6f64a258a640ea341aa1a18,2b3ecf8be2b242f3b8a1e714390749fb,77cecb221149474896d9b2eb848bf150,105ad424733e4cffa7c474b51e3980aa,db13ed5446be46269dff3de3c1bf2660,039f8e63b273472d8f1d99d9a5de5cf5
249ef4fd3a32489e875b8ff944f609e3,f65c7f50929f431dbf31b441d87616d0,01ffceddb5b34406a08bb982b424b3cf,c84deec0ecf843c39f52d4cb8e7300f8,07958f43551e459eb30638b632e3cd64,e7aaa514f6f64a258a640ea341aa1a18,105ad424733e4cffa7c474b51e3980aa,77cecb221149474896d9b2eb848bf150,2b3ecf8be2b242f3b8a1e714390749fb,97959d02a64f4a3fbbebe7cbece6c012,039f8e63b273472d8f1d99d9a5de5cf5
08a04363ed37468191357b12b4afa016,d445ccdb4cda497e9f0343a3298022d2,08ecf89bc10942a4bd894482f6fcdfa7,0e28ed072d6c444aa6f02e64955b44c6,77d8e01a914d4f4a8b87d407e0d741aa,64d9091426f9461c97c98a5428856bcf,0a2c24dead204be9ae36be358e1223f9,de1102228a324428989533278cd482f6,06b7dd1b701544ac80dd7ca54ed707cf,898eabaaa1a047e18aecbb1c5a8decbf,f6507bae2aaa4785842167f8320428b3
62e089fa066d404daadaf7ab2e75f3c4,d445ccdb4cda497e9f0343a3298022d2,08ecf89bc10942a4bd894482f6fcdfa7,0e28ed072d6c444aa6f02e64955b44c6,64d9091426f9461c97c98a5428856bcf,77d8e01a914d4f4a8b87d407e0d741aa,b83013f4c5524232814efa0f8651867f,f6507bae2aaa4785842167f8320428b3,0a2c24dead204be9ae36be358e1223f9,898eabaaa1a047e18aecbb1c5a8decbf,06b7dd1b701544ac80dd7ca54ed707cf
772aba18a7014577b8975d8f66f55383,215f3d275db14601a0383885cbaad86e,5abf57d57d84440e94d0d2e2ffb37575,df7ea50171af48df81584ab7e8107d15,938147b72e9540da8513910871e0830a,23a16d69ffe848d593a4808907d8aa98,d75a52d716984f318f976bbfc7bee787,0971af4212484a958eb0f60f93d1dfe0,cf293392122347a180cf2126f4589acb,13e659415ac84c7a81fc769111d43417,97959d02a64f4a3fbbebe7cbece6c012
222088ceffe04fd9a94096cfb805d9aa,215f3d275db14601a0383885cbaad86e,938147b72e9540da8513910871e0830a,5abf57d57d84440e94d0d2e2ffb37575,97959d02a64f4a3fbbebe7cbece6c012,d75a52d716984f318f976bbfc7bee787,df7ea50171af48df81584ab7e8107d15,23a16d69ffe848d593a4808907d8aa98,cf293392122347a180cf2126f4589acb,f65c7f50929f431dbf31b441d87616d0,1099cb6f4fac4eb8a1fb6db50e18296b
215fa8886dc743ea866c55c92e55275a,105ad424733e4cffa7c474b51e3980aa,97959d02a64f4a3fbbebe7cbece6c012,039f8e63b273472d8f1d99d9a5de5cf5,07958f43551e459eb30638b632e3cd64,c84deec0ecf843c39f52d4cb8e7300f8,f65c7f50929f431dbf31b441d87616d0,30f654c6e69e48888f9f42dd95ab3c77,e7aaa514f6f64a258a640ea341aa1a18,34b736136487439389c10cc6bd4e9f4e,77cecb221149474896d9b2eb848bf150
c15e316f43844831a8809cd85924e3b1,44156e6482884acaaee1938e04d8b6ff,8f0e477fc779414e9b47995c0b25a87d,b8da01ceddcb45a491a288ddbc658e90,7d0190486da540718e4dc4ca4bd1f573,9d09e3cd382c4d0ea0f6f50261e3e4c8,664da77d25e74df693eaad44a5e7617f,016e634d566b49c199d07357aae9bf33,3138244ae91040948d5bd6772e4075ea,59e4dcf2794943b18fb902a6eb475ff8,4e7ee74be72a461fa02fa61bee62bdcc
fb89d31587634cee9cf443d998d56245,105ad424733e4cffa7c474b51e3980aa,97959d02a64f4a3fbbebe7cbece6c012,039f8e63b273472d8f1d99d9a5de5cf5,07958f43551e459eb30638b632e3cd64,c84deec0ecf843c39f52d4cb8e7300f8,f65c7f50929f431dbf31b441d87616d0,e7aaa514f6f64a258a640ea341aa1a18,77cecb221149474896d9b2eb848bf150,30f654c6e69e48888f9f42dd95ab3c77,7d6cdff8c9ac434196df803628fe9f62
a9c15421f19d4bfca5a2210dbafbd327,b4dadb3ea3a04cc3932094471debce13,4a7fa5a1bafe4b6995e2920444ac07c4,ef511457ee7c490c8e10eccf6e18fef6,7bbe3c76bcc04d73969f920d43fcc67d,e88ce4cd350f43398a5c0ab8629cee72,98fbdf945d0c4206a48a4f7260e56017,50a2129b83404b94889a01f4688ebafd,1ade4365590a4ac7865100d8c791e340,25afb6f7e9314af09008644bca5955b9,0eb119aabc884795a4768c6d3e677ea1
405c71393da6481db0f9c471e6ff0b9f,b4dadb3ea3a04cc3932094471debce13,4a7fa5a1bafe4b6995e2920444ac07c4,ef511457ee7c490c8e10eccf6e18fef6,7bbe3c76bcc04d73969f920d43fcc67d,e88ce4cd350f43398a5c0ab8629cee72,98fbdf945d0c4206a48a4f7260e56017,50a2129b83404b94889a01f4688ebafd,1ade4365590a4ac7865100d8c791e340,25afb6f7e9314af09008644bca5955b9,0eb119aabc884795a4768c6d3e677ea1
10672c8813224cd19e1b65d21bfbf3fc,e88ce4cd350f43398a5c0ab8629cee72,7bbe3c76bcc04d73969f920d43fcc67d,25afb6f7e9314af09008644bca5955b9,b4dadb3ea3a04cc3932094471debce13,14f4db886cca4104877ac7d1d7a64133,04fa591263664fb0a6868552ebd3590b,19098957d8c24cab95daa30c2baefd8f,ef511457ee7c490c8e10eccf6e18fef6,40a95697730046dcbb0d7ba1fe2109a6,4a7fa5a1bafe4b6995e2920444ac07c4
380188fc5ffb4a8db6256661aefa22ee,7bbe3c76bcc04d73969f920d43fcc67d,e88ce4cd350f43398a5c0ab8629cee72,ef511457ee7c490c8e10eccf6e18fef6,25afb6f7e9314af09008644bca5955b9,b4dadb3ea3a04cc3932094471debce13,4a7fa5a1bafe4b6995e2920444ac07c4,14f4db886cca4104877ac7d1d7a64133,0eb119aabc884795a4768c6d3e677ea1,ca544e6629b14e8fab5f7cb40d1ac88e,db69f22fe72246ea85d33991961a649a
78bedef4e219493c8b9a059437b0c690,7bbe3c76bcc04d73969f920d43fcc67d,e88ce4cd350f43398a5c0ab8629cee72,25afb6f7e9314af09008644bca5955b9,b4dadb3ea3a04cc3932094471debce13,ef511457ee7c490c8e10eccf6e18fef6,4a7fa5a1bafe4b6995e2920444ac07c4,14f4db886cca4104877ac7d1d7a64133,db69f22fe72246ea85d33991961a649a,5c8a8b7a59c54b9aa7b7136fd91b5869,0eb119aabc884795a4768c6d3e677ea1
a73bf22ed53e478bbdb05661b2bb34bb,b23a9c50eada4286a4f7ce8668b92db1,1232f20e710b448e8c0538b9e84dab1c,41047823f2cb4194ba1e0709443c719a,eb21a4e2b7bd43efbdf0c365415e7fef,b3209c60460a437294e2b30a9e9d3f53,64e74af099b0485f8b6e71ac73aa2cb8,d476be2399b7424a88d242b771c32041,60e87368fe334a92b57088b03cccbfc1,1393dac7d34b4c34b1a8091a5bea3663,033f1514c78b49dd82148b94f6bcbeba
f8807fdc0c904075885c336e24827732,1393dac7d34b4c34b1a8091a5bea3663,64e74af099b0485f8b6e71ac73aa2cb8,bc13c2b0221744a29a8ddf56aa015df9,89e983dca0a34b768e17b3871b9cea1e,1027a336232c4454a9c4ae450a562788,250d411ae270441085be3501b7b55d86,1578afd6ce694d46ab6e24f965f51fd6,e0ff5d4ae0ec4871a49041d550cdcaa9,c78547bdc2e64ac8935559f7de2efd41,99830b8da7c24f909914f7bb167f3ea6
c21fcb50e9a24b558b8fcc3a2d0f2042,64e74af099b0485f8b6e71ac73aa2cb8,1393dac7d34b4c34b1a8091a5bea3663,cae139b6e4914ce7b0ef1e68b8b857eb,250d411ae270441085be3501b7b55d86,5a6f4a2f7f6a4b1fa146493472e6d721,b23a9c50eada4286a4f7ce8668b92db1,41047823f2cb4194ba1e0709443c719a,1aef014473b84ef9a0f799114fe516c9,e0ff5d4ae0ec4871a49041d550cdcaa9,d756970269e9443fb9bbf645a96aa84e
0e4f6fd8c126417aad3dfe97ea1dee56,ec5fe0d3a2a2426ea4e49a5c0ad44e04,beccee3a988f48c1ad207e2380766fa4,10b152bdafe94db8a93f7c374226a071,7f5b658239034d35b7f4cf1c63cb388c,aaab880f032a4e00904cf50566164044,b83013f4c5524232814efa0f8651867f,40f040fd5c824c8e8e710af1fdf70b5f,898eabaaa1a047e18aecbb1c5a8decbf,27fe100af7884932a33bf30f10dacc55,06b7dd1b701544ac80dd7ca54ed707cf
11fd1036e3764df2a694b62f3f7a04ca,beccee3a988f48c1ad207e2380766fa4,ec5fe0d3a2a2426ea4e49a5c0ad44e04,aaab880f032a4e00904cf50566164044,10b152bdafe94db8a93f7c374226a071,7f5b658239034d35b7f4cf1c63cb388c,40f040fd5c824c8e8e710af1fdf70b5f,b83013f4c5524232814efa0f8651867f,898eabaaa1a047e18aecbb1c5a8decbf,27fe100af7884932a33bf30f10dacc55,de1102228a324428989533278cd482f6
16f482cec0e0411f8a1d2610a2aacb63,beccee3a988f48c1ad207e2380766fa4,ec5fe0d3a2a2426ea4e49a5c0ad44e04,aaab880f032a4e00904cf50566164044,10b152bdafe94db8a93f7c374226a071,40f040fd5c824c8e8e710af1fdf70b5f,7f5b658239034d35b7f4cf1c63cb388c,b83013f4c5524232814efa0f8651867f,898eabaaa1a047e18aecbb1c5a8decbf,27fe100af7884932a33bf30f10dacc55,de1102228a324428989533278cd482f6
cd59d2d18bf04a6a901a0110f5fc4b13,ec5fe0d3a2a2426ea4e49a5c0ad44e04,beccee3a988f48c1ad207e2380766fa4,10b152bdafe94db8a93f7c374226a071,aaab880f032a4e00904cf50566164044,7f5b658239034d35b7f4cf1c63cb388c,b83013f4c5524232814efa0f8651867f,40f040fd5c824c8e8e710af1fdf70b5f,898eabaaa1a047e18aecbb1c5a8decbf,27fe100af7884932a33bf30f10dacc55,06b7dd1b701544ac80dd7ca54ed707cf
a3447d7a1b25452ab7eb7228d9426dbb,887e323cc38f4cf8adc5970617f1c286,afac6ae28fac41dabae96696990c5555,fe363cef357840fcb35f320fe7c27e4e,fc70a4c2c4834e0eba1a14470f563b03,116f6c1f0cb54312986a0a729508a33e,8c5f38853679436ba434b6a696e43168,bb6ecabbce1b43d997d00d7acdc95193,8ad1f345ca194b29bde0a924f27b2de5,d7618b61a65a4bc1a0d0f2cc1bddc448,716a15d66b63424a8068da89e75733b4
bc979d6c4eac47c3bd21510ffe22054c,91f0da6d71574ababd8e868bddec9310,716a15d66b63424a8068da89e75733b4,13aca0959cc948cabeee0d7255f55a65,a8904adcdd21495f890bc614bfdbf86f,8af25c7ae8e14435a6e27a5671968f50,1d93c07de74c482ebf0a76ec564c3252,86179aff3df24ff59b11e9a34974a3f4,116f6c1f0cb54312986a0a729508a33e,8c5f38853679436ba434b6a696e43168,33e2a95109e647cbb4ba2687631b169a
8033dc78a96946859252dbe5da10286d,d695b7afdc3841a28a56df578e56afce,e12ad1ce8e7940a999b9a4f91a95fab7,714e47cd21e5416f864a4bc938850a72,f1c9c5051bdd4a11a064260bbb9d6d7b,f12e9e5805534d719f829332d1ea5d29,7226603f024c45c6a6e44b00e52e8aad,797cc520b8c94d9bbef187818ab51647,a7077a82d2c74518b96fb45e35f6e150,87fc1d6a57ea488786caaec8599c3b8b,8dfd98bb97584157b207e1f4be471a8e
01ac48c3001b4c44a7b582ac608de711,e12ad1ce8e7940a999b9a4f91a95fab7,d695b7afdc3841a28a56df578e56afce,7226603f024c45c6a6e44b00e52e8aad,f12e9e5805534d719f829332d1ea5d29,f1c9c5051bdd4a11a064260bbb9d6d7b,4d0a737f396d4a95808085bd1306746c,797cc520b8c94d9bbef187818ab51647,87fc1d6a57ea488786caaec8599c3b8b,6866efc8987a4ec8b04b7abd28fb5777,8dfe01febd46475ab5aef97033716ce1
7c0d5434c5bc489793133ad27a07f74e,e12ad1ce8e7940a999b9a4f91a95fab7,d695b7afdc3841a28a56df578e56afce,7226603f024c45c6a6e44b00e52e8aad,f12e9e5805534d719f829332d1ea5d29,f1c9c5051bdd4a11a064260bbb9d6d7b,797cc520b8c94d9bbef187818ab51647,87fc1d6a57ea488786caaec8599c3b8b,4d0a737f396d4a95808085bd1306746c,ccb62901750b4d13a922fc161b607f83,a7077a82d2c74518b96fb45e35f6e150
37c59c24c4b344198d9d5abcdf597519,d695b7afdc3841a28a56df578e56afce,e12ad1ce8e7940a999b9a4f91a95fab7,714e47cd21e5416f864a4bc938850a72,f1c9c5051bdd4a11a064260bbb9d6d7b,f12e9e5805534d719f829332d1ea5d29,797cc520b8c94d9bbef187818ab51647,8dfd98bb97584157b207e1f4be471a8e,7226603f024c45c6a6e44b00e52e8aad,a7077a82d2c74518b96fb45e35f6e150,87fc1d6a57ea488786caaec8599c3b8b
70b93f2c45f0428a89fc7fd8ce0b6106,6ea31a945d494834a3d243f1f90af02a,daed5458403e49e3aea72f4bcc6dd224,8dfe01febd46475ab5aef97033716ce1,e12ad1ce8e7940a999b9a4f91a95fab7,d695b7afdc3841a28a56df578e56afce,7e190e3c05d74e6b9f103e39142c1684,0b57f893483647c3aed811775a4c4c04,7c1126d46a934db6b951d1e98feae327,ca5add3cbf044a95a5bec88a5841ce98,714e47cd21e5416f864a4bc938850a72
b1b978d0d5a04bd69d56ef30d2af57e3,245212a659504b9b9cdbaf1ab1d040ff,cc243eebbb2b44a581745865a60c423a,033f1514c78b49dd82148b94f6bcbeba,e0ff5d4ae0ec4871a49041d550cdcaa9,73f684f538ea452cbb4fbecc2e8126a4,4422777ed51142a99aacf05f446cfea1,b69c17a10a55494d8caa56c33e8f4a56,7f23e27e5652406784fdc2dea3918125,70558882c04e46bd99d15e9786468418,8d595c7da42545c88052e7b213b6c97c
c63f586816974c308053ab40652e867f,245212a659504b9b9cdbaf1ab1d040ff,e0ff5d4ae0ec4871a49041d550cdcaa9,033f1514c78b49dd82148b94f6bcbeba,cc243eebbb2b44a581745865a60c423a,4422777ed51142a99aacf05f446cfea1,7f23e27e5652406784fdc2dea3918125,73f684f538ea452cbb4fbecc2e8126a4,b0d2e6c4b2384950b3696c4414870282,8d595c7da42545c88052e7b213b6c97c,f0084465b2e646c9a53d9dc766067d9b
6ea9898485944849b1119856b900eee9,eb21a4e2b7bd43efbdf0c365415e7fef,db0c3a952e454b90aa4a68feb6a50e87,1232f20e710b448e8c0538b9e84dab1c,b69c17a10a55494d8caa56c33e8f4a56,a70909d3ce0d4235913b5ce6a138dcce,25109e3a7df549e5b380aae716d71366,b98519f97e424c1389f5553f0869b15a,d9ac372330a4446886fa19bac0d19877,70558882c04e46bd99d15e9786468418,b23a9c50eada4286a4f7ce8668b92db1
e3fbe9aa3f674b32824114cc216c78ae,a5365055a36a4ec1bf5b0ce2ef949a35,f69dcaceb6074ddebfe1dc7e5978fcff,3b7d56c26da14b3a9b1cd52b5b35891b,1004b33e3126472faa78e1929ed974e6,230b9ef63ea240e9b61a18f41473f942,9ffa09a2b9bd4da0ba98fc537ca68802,c1d504dfeded4b8bb3c07777b7c7abde,19593c97fef0474dbe6051e28338f1e9,0c9c05f86aa042abbdd66d2b2d05d374,ec07b4e88bea4086a5eafed96d81edb5
db1e964f321c4227b0b29f870ee1f47e,f69dcaceb6074ddebfe1dc7e5978fcff,a5365055a36a4ec1bf5b0ce2ef949a35,4422777ed51142a99aacf05f446cfea1,1004b33e3126472faa78e1929ed974e6,e0ff5d4ae0ec4871a49041d550cdcaa9,f439b5616ba24b7f82eccfa095a0eff8,19593c97fef0474dbe6051e28338f1e9,3b7d56c26da14b3a9b1cd52b5b35891b,c1d504dfeded4b8bb3c07777b7c7abde,f0084465b2e646c9a53d9dc766067d9b
8b132fbf58574d90aa4cf5ddc704b658,f69dcaceb6074ddebfe1dc7e5978fcff,a5365055a36a4ec1bf5b0ce2ef949a35,e0ff5d4ae0ec4871a49041d550cdcaa9,f0084465b2e646c9a53d9dc766067d9b,4422777ed51142a99aacf05f446cfea1,c1d504dfeded4b8bb3c07777b7c7abde,8d595c7da42545c88052e7b213b6c97c,b0d2e6c4b2384950b3696c4414870282,1004b33e3126472faa78e1929ed974e6,cb75c6ef71cb4991805920f2894e0e96
8cb387b1679843169efe77577286098c,ffc5805e29a74be0a55b40318aa321d7,89e983dca0a34b768e17b3871b9cea1e,643fbbdd6b764ba9904a4ee67a86b9fd,bc13c2b0221744a29a8ddf56aa015df9,e511c40ca6324803b5021e47b4e777f8,3138244ae91040948d5bd6772e4075ea,52ee59901f3b4de884d7a6720538aed6,8d595c7da42545c88052e7b213b6c97c,5537ddec608a4ec586ea068fa27547ca,b40d3c588ad647ff85e397a6bc5f9d8b
bd22a678c6cc469fbcd9725604a12326,ffc5805e29a74be0a55b40318aa321d7,89e983dca0a34b768e17b3871b9cea1e,643fbbdd6b764ba9904a4ee67a86b9fd,e511c40ca6324803b5021e47b4e777f8,250d411ae270441085be3501b7b55d86,bc13c2b0221744a29a8ddf56aa015df9,52ee59901f3b4de884d7a6720538aed6,b40d3c588ad647ff85e397a6bc5f9d8b,5537ddec608a4ec586ea068fa27547ca,eff24b01b2f5428baa4c3fef6cb40d41
ee15d39bccb6404eb47fcb884d906454,bc607fd6000b43108e49b3d05688fe90,563043f180e54e238ad4876974e5db4c,f5d09519cf7647f8a107cd8fadd322e5,d7c9dafddaf547159d366dacf7b68a7e,d53fa54d5536463ab0d87648dfc5fd78,7e8a4a43e2f84dbb88e41cb24b3fe79f,f69bf682935e47e1b4c72d237becd13a,de72d25d08da4b03ac6f6411ce30e07c,11e1e3cdfe214385a2c24d0f957dde9b,8228c9eb29a542ba98c8b9b854eadaa4
ccb86f144be341ac9a6ff07647fc1e2f,31cf7db26a3249c5a6205b005662ddcf,cd764fbfae774d068af7549c648a02c9,f879b316413f45d2b64bb25e3f45a667,2b039224b54142d185a406b31fe01de2,43ee0103cba54b4e9d165717735ca0f6,342aaa81ed004635bbf9cbc2592cd7b6,bf789f42ccfc42c5a330a3f6e30ddb83,5e2f1a45f7174f1aa39a194179985876,64fc9fe3c8d5424ebc005e5cf4a608db,3e6a4b65a1004c08a6f3f570cf986c2f
de734ca5438c4b22a9e1d7e170c3c57c,7e8a4a43e2f84dbb88e41cb24b3fe79f,8228c9eb29a542ba98c8b9b854eadaa4,bc607fd6000b43108e49b3d05688fe90,d53fa54d5536463ab0d87648dfc5fd78,563043f180e54e238ad4876974e5db4c,f5d09519cf7647f8a107cd8fadd322e5,e834bfbd30b247e899f0dc029ab9f072,e22e1ad3c1fc4493bcb7c9b923566ff7,342aaa81ed004635bbf9cbc2592cd7b6,21019944fc2c4838a682a6dcdc62c4ef
1b14bef50f7c4e24afcc755f17cc10df,f5d09519cf7647f8a107cd8fadd322e5,7e8a4a43e2f84dbb88e41cb24b3fe79f,701ac1447f5a414e81156a56c3593a31,2b039224b54142d185a406b31fe01de2,342aaa81ed004635bbf9cbc2592cd7b6,bc607fd6000b43108e49b3d05688fe90,7ab9086baf99475d8c93862a7dd36344,3e6a4b65a1004c08a6f3f570cf986c2f,d53fa54d5536463ab0d87648dfc5fd78,64fc9fe3c8d5424ebc005e5cf4a608db
18283806841d46c39db8e7fd20713c52,36472797459c462e910846109fa624fc,4c8476482736459881e2a3b0509ee103,8ad1f345ca194b29bde0a924f27b2de5,d7618b61a65a4bc1a0d0f2cc1bddc448,761a3a01495143f0a86beac4234cae3a,a5365055a36a4ec1bf5b0ce2ef949a35,133bfbe9a7c741fcb638ecf1b0088213,13aca0959cc948cabeee0d7255f55a65,07d869789eda4445a1ecfe59c331db0d,5b588e34588940788a22036b775ecc2f
5e304e02eba04f73a50005680ad397d9,36472797459c462e910846109fa624fc,8ad1f345ca194b29bde0a924f27b2de5,d7618b61a65a4bc1a0d0f2cc1bddc448,4c8476482736459881e2a3b0509ee103,133bfbe9a7c741fcb638ecf1b0088213,761a3a01495143f0a86beac4234cae3a,a5365055a36a4ec1bf5b0ce2ef949a35,13aca0959cc948cabeee0d7255f55a65,a8904adcdd21495f890bc614bfdbf86f,fe363cef357840fcb35f320fe7c27e4e
17746de5e371420092452c78a59017b4,7879fa4d4db046a2a8d195311b6e5789,67984873125e4a0f9562179c906d1b0f,bb84a4cf60c84a8d8e23276b1863d293,7e17bbd109dc486c8f0a76f913782180,ef511457ee7c490c8e10eccf6e18fef6,88353d1136d24836816b073de62e5f50,d0b6e9c1cc5341faba9e03c17767bc2e,76e41369a6794714a9fab6968839bfe6,1ade4365590a4ac7865100d8c791e340,b4dadb3ea3a04cc3932094471debce13
496cf23a51bc496da75e8ef2f4847bd2,bb84a4cf60c84a8d8e23276b1863d293,67984873125e4a0f9562179c906d1b0f,7879fa4d4db046a2a8d195311b6e5789,09f4970dfe684b809bc0959fb62f41bf,fb8c2b83e46441c2aaa7c81d3642e2da,72a7e2ce22d045efbdbbab9c68f5d026,86f59bd78b424260b0cf356f2f9ae734,8c7c9eaae41a44a3a4ebe39ce167d300,76e41369a6794714a9fab6968839bfe6,db0c3a952e454b90aa4a68feb6a50e87
62d8c95fb6f24a1db3cd303bb5b85396,7879fa4d4db046a2a8d195311b6e5789,7e17bbd109dc486c8f0a76f913782180,ef511457ee7c490c8e10eccf6e18fef6,67984873125e4a0f9562179c906d1b0f,76e41369a6794714a9fab6968839bfe6,d0b6e9c1cc5341faba9e03c17767bc2e,bb84a4cf60c84a8d8e23276b1863d293,e2769c67dadd4c988f7ccf249a998a56,04d24d1cf42b4f7787d8d300cbad6d50,4a7fa5a1bafe4b6995e2920444ac07c4
fa8048c81669437cb087918eab24b02b,be42a43f5186434db4f2815f768a9991,d60986f4025d443ea58adba0e3d224a1,18ab15fbf00f42f7a410ec75f7592bea,e9428816b054499298745b742f128f65,1c2b01416e3943e3b3c575e53c3f1d16,a2612682d9854a30a7684c91c8619ec9,00e9d4081c2f45d1a818bfeab099863a,f464960d2dbc43c0970c60600bd7f1cd,5c8a8b7a59c54b9aa7b7136fd91b5869,33b5e2ae5ebe4f548bac3a00ab0a59eb
b7d522798dc7498da4a40704cbb65a53,bb5c7d03a54647d08b8c62deeb803271,097c30a7f39a4a3abf6da2ca80cad3a5,7c061d36393540b49e20d98086bdb5bd,b2bcb4d9456c4763a0159ffd1f3660bb,0f785440b29548e1a1968868262fd42e,4a6eba10a02a4ecdbb6b25e8651c3789,3574ab91c29940b3afc62354ae06b73b,eafb3480db704d7baa8216ce857d1610,f464960d2dbc43c0970c60600bd7f1cd,3f23eafbd9cc4e209aca631fd6fc9dfd
23701e1499d04d6f890fffb1a8d95746,bb5c7d03a54647d08b8c62deeb803271,097c30a7f39a4a3abf6da2ca80cad3a5,7c061d36393540b49e20d98086bdb5bd,b2bcb4d9456c4763a0159ffd1f3660bb,0f785440b29548e1a1968868262fd42e,4a6eba10a02a4ecdbb6b25e8651c3789,3574ab91c29940b3afc62354ae06b73b,f464960d2dbc43c0970c60600bd7f1cd,3f23eafbd9cc4e209aca631fd6fc9dfd,eafb3480db704d7baa8216ce857d1610
d8e490c2dc4e457291f1e7bb4ca941f2,be42a43f5186434db4f2815f768a9991,d60986f4025d443ea58adba0e3d224a1,18ab15fbf00f42f7a410ec75f7592bea,1c2b01416e3943e3b3c575e53c3f1d16,e9428816b054499298745b742f128f65,00e9d4081c2f45d1a818bfeab099863a,a2612682d9854a30a7684c91c8619ec9,f464960d2dbc43c0970c60600bd7f1cd,5c8a8b7a59c54b9aa7b7136fd91b5869,25afb6f7e9314af09008644bca5955b9
e2c006dd97304dc5b599c8334ea91da4,f69bf682935e47e1b4c72d237becd13a,bc13c2b0221744a29a8ddf56aa015df9,4152360a4bea4cbbbfbe45ff3bf7f62b,7d0190486da540718e4dc4ca4bd1f573,d53fa54d5536463ab0d87648dfc5fd78,e511c40ca6324803b5021e47b4e777f8,bc607fd6000b43108e49b3d05688fe90,5605fa1188974644937bbf92fec50e21,8a9dc60359ba49cd8ac170cfb4ac3913,6dc5832f0ac04df2bd99c6415b3ecf09
180a003741a9400fb647528c1b5bcccf,42b6af4853fc465f83ec054f8f8289a4,563043f180e54e238ad4876974e5db4c,f5b766ea6abe4b5fb27d49cc3bc06020,3c0f3b44c0844df49b5898406fe9195a,67dd23cfd20f46dc82acc82c108a1dc6,98b2022b2cb84af09ee8b789db928b13,e429a2e164a24919a12edcc8d4ea8f09,7862a63720b34104abf5bfa44bc8178d,b3a022950e444682a113cec5a0537f6a,7d0190486da540718e4dc4ca4bd1f573
d9c92c59d5aa4726b77e009485c2ea31,42b6af4853fc465f83ec054f8f8289a4,563043f180e54e238ad4876974e5db4c,f5b766ea6abe4b5fb27d49cc3bc06020,98b2022b2cb84af09ee8b789db928b13,3c0f3b44c0844df49b5898406fe9195a,7862a63720b34104abf5bfa44bc8178d,b3a022950e444682a113cec5a0537f6a,67dd23cfd20f46dc82acc82c108a1dc6,211ef3181e524685866fb8574d9bf456,66690895454847fea5a000202fbfab2e
11ce9ba7b6bc4478a9c51c05eeca19e6,94ed54abfdc74b04b0dcb19c278e66f4,2d43cf91509846e29ab4febd7781919f,ef511457ee7c490c8e10eccf6e18fef6,13aca0959cc948cabeee0d7255f55a65,86179aff3df24ff59b11e9a34974a3f4,1ade4365590a4ac7865100d8c791e340,91f0da6d71574ababd8e868bddec9310,db69f22fe72246ea85d33991961a649a,408ae6a767874fc782467ec2f054ad15,8af25c7ae8e14435a6e27a5671968f50
95a503cfa55a48d6a01d293cc25399c0,2d43cf91509846e29ab4febd7781919f,94ed54abfdc74b04b0dcb19c278e66f4,86179aff3df24ff59b11e9a34974a3f4,27a0d24dc1e14b28a1f18456b29c93f1,db69f22fe72246ea85d33991961a649a,cb550e5ff4694fe9a19eaa6588cef250,bbdf9065122d499d9d8f80ad3e0ef6f3,59f62d35b1ad451397b700b3dad25448,878e5c41be5c477e9f660ca361fdd727,bfd1d441da734aad88cfacdab3ee4059
fdd0fecc1fbd4f8da6683ae92d766e3f,94ed54abfdc74b04b0dcb19c278e66f4,13aca0959cc948cabeee0d7255f55a65,1d93c07de74c482ebf0a76ec564c3252,8af25c7ae8e14435a6e27a5671968f50,a8904adcdd21495f890bc614bfdbf86f,716a15d66b63424a8068da89e75733b4,91f0da6d71574ababd8e868bddec9310,33e2a95109e647cbb4ba2687631b169a,b01fd4d037a84a7aa777e1fc345c73c5,8c5f38853679436ba434b6a696e43168
a63b30ed19774ee7bd8c65b80994011f,2d43cf91509846e29ab4febd7781919f,94ed54abfdc74b04b0dcb19c278e66f4,86179aff3df24ff59b11e9a34974a3f4,bfd1d441da734aad88cfacdab3ee4059,cb550e5ff4694fe9a19eaa6588cef250,db69f22fe72246ea85d33991961a649a,27a0d24dc1e14b28a1f18456b29c93f1,878e5c41be5c477e9f660ca361fdd727,3766b26b53874893ae48693880e1942c,a0408a6462b24cf18e50a8616359d5ad
b7ee6050d7ff433da190380cbf6c568b,55c0b899937042c98162389b209aca7f,df0c94234d9d4890b5b4b95c441b3e9a,57430214baf045cb92fa3b3b70a4ca3f,fb8c2b83e46441c2aaa7c81d3642e2da,79721c9bb6a54ecdb3d0a0f4011762c1,df7ea50171af48df81584ab7e8107d15,ef60b54aa4b5490890da32d0bb8c9cbf,e79ae27b52fa4d54aa37735fd275c66e,72a7e2ce22d045efbdbbab9c68f5d026,f12e9e5805534d719f829332d1ea5d29
9f79b85612a8457c9560f5188ba8de80,5605fa1188974644937bbf92fec50e21,9ffa09a2b9bd4da0ba98fc537ca68802,79721c9bb6a54ecdb3d0a0f4011762c1,9094e936e13641cc9bfcc7dc1408d86e,01930613ce7d4a5f90ccf78d1e92a55d,df0c94234d9d4890b5b4b95c441b3e9a,1004b33e3126472faa78e1929ed974e6,b9228fdb5f0c413d81cffb51829d95c6,3b7d56c26da14b3a9b1cd52b5b35891b,36ee1613abf245cdbe93fef69b5f981f
92842816932b4cedaf43f4075a7295f8,df0c94234d9d4890b5b4b95c441b3e9a,55c0b899937042c98162389b209aca7f,79721c9bb6a54ecdb3d0a0f4011762c1,e79ae27b52fa4d54aa37735fd275c66e,5605fa1188974644937bbf92fec50e21,c78547bdc2e64ac8935559f7de2efd41,9094e936e13641cc9bfcc7dc1408d86e,f439b5616ba24b7f82eccfa095a0eff8,fb8c2b83e46441c2aaa7c81d3642e2da,fadf133e0e684a24ac79b5fa9515bac2
0ba88aef47574c8397c6bafc945b9a6d,7daa434073604cb98a04fefb55468dda,361f2b7f3f044907b3a331872fb18755,bbdf9065122d499d9d8f80ad3e0ef6f3,0daf8d5687b54d158f7f752884c42334,e2e0c8c96aff4c00896ac6986bbb20c2,e7ee85dd47ca43eeb2fdcd70b802f0ec,4e4495962a9b4864882397042f1a2b3e,0accd1d0138b49049d437c0d9b1c23c3,3d3e8565d2f84e0cad5ae622f2909765,27a0d24dc1e14b28a1f18456b29c93f1
908bfd5077a44b398cdda1f6b068ef55,7daa434073604cb98a04fefb55468dda,361f2b7f3f044907b3a331872fb18755,bbdf9065122d499d9d8f80ad3e0ef6f3,e7ee85dd47ca43eeb2fdcd70b802f0ec,4e4495962a9b4864882397042f1a2b3e,0daf8d5687b54d158f7f752884c42334,e2e0c8c96aff4c00896ac6986bbb20c2,3d3e8565d2f84e0cad5ae622f2909765,78809cb3c6b841a9b8b132133dd6bb96,0accd1d0138b49049d437c0d9b1c23c3
a165443e0d954522807ce0ab172fcdc5,361f2b7f3f044907b3a331872fb18755,7daa434073604cb98a04fefb55468dda,be9e713988ba4bbba869885cad419259,8683a3ad55d84a78834fabe20cde5269,0daf8d5687b54d158f7f752884c42334,39e2b00e1cbd471488cf56f31d2cec7f,b2bcb4d9456c4763a0159ffd1f3660bb,d43b0f94627d45918e18a80be127aa2c,bbdf9065122d499d9d8f80ad3e0ef6f3,3d3e8565d2f84e0cad5ae622f2909765
f9f0efaa4a6142a7919a132744822ef4,dd77b570036f40de9fdf49011bb9e2d8,39a08a87897f47d3bdbbdc5ed8c9cd7f,a35d7304347a4f81b1ccfb086956921c,0433768f874042a5b2d2e37ad9deae13,5d5baf5ce88b4b529e28ab9c7c114148,bbdf9065122d499d9d8f80ad3e0ef6f3,a5d5fb459a1844088e93ae557ab34afe,a35fecee62a9432da0c413f65e895e8c,556743bab70d4b75bafcf192fef95b16,5c09482fc8dc45bdbf7919f00dd540e0
a1022ebe11dc4f2888d2400773e35559,4a3d4daed4b24a1898551f0fd1ba44f1,f65b6fb5b40a49d1896de7a115469d40,9094e936e13641cc9bfcc7dc1408d86e,13e659415ac84c7a81fc769111d43417,8c674a7b65e24114a45dd3c861a7ccfc,476ce3ffff564a5aa985808e7d2cab17,ef60b54aa4b5490890da32d0bb8c9cbf,7d5c0a2bfccf4255a43d9bd0f84a6d3a,243dbbcdc67c42bfa6f32c47477adf6d,dd77b570036f40de9fdf49011bb9e2d8
095cc723607c4786bac59694c8e22fac,39a08a87897f47d3bdbbdc5ed8c9cd7f,dd77b570036f40de9fdf49011bb9e2d8,a35fecee62a9432da0c413f65e895e8c,295d0d40791245ff838c73a2aa27d065,878e5c41be5c477e9f660ca361fdd727,a5d5fb459a1844088e93ae557ab34afe,35c5a560ecdc4d6a9d20f057ed1fa0e6,f6207eb593394ff78e2cb35057477422,0accd1d0138b49049d437c0d9b1c23c3,bbdf9065122d499d9d8f80ad3e0ef6f3
f975925d733d40bd99cdc31b176a5add,26869cc099c44c4a86f6043476ab4890,bbdf9065122d499d9d8f80ad3e0ef6f3,65e30dd62cfa4dccb9ea4d908a9d6fab,e7ee85dd47ca43eeb2fdcd70b802f0ec,0daf8d5687b54d158f7f752884c42334,d658e3a743af41899183fecff6b2628d,59f62d35b1ad451397b700b3dad25448,3766b26b53874893ae48693880e1942c,27a0d24dc1e14b28a1f18456b29c93f1,2f0401170d104b47b0a8f087f69dee88
f71566d731d04b0fa7d5306ca6d5d1a3,39a08a87897f47d3bdbbdc5ed8c9cd7f,dd77b570036f40de9fdf49011bb9e2d8,a35fecee62a9432da0c413f65e895e8c,295d0d40791245ff838c73a2aa27d065,bbdf9065122d499d9d8f80ad3e0ef6f3,a5d5fb459a1844088e93ae557ab34afe,a35d7304347a4f81b1ccfb086956921c,63eab812f3254cccb9631b09725aec3d,35c5a560ecdc4d6a9d20f057ed1fa0e6,878e5c41be5c477e9f660ca361fdd727
6e42a161c552498789623a17244a874b,249c2d8d8d2345c6990b3c4d94385b5a,ca544e6629b14e8fab5f7cb40d1ac88e,6400e3f6a14c492ba399bd414faca075,23a16d69ffe848d593a4808907d8aa98,f32f4607b4714e378831f924c5e6084d,7aceed0dbea645b091207f4a53d879f2,ee89670285c74e27aa174dadf39fbca7,d43b0f94627d45918e18a80be127aa2c,7dd5e88dfdd24cafab2c765939757354,8fdee0611965465eb45387b8c39f4136
947c873b63474e1c81b5f7d75177694b,6400e3f6a14c492ba399bd414faca075,249c2d8d8d2345c6990b3c4d94385b5a,ca544e6629b14e8fab5f7cb40d1ac88e,7aceed0dbea645b091207f4a53d879f2,f32f4607b4714e378831f924c5e6084d,1099cb6f4fac4eb8a1fb6db50e18296b,23a16d69ffe848d593a4808907d8aa98,ee89670285c74e27aa174dadf39fbca7,e79ae27b52fa4d54aa37735fd275c66e,7dd5e88dfdd24cafab2c765939757354
1869a01128ef42e787aac2c1e61067fd,e2769c67dadd4c988f7ccf249a998a56,ca544e6629b14e8fab5f7cb40d1ac88e,66cba49431224a3788f914d6a80165e1,249c2d8d8d2345c6990b3c4d94385b5a,ee89670285c74e27aa174dadf39fbca7,6b4676aba2a746b3ab778315afc8ee82,bb84a4cf60c84a8d8e23276b1863d293,67984873125e4a0f9562179c906d1b0f,86f59bd78b424260b0cf356f2f9ae734,51c6049a18b84ee381d0512e40b67c0e
4e741c03bcf2485b841a422cf7af28e7,55c0b899937042c98162389b209aca7f,8dfbb6a204a0441492c35baca6190969,86f59bd78b424260b0cf356f2f9ae734,215f3d275db14601a0383885cbaad86e,76e41369a6794714a9fab6968839bfe6,66cba49431224a3788f914d6a80165e1,d0b6e9c1cc5341faba9e03c17767bc2e,57430214baf045cb92fa3b3b70a4ca3f,09f4970dfe684b809bc0959fb62f41bf,75efe5ddef364f49865d9bb283492b48
3b718c2254b44a6b98577df37cfcf2e6,19098957d8c24cab95daa30c2baefd8f,8b038cd0dafd45d8b1ce75177ca3a76b,f92d16d3a970487094292439c3e00923,8c7c9eaae41a44a3a4ebe39ce167d300,7bbe3c76bcc04d73969f920d43fcc67d,0eb119aabc884795a4768c6d3e677ea1,2f0401170d104b47b0a8f087f69dee88,e7ee85dd47ca43eeb2fdcd70b802f0ec,a4af9472683c4df0a86f9400c99c2b61,fc430b7683934be2aba12468b2409bb8
5c555c29b0864fed9559512fc8b56e7e,8b038cd0dafd45d8b1ce75177ca3a76b,19098957d8c24cab95daa30c2baefd8f,04fa591263664fb0a6868552ebd3590b,e2e0c8c96aff4c00896ac6986bbb20c2,40a95697730046dcbb0d7ba1fe2109a6,25afb6f7e9314af09008644bca5955b9,e88ce4cd350f43398a5c0ab8629cee72,50a2129b83404b94889a01f4688ebafd,7bbe3c76bcc04d73969f920d43fcc67d,1419b2c686f44896a0ae2a43e93b5402
62c7211abab24fcca853aeb2813a880d,9460474d89704a68aaa6ccb62310ae3d,14ca42308d3141fba50b774042144343,6fc7a2cf0684475a82f6ff9be2c8e850,9fd4c00672d84215b3e21812aef3d6ac,1578afd6ce694d46ab6e24f965f51fd6,19b81e71e7f04ebcbfade9daa899ed3d,ca0fe2dd97434e2ca7aecc38d4f1fcd9,e86a0aae846a4e44bf967ab4972c977c,c588868fc3fd4e87a7cddf1ceb00b022,9dd98c9126c44642a20711729f2e731e
0883118ad1b2497ab0b9df2a1e2b16b9,9460474d89704a68aaa6ccb62310ae3d,14ca42308d3141fba50b774042144343,6fc7a2cf0684475a82f6ff9be2c8e850,9fd4c00672d84215b3e21812aef3d6ac,1578afd6ce694d46ab6e24f965f51fd6,ca0fe2dd97434e2ca7aecc38d4f1fcd9,19b81e71e7f04ebcbfade9daa899ed3d,c588868fc3fd4e87a7cddf1ceb00b022,9dd98c9126c44642a20711729f2e731e,c1d504dfeded4b8bb3c07777b7c7abde
f79a2bf431ab4c86b494e19d1845d00c,c66c6f1449d44728a2ef72de53dd6d5e,ac5a760b45c146ec840193371cfb2d30,b3209c60460a437294e2b30a9e9d3f53,f1eecad10a61421eb16b1be7435d9c19,c235728f290a44d6a5fc2e14111ae02e,b8da01ceddcb45a491a288ddbc658e90,eb21a4e2b7bd43efbdf0c365415e7fef,ff276acede2f4c14876ef47257758ae8,9bf3b77eb9874f5f9e006a9cff111ea9,bcfa4a4177d44d8b8cda17b7a23196b0
a57e9b989c854296a345aa9dea1c5cb4,3f1c2bb09c4e4400b6ba19542fafce18,ed4449952a9e45339b76fc5f123cb917,9094e936e13641cc9bfcc7dc1408d86e,ca0fe2dd97434e2ca7aecc38d4f1fcd9,b52468fc0af2435f9ba91939f72bbf6a,1e376f9d0945477983c8d851e4b2cf5e,5f481b07f9734f518a14853831233b78,9948a890ef25479e834f70944cb42eae,7862a63720b34104abf5bfa44bc8178d,e8f18e4bdf054390a1768978dca8e430
8c894f4ececa48fe8b64acf34a77674e,c66c6f1449d44728a2ef72de53dd6d5e,ac5a760b45c146ec840193371cfb2d30,b3209c60460a437294e2b30a9e9d3f53,f1eecad10a61421eb16b1be7435d9c19,c235728f290a44d6a5fc2e14111ae02e,ff276acede2f4c14876ef47257758ae8,b8da01ceddcb45a491a288ddbc658e90,bcfa4a4177d44d8b8cda17b7a23196b0,e86a0aae846a4e44bf967ab4972c977c,999a2b52a5004ee984e587d5a1327b23
8257521498a64a9fb7b41143b713373b,1027a336232c4454a9c4ae450a562788,19a124c6dad14a4fa7864463b081009c,c65af18670ea437c8986884645b3afe9,4a3d4daed4b24a1898551f0fd1ba44f1,1393dac7d34b4c34b1a8091a5bea3663,3356a8a8c6ee4f30bc2b028e360d4471,5a6f4a2f7f6a4b1fa146493472e6d721,f439b5616ba24b7f82eccfa095a0eff8,df0c94234d9d4890b5b4b95c441b3e9a,b77d8b7bb0114c379139d280a9210e83
78188b8c0642428fb591262e5d86ce6d,1027a336232c4454a9c4ae450a562788,19a124c6dad14a4fa7864463b081009c,c65af18670ea437c8986884645b3afe9,4a3d4daed4b24a1898551f0fd1ba44f1,5a6f4a2f7f6a4b1fa146493472e6d721,64e74af099b0485f8b6e71ac73aa2cb8,b77d8b7bb0114c379139d280a9210e83,3356a8a8c6ee4f30bc2b028e360d4471,fadf133e0e684a24ac79b5fa9515bac2,f439b5616ba24b7f82eccfa095a0eff8
03d5ce4601154cbdad2bd459235427ad,1027a336232c4454a9c4ae450a562788,19a124c6dad14a4fa7864463b081009c,c65af18670ea437c8986884645b3afe9,4a3d4daed4b24a1898551f0fd1ba44f1,3356a8a8c6ee4f30bc2b028e360d4471,b77d8b7bb0114c379139d280a9210e83,5a6f4a2f7f6a4b1fa146493472e6d721,64e74af099b0485f8b6e71ac73aa2cb8,1393dac7d34b4c34b1a8091a5bea3663,25109e3a7df549e5b380aae716d71366
e46f5e15b5ba480db90f0be1f5c6b070,c65af18670ea437c8986884645b3afe9,19a124c6dad14a4fa7864463b081009c,1027a336232c4454a9c4ae450a562788,5a6f4a2f7f6a4b1fa146493472e6d721,3356a8a8c6ee4f30bc2b028e360d4471,25109e3a7df549e5b380aae716d71366,df0c94234d9d4890b5b4b95c441b3e9a,b77d8b7bb0114c379139d280a9210e83,6c874292dbcc49ff8bb8bbe5643593a5,d756970269e9443fb9bbf645a96aa84e
0e8d635cc3e241ddbe108bab5a0f863f,c65af18670ea437c8986884645b3afe9,19a124c6dad14a4fa7864463b081009c,1027a336232c4454a9c4ae450a562788,5a6f4a2f7f6a4b1fa146493472e6d721,df0c94234d9d4890b5b4b95c441b3e9a,599feb1e512c43ad8c0a1845922acf78,d756970269e9443fb9bbf645a96aa84e,25109e3a7df549e5b380aae716d71366,3356a8a8c6ee4f30bc2b028e360d4471,7dd5e88dfdd24cafab2c765939757354
b6a711f4ec9b4b1bb1bcd06f684f9c22,24c55bb5cd694770ba895c7401da2ba5,e0d8aee46b1d4d998858cd05027251b6,6d3b4c95066e4dd8a6ad1c66b1c1ea4f,cdd73e0289aa4e2b87cd14e6ff5bd75e,595e438d2b394bb3a3259f47efd37ae8,e7ee85dd47ca43eeb2fdcd70b802f0ec,1d70bc69b2f84bef9aa5fb0d9917e38d,50a2129b83404b94889a01f4688ebafd,097f2ce3b88c4d008488b9908076497e,8889c114b071429cbe2418f5b0f2024b
10346a6c05be419ba2fd6398a619c44e,24c55bb5cd694770ba895c7401da2ba5,0daf8d5687b54d158f7f752884c42334,7359a1cc20d54f96aeea121d7247b88d,0accd1d0138b49049d437c0d9b1c23c3,cdd73e0289aa4e2b87cd14e6ff5bd75e,4a7fa5a1bafe4b6995e2920444ac07c4,d658e3a743af41899183fecff6b2628d,3aa003c1e31b476e999c3a808a1d5dc6,7ef653f7e5f64e1b8bba73b9518b87b7,bbdf9065122d499d9d8f80ad3e0ef6f3
c2b5ae1e1c2c49d39e7b25d5660dfc10,24c55bb5cd694770ba895c7401da2ba5,e0d8aee46b1d4d998858cd05027251b6,cdd73e0289aa4e2b87cd14e6ff5bd75e,7359a1cc20d54f96aeea121d7247b88d,0433768f874042a5b2d2e37ad9deae13,a0408a6462b24cf18e50a8616359d5ad,2f0401170d104b47b0a8f087f69dee88,d658e3a743af41899183fecff6b2628d,02a3cd76ce534d188b4d5ac4778bd652,7ef653f7e5f64e1b8bba73b9518b87b7
4a7c88e745974776bdca788eeafcb775,24c55bb5cd694770ba895c7401da2ba5,cdd73e0289aa4e2b87cd14e6ff5bd75e,2f0401170d104b47b0a8f087f69dee88,a0408a6462b24cf18e50a8616359d5ad,0433768f874042a5b2d2e37ad9deae13,0daf8d5687b54d158f7f752884c42334,e0d8aee46b1d4d998858cd05027251b6,27a0d24dc1e14b28a1f18456b29c93f1,d658e3a743af41899183fecff6b2628d,26869cc099c44c4a86f6043476ab4890
350aae48399c41099ec9c648db89df25,0ecfdd96e0054841883acba75e83b232,baf841bad27c456c9de7227555ea3ef8,66690895454847fea5a000202fbfab2e,f4474150010f4021a4620372062f3797,5760084aabef4d8095b2d21902151f64,764b8280445d4023aecaa53cf7758932,35d06fce2df446569702778e2250bd82,3c0f3b44c0844df49b5898406fe9195a,2839430464164d5ba00713b42d4d96e4,67dd23cfd20f46dc82acc82c108a1dc6
09b37860da4b43c98172983e0ca57104,764b8280445d4023aecaa53cf7758932,e429a2e164a24919a12edcc8d4ea8f09,ec4820b018a04967a457a9c032a51dc6,c4b9d7a8d5d342459d2282589b3af293,34b736136487439389c10cc6bd4e9f4e,7fe9e665bf41491c9788941aa2894a10,211ef3181e524685866fb8574d9bf456,dee9eddb2eac41bfaf36d3279d43674a,d25e6f2fc8154dd7816f8f7a41bee12b,434551fdf9e443ed91679a9557ae6fd5
1a78505b4d0640aa9f35eb528818e54d,764b8280445d4023aecaa53cf7758932,2939ef012c5c4a1b94b49df9469dfb3c,796eade2ee4f466781d9f6669db43e48,4152360a4bea4cbbbfbe45ff3bf7f62b,772cb9726861451d9972604da6f65c55,452d645d5bf4485185e996dcec9523e5,7d6cdff8c9ac434196df803628fe9f62,44156e6482884acaaee1938e04d8b6ff,211ef3181e524685866fb8574d9bf456,d9b97376c5e44d8786f861a5788af644
b2decece9a254aa29e885325d7e10a91,764b8280445d4023aecaa53cf7758932,772cb9726861451d9972604da6f65c55,2939ef012c5c4a1b94b49df9469dfb3c,4152360a4bea4cbbbfbe45ff3bf7f62b,7d6cdff8c9ac434196df803628fe9f62,796eade2ee4f466781d9f6669db43e48,1da8cc33bb474411ae16db0233210125,452d645d5bf4485185e996dcec9523e5,6252aa87531748e5bac5f6c65fc87e14,b8da01ceddcb45a491a288ddbc658e90
1ba78638d99a453298a17f233049c981,c1d504dfeded4b8bb3c07777b7c7abde,230b9ef63ea240e9b61a18f41473f942,f0084465b2e646c9a53d9dc766067d9b,babbeca1f6a244a2a11ea77a3855e70f,590df34aa41f46e9ad13ffc6a98da3b7,0c9c05f86aa042abbdd66d2b2d05d374,8a9dc60359ba49cd8ac170cfb4ac3913,b3209c60460a437294e2b30a9e9d3f53,a9573f188204436090fb4a5240e4eccd,a5365055a36a4ec1bf5b0ce2ef949a35
e796ebb3bb6040dfb158ab774e2073f5,ab57f83304bc4005998bbd6bc063fb4f,9909a671f7414c19b2727e7d4d4dcf1b,5e2f1a45f7174f1aa39a194179985876,511fe9c8b20b4fda94969745238c9474,3c0f3b44c0844df49b5898406fe9195a,f879b316413f45d2b64bb25e3f45a667,e429a2e164a24919a12edcc8d4ea8f09,dee9eddb2eac41bfaf36d3279d43674a,e53dd6188816429ab915de6f9649a026,eee7f32249c5452ea36c8ed3a3540010
1ee672ab946e4272a171ede24ff00adb,c1d504dfeded4b8bb3c07777b7c7abde,babbeca1f6a244a2a11ea77a3855e70f,230b9ef63ea240e9b61a18f41473f942,8a9dc60359ba49cd8ac170cfb4ac3913,f0084465b2e646c9a53d9dc766067d9b,590df34aa41f46e9ad13ffc6a98da3b7,a9573f188204436090fb4a5240e4eccd,e96fae6d607246b18b8494aabe521036,b3209c60460a437294e2b30a9e9d3f53,f1eecad10a61421eb16b1be7435d9c19
b38d1801df8a4cad9d5ac01b703946cd,b3209c60460a437294e2b30a9e9d3f53,f37d285ad0de42f0b1546d0d1acfb221,afaf2edba0ee4d58860a5a04e4aabc5c,191b01e1728e4583a8ead5a86db27370,643fbbdd6b764ba9904a4ee67a86b9fd,dee9eddb2eac41bfaf36d3279d43674a,b23a9c50eada4286a4f7ce8668b92db1,8c674a7b65e24114a45dd3c861a7ccfc,b40d3c588ad647ff85e397a6bc5f9d8b,f1eecad10a61421eb16b1be7435d9c19
c93b2527aefe464c88f83b2c5c05a5f3,ab57f83304bc4005998bbd6bc063fb4f,5e2f1a45f7174f1aa39a194179985876,f37d285ad0de42f0b1546d0d1acfb221,6c51b4f57ba0415f994756e944b11cee,dee9eddb2eac41bfaf36d3279d43674a,b3209c60460a437294e2b30a9e9d3f53,98b2022b2cb84af09ee8b789db928b13,e53dd6188816429ab915de6f9649a026,3c0f3b44c0844df49b5898406fe9195a,afaf2edba0ee4d58860a5a04e4aabc5c
6ba0f16f8a794139aa559865c689f392,de6ac628a786435f9925c8cc1d707d6b,fbfaa119f55a477984e42d80498f54d3,2839430464164d5ba00713b42d4d96e4,8d595c7da42545c88052e7b213b6c97c,07958f43551e459eb30638b632e3cd64,599feb1e512c43ad8c0a1845922acf78,d756970269e9443fb9bbf645a96aa84e,039f8e63b273472d8f1d99d9a5de5cf5,19593c97fef0474dbe6051e28338f1e9,f69855cdf66d4f6887ecfd0ddb9014b5
011e2395f6a74299aafef3ad4c6e1bd5,4422777ed51142a99aacf05f446cfea1,f69dcaceb6074ddebfe1dc7e5978fcff,e0ff5d4ae0ec4871a49041d550cdcaa9,245212a659504b9b9cdbaf1ab1d040ff,1004b33e3126472faa78e1929ed974e6,ee7c00877ae64dac87123a3d75251530,d716ea165223433a8d49b93e96989482,3b7d56c26da14b3a9b1cd52b5b35891b,66f4c650b7ca48f1bc27f9daff8d312a,7f23e27e5652406784fdc2dea3918125
fbcfef1ef1bc43e3bf9e78155f27de0e,de6ac628a786435f9925c8cc1d707d6b,30578712823948b086e3781343982938,d756970269e9443fb9bbf645a96aa84e,1f3cf50fe1f947d8a56e02ebca441c4c,f5a9583711fc4ff4a46e85c24886b234,b00b2395b49949508fade89bb3eac98b,6252aa87531748e5bac5f6c65fc87e14,43464ed6733f4642a0b90e7d995a5e40,c3a741d302d94ee294bb6e4090fd2da9,452d645d5bf4485185e996dcec9523e5
e213427aa5fa426b826fb892aee20bcd,984058b7165d4c6385bec3c94afa9fb2,f4474150010f4021a4620372062f3797,c84deec0ecf843c39f52d4cb8e7300f8,34b736136487439389c10cc6bd4e9f4e,b277101390e1465685ef79bf3519f8d7,e4e12f4711fd41e39075e26cc274df45,476ce3ffff564a5aa985808e7d2cab17,01ffceddb5b34406a08bb982b424b3cf,e3854d75221c4e38879a6106bb5c1941,23199e1859544647893a97ea365c5c83
4d0df524bcae4a17b817d5eb1edde03d,984058b7165d4c6385bec3c94afa9fb2,f4474150010f4021a4620372062f3797,c84deec0ecf843c39f52d4cb8e7300f8,34b736136487439389c10cc6bd4e9f4e,01ffceddb5b34406a08bb982b424b3cf,b277101390e1465685ef79bf3519f8d7,23199e1859544647893a97ea365c5c83,e3854d75221c4e38879a6106bb5c1941,e4e12f4711fd41e39075e26cc274df45,476ce3ffff564a5aa985808e7d2cab17
2382285186b14233b2a574461eead3a9,b277101390e1465685ef79bf3519f8d7,0f52f676197e4d4e92dec0a7bc4c4f7d,a94cb58f1ca8456b96e39b5b1ebfb7ea,984058b7165d4c6385bec3c94afa9fb2,1099cb6f4fac4eb8a1fb6db50e18296b,23199e1859544647893a97ea365c5c83,23a16d69ffe848d593a4808907d8aa98,01ffceddb5b34406a08bb982b424b3cf,295d0d40791245ff838c73a2aa27d065,6400e3f6a14c492ba399bd414faca075
91918319e16747aa9a1d9dd6b13b960e,b277101390e1465685ef79bf3519f8d7,23a16d69ffe848d593a4808907d8aa98,984058b7165d4c6385bec3c94afa9fb2,6400e3f6a14c492ba399bd414faca075,9c69642fab6749848e7ea7f5406a6da4,521004289ebc4e6da6623381d40a5e73,34b736136487439389c10cc6bd4e9f4e,01ffceddb5b34406a08bb982b424b3cf,0971af4212484a958eb0f60f93d1dfe0,f65c7f50929f431dbf31b441d87616d0
de360956bf524b1783abb303a77d92b5,9daaefe080b34656a0c7a54d2d6a1713,5605fa1188974644937bbf92fec50e21,b52468fc0af2435f9ba91939f72bbf6a,e4fcd30261804b089efa940359057ba2,9460474d89704a68aaa6ccb62310ae3d,c588868fc3fd4e87a7cddf1ceb00b022,4e7ee74be72a461fa02fa61bee62bdcc,a0b4d283f12a407286dbeaa3a4d128a5,6fc7a2cf0684475a82f6ff9be2c8e850,6c6de17135be4f8c9423be633eaefcd4
18eca8b91ef14435a8d3dc3cf888e60d,0592b57e490d4206a3f12eb004a0afe0,89e983dca0a34b768e17b3871b9cea1e,b40d3c588ad647ff85e397a6bc5f9d8b,643fbbdd6b764ba9904a4ee67a86b9fd,191b01e1728e4583a8ead5a86db27370,63ba014f9cc747ac87013da6be0ceab9,bc13c2b0221744a29a8ddf56aa015df9,e86a0aae846a4e44bf967ab4972c977c,999a2b52a5004ee984e587d5a1327b23,f1eecad10a61421eb16b1be7435d9c19
71a406ea72c94b068788a3f7435fb47e,0592b57e490d4206a3f12eb004a0afe0,89e983dca0a34b768e17b3871b9cea1e,b40d3c588ad647ff85e397a6bc5f9d8b,643fbbdd6b764ba9904a4ee67a86b9fd,bc13c2b0221744a29a8ddf56aa015df9,63ba014f9cc747ac87013da6be0ceab9,f1eecad10a61421eb16b1be7435d9c19,e511c40ca6324803b5021e47b4e777f8,ffc5805e29a74be0a55b40318aa321d7,999a2b52a5004ee984e587d5a1327b23
d67d3ded66fd47dcbd06a4e0d110046a,0cdb0f32850f4585a16de4886462bbe0,f335a944a27a4504a82ecf70c2d4a5e4,5fc200cab89346658c9c91cce27e85fe,6bde760ad5d4485db9889b1bdc074005,076e2669c305401fb3afcfafdd6c79c7,aa082284f9894b5aa210c179d59999b1,403835bbf2f1447188bcc78e062b0028,be8953cc364d46cebbcc2c2da2c348ab,ff171f0b29974f78b0e81fee30abdd38,cd6ce920d00e4d17a6cf04f9f7e550b7
a1ee60380a8341b4a22b01efc9c91484,0cdb0f32850f4585a16de4886462bbe0,f335a944a27a4504a82ecf70c2d4a5e4,5fc200cab89346658c9c91cce27e85fe,be8953cc364d46cebbcc2c2da2c348ab,403835bbf2f1447188bcc78e062b0028,6bde760ad5d4485db9889b1bdc074005,076e2669c305401fb3afcfafdd6c79c7,4e22dc65beb7450b9260cf27e50919e4,aa082284f9894b5aa210c179d59999b1,e06d08ff594a4acbac12edf579743fcf
0ba701552aa94bf68368b5382edfd973,13e659415ac84c7a81fc769111d43417,64e74af099b0485f8b6e71ac73aa2cb8,1aef014473b84ef9a0f799114fe516c9,476ce3ffff564a5aa985808e7d2cab17,243dbbcdc67c42bfa6f32c47477adf6d,5a6f4a2f7f6a4b1fa146493472e6d721,c750a2994555414790abb3281572bb42,1393dac7d34b4c34b1a8091a5bea3663,f65b6fb5b40a49d1896de7a115469d40,70558882c04e46bd99d15e9786468418
d80469792ba1435797dbbd8c826c4dcc,0c889c151e094b948c13b0275e660a9c,cae139b6e4914ce7b0ef1e68b8b857eb,db620271348d404a9a0b978d96c63f29,5a6f4a2f7f6a4b1fa146493472e6d721,0cdb0f32850f4585a16de4886462bbe0,4a3d4daed4b24a1898551f0fd1ba44f1,be8953cc364d46cebbcc2c2da2c348ab,64e74af099b0485f8b6e71ac73aa2cb8,d0e41bf891254ba0872f1641139f84f6,403835bbf2f1447188bcc78e062b0028
a2c9e517dc6d4e6bbbfc226aa45adb37,403835bbf2f1447188bcc78e062b0028,be8953cc364d46cebbcc2c2da2c348ab,0cdb0f32850f4585a16de4886462bbe0,5e44915237fc4445b54b037e1c4e29a4,797cc520b8c94d9bbef187818ab51647,e06d08ff594a4acbac12edf579743fcf,87fc1d6a57ea488786caaec8599c3b8b,5fc200cab89346658c9c91cce27e85fe,0c889c151e094b948c13b0275e660a9c,7584980704ae4617bb27ca162cc9c5db
94e80e2185c943e49ef7d81012376cbc,3356a8a8c6ee4f30bc2b028e360d4471,19a124c6dad14a4fa7864463b081009c,5a6f4a2f7f6a4b1fa146493472e6d721,1027a336232c4454a9c4ae450a562788,4a3d4daed4b24a1898551f0fd1ba44f1,fadf133e0e684a24ac79b5fa9515bac2,29fb30a75c57451a85f310aa6423a662,70558882c04e46bd99d15e9786468418,c65af18670ea437c8986884645b3afe9,73f684f538ea452cbb4fbecc2e8126a4
dc79be5806cf4fa1b7fdf18adcb8af3d,4a3d4daed4b24a1898551f0fd1ba44f1,5a6f4a2f7f6a4b1fa146493472e6d721,cae139b6e4914ce7b0ef1e68b8b857eb,3356a8a8c6ee4f30bc2b028e360d4471,1027a336232c4454a9c4ae450a562788,19a124c6dad14a4fa7864463b081009c,25109e3a7df549e5b380aae716d71366,b33a0f5b564a4942b04046ab7a8e2aae,476ce3ffff564a5aa985808e7d2cab17,ef60b54aa4b5490890da32d0bb8c9cbf
7301669f98674b658396f1d96eaf98d3,19a124c6dad14a4fa7864463b081009c,3356a8a8c6ee4f30bc2b028e360d4471,5a6f4a2f7f6a4b1fa146493472e6d721,1027a336232c4454a9c4ae450a562788,c65af18670ea437c8986884645b3afe9,b23a9c50eada4286a4f7ce8668b92db1,1232f20e710b448e8c0538b9e84dab1c,b3209c60460a437294e2b30a9e9d3f53,8d595c7da42545c88052e7b213b6c97c,eb21a4e2b7bd43efbdf0c365415e7fef
8d37ca8985e84bd297602e977ec9487a,4a3d4daed4b24a1898551f0fd1ba44f1,5a6f4a2f7f6a4b1fa146493472e6d721,3356a8a8c6ee4f30bc2b028e360d4471,b33a0f5b564a4942b04046ab7a8e2aae,cae139b6e4914ce7b0ef1e68b8b857eb,1027a336232c4454a9c4ae450a562788,19a124c6dad14a4fa7864463b081009c,ef60b54aa4b5490890da32d0bb8c9cbf,25109e3a7df549e5b380aae716d71366,476ce3ffff564a5aa985808e7d2cab17
d7577481d2284677970ac7a876a6d295,3356a8a8c6ee4f30bc2b028e360d4471,19a124c6dad14a4fa7864463b081009c,5a6f4a2f7f6a4b1fa146493472e6d721,4a3d4daed4b24a1898551f0fd1ba44f1,1027a336232c4454a9c4ae450a562788,c65af18670ea437c8986884645b3afe9,73f684f538ea452cbb4fbecc2e8126a4,29fb30a75c57451a85f310aa6423a662,fadf133e0e684a24ac79b5fa9515bac2,70558882c04e46bd99d15e9786468418
499f89e2519849bfbdcfb7f09d470c08,44156e6482884acaaee1938e04d8b6ff,e53dd6188816429ab915de6f9649a026,5f481b07f9734f518a14853831233b78,796eade2ee4f466781d9f6669db43e48,e22e1ad3c1fc4493bcb7c9b923566ff7,2939ef012c5c4a1b94b49df9469dfb3c,98b2022b2cb84af09ee8b789db928b13,119a6d7b4af3458b951fc1c5ab5e1738,444fa28d9ed54c82a522699041eae592,5760084aabef4d8095b2d21902151f64
1e4b598167924e35b74d3da0df1f2de1,796eade2ee4f466781d9f6669db43e48,19b81e71e7f04ebcbfade9daa899ed3d,e429a2e164a24919a12edcc8d4ea8f09,189a3b686ad14c24b5e1a495f76dd239,4926607aafe749538c930e108275547e,11e1e3cdfe214385a2c24d0f957dde9b,5f481b07f9734f518a14853831233b78,119a6d7b4af3458b951fc1c5ab5e1738,1578afd6ce694d46ab6e24f965f51fd6,6252aa87531748e5bac5f6c65fc87e14
c7bd4b551343446fb8edc262aec1a374,796eade2ee4f466781d9f6669db43e48,e429a2e164a24919a12edcc8d4ea8f09,19b81e71e7f04ebcbfade9daa899ed3d,4926607aafe749538c930e108275547e,5f481b07f9734f518a14853831233b78,119a6d7b4af3458b951fc1c5ab5e1738,11e1e3cdfe214385a2c24d0f957dde9b,1578afd6ce694d46ab6e24f965f51fd6,189a3b686ad14c24b5e1a495f76dd239,66690895454847fea5a000202fbfab2e
219b73b7828646f9bb608aec046837ee,44156e6482884acaaee1938e04d8b6ff,e22e1ad3c1fc4493bcb7c9b923566ff7,04537eabb0434eb2804d1220770b85a0,e4ee90d625d44a6d9adc138390eef0f8,11e1e3cdfe214385a2c24d0f957dde9b,119a6d7b4af3458b951fc1c5ab5e1738,189a3b686ad14c24b5e1a495f76dd239,b8da01ceddcb45a491a288ddbc658e90,796eade2ee4f466781d9f6669db43e48,f69bf682935e47e1b4c72d237becd13a
9d11ca9aa5d24f68aab627b9e93e698b,3138244ae91040948d5bd6772e4075ea,70558882c04e46bd99d15e9786468418,5a6f4a2f7f6a4b1fa146493472e6d721,cae139b6e4914ce7b0ef1e68b8b857eb,5537ddec608a4ec586ea068fa27547ca,b77d8b7bb0114c379139d280a9210e83,f439b5616ba24b7f82eccfa095a0eff8,ffc5805e29a74be0a55b40318aa321d7,19a124c6dad14a4fa7864463b081009c,fadf133e0e684a24ac79b5fa9515bac2
cc89d7fa93924af1a154d57f1f1cfbc3,70558882c04e46bd99d15e9786468418,3138244ae91040948d5bd6772e4075ea,b77d8b7bb0114c379139d280a9210e83,1f3cf50fe1f947d8a56e02ebca441c4c,41e657daa20545a588584578bdb4101c,cae139b6e4914ce7b0ef1e68b8b857eb,3cb231e1167e45f9bf5771a4e0074092,19a124c6dad14a4fa7864463b081009c,eb21a4e2b7bd43efbdf0c365415e7fef,73f684f538ea452cbb4fbecc2e8126a4
a3a0aa5e67f44552af621d1abeb18c13,3138244ae91040948d5bd6772e4075ea,70558882c04e46bd99d15e9786468418,5537ddec608a4ec586ea068fa27547ca,ffc5805e29a74be0a55b40318aa321d7,cae139b6e4914ce7b0ef1e68b8b857eb,5a6f4a2f7f6a4b1fa146493472e6d721,f439b5616ba24b7f82eccfa095a0eff8,4a3d4daed4b24a1898551f0fd1ba44f1,b77d8b7bb0114c379139d280a9210e83,3cb231e1167e45f9bf5771a4e0074092
2832c5b8870946c69ac69731c0ec1d68,70558882c04e46bd99d15e9786468418,1f3cf50fe1f947d8a56e02ebca441c4c,9452a2f21f7d4feeb2605d9b6647fc13,8c674a7b65e24114a45dd3c861a7ccfc,cae139b6e4914ce7b0ef1e68b8b857eb,3138244ae91040948d5bd6772e4075ea,f65b6fb5b40a49d1896de7a115469d40,8f0e477fc779414e9b47995c0b25a87d,fbfaa119f55a477984e42d80498f54d3,25109e3a7df549e5b380aae716d71366
1403f18946f64e94915e337242ec189f,556743bab70d4b75bafcf192fef95b16,04fa591263664fb0a6868552ebd3590b,40a95697730046dcbb0d7ba1fe2109a6,724a3f6551e74ad585bdeac9a75fd639,da88fa5efc674368b593444ca950dff9,eeb3b60f34af40de850e065b475d8180,1d70bc69b2f84bef9aa5fb0d9917e38d,85d4175b563d48e5bc6a991b23662f24,be9e713988ba4bbba869885cad419259,0daf8d5687b54d158f7f752884c42334
104c41a52ade420c9d3dac7c3c0aaf80,be9e713988ba4bbba869885cad419259,8c7c9eaae41a44a3a4ebe39ce167d300,8683a3ad55d84a78834fabe20cde5269,b834c0b0c10b471b87ad3f11468de619,4e4495962a9b4864882397042f1a2b3e,eeb3b60f34af40de850e065b475d8180,2f0401170d104b47b0a8f087f69dee88,724a3f6551e74ad585bdeac9a75fd639,0eb119aabc884795a4768c6d3e677ea1,f92d16d3a970487094292439c3e00923
e8a3dc97d68d46b6b42514168c735abb,be9e713988ba4bbba869885cad419259,eeb3b60f34af40de850e065b475d8180,8c7c9eaae41a44a3a4ebe39ce167d300,4e4495962a9b4864882397042f1a2b3e,8683a3ad55d84a78834fabe20cde5269,e2e0c8c96aff4c00896ac6986bbb20c2,b834c0b0c10b471b87ad3f11468de619,78809cb3c6b841a9b8b132133dd6bb96,361f2b7f3f044907b3a331872fb18755,724a3f6551e74ad585bdeac9a75fd639
d93d116f2e364d0c956fe7f93f434129,cd6ce920d00e4d17a6cf04f9f7e550b7,5fc200cab89346658c9c91cce27e85fe,f2cfa68a47ce4a43a0fe1cc7dc860418,0b57f893483647c3aed811775a4c4c04,2070754bb5dd4a248be9c2a6a1a9d381,076e2669c305401fb3afcfafdd6c79c7,f335a944a27a4504a82ecf70c2d4a5e4,0cdb0f32850f4585a16de4886462bbe0,403835bbf2f1447188bcc78e062b0028,d0e41bf891254ba0872f1641139f84f6
8b13db18ea734cf391e49a434b75757e,6b7b5d28293d4a5a8075f7f7dd231ddb,0cdb0f32850f4585a16de4886462bbe0,dbf0926f9f344f1d88b114660db4d2eb,2070754bb5dd4a248be9c2a6a1a9d381,2c8eafa0ff26437a862dc2224ab57073,be8953cc364d46cebbcc2c2da2c348ab,5e44915237fc4445b54b037e1c4e29a4,5fc200cab89346658c9c91cce27e85fe,eabdd2813a954f9aa01f0eb8212ee387,6bde760ad5d4485db9889b1bdc074005
89345620586f45b098d21a0c401cf8d7,cd6ce920d00e4d17a6cf04f9f7e550b7,f335a944a27a4504a82ecf70c2d4a5e4,5fc200cab89346658c9c91cce27e85fe,0cdb0f32850f4585a16de4886462bbe0,be8953cc364d46cebbcc2c2da2c348ab,eabdd2813a954f9aa01f0eb8212ee387,6bde760ad5d4485db9889b1bdc074005,f2cfa68a47ce4a43a0fe1cc7dc860418,076e2669c305401fb3afcfafdd6c79c7,403835bbf2f1447188bcc78e062b0028
8169f7fd48544fa082dae25d882a787a,6b7b5d28293d4a5a8075f7f7dd231ddb,5e44915237fc4445b54b037e1c4e29a4,2070754bb5dd4a248be9c2a6a1a9d381,2c8eafa0ff26437a862dc2224ab57073,0cdb0f32850f4585a16de4886462bbe0,eabdd2813a954f9aa01f0eb8212ee387,dbf0926f9f344f1d88b114660db4d2eb,5fc200cab89346658c9c91cce27e85fe,cd6ce920d00e4d17a6cf04f9f7e550b7,6bde760ad5d4485db9889b1bdc074005
7de9406e3c12409081f8c0ebc2127441,a35d7304347a4f81b1ccfb086956921c,0433768f874042a5b2d2e37ad9deae13,2f0401170d104b47b0a8f087f69dee88,f92d16d3a970487094292439c3e00923,59f62d35b1ad451397b700b3dad25448,a4af9472683c4df0a86f9400c99c2b61,3766b26b53874893ae48693880e1942c,b675be39e8ff421aa59811f146da945b,e7ee85dd47ca43eeb2fdcd70b802f0ec,dd77b570036f40de9fdf49011bb9e2d8
d5f199eff49445b491565e80e55f8e53,b675be39e8ff421aa59811f146da945b,f92d16d3a970487094292439c3e00923,2f0401170d104b47b0a8f087f69dee88,724a3f6551e74ad585bdeac9a75fd639,3766b26b53874893ae48693880e1942c,59f62d35b1ad451397b700b3dad25448,e7ee85dd47ca43eeb2fdcd70b802f0ec,cb550e5ff4694fe9a19eaa6588cef250,a4af9472683c4df0a86f9400c99c2b61,db69f22fe72246ea85d33991961a649a
70e5632cb4e64b128fb44a897571245c,a35d7304347a4f81b1ccfb086956921c,0433768f874042a5b2d2e37ad9deae13,2f0401170d104b47b0a8f087f69dee88,f92d16d3a970487094292439c3e00923,59f62d35b1ad451397b700b3dad25448,a4af9472683c4df0a86f9400c99c2b61,27a0d24dc1e14b28a1f18456b29c93f1,e7ee85dd47ca43eeb2fdcd70b802f0ec,b675be39e8ff421aa59811f146da945b,cb550e5ff4694fe9a19eaa6588cef250
aa61f461ceef43859129c5b33e8bd9a5,2f0401170d104b47b0a8f087f69dee88,59f62d35b1ad451397b700b3dad25448,b675be39e8ff421aa59811f146da945b,f92d16d3a970487094292439c3e00923,cb550e5ff4694fe9a19eaa6588cef250,0433768f874042a5b2d2e37ad9deae13,a35d7304347a4f81b1ccfb086956921c,e7ee85dd47ca43eeb2fdcd70b802f0ec,0eb119aabc884795a4768c6d3e677ea1,3766b26b53874893ae48693880e1942c
4095895ca5d6432d8c9ca23b6431250c,1ad0cf33e96243888d5f970195a75586,da9cfbdf124143b78bec89393dd5287a,cc243eebbb2b44a581745865a60c423a,f59a3ee5387440d981754b6595e8664c,8dfbb6a204a0441492c35baca6190969,a70909d3ce0d4235913b5ce6a138dcce,4a6eba10a02a4ecdbb6b25e8651c3789,2c65a898314b42e6b2e93dca66fd15c2,eafb3480db704d7baa8216ce857d1610,b425f33c33ad4be89a12da266d131a86
04d06c5defde4dbf85a0c11fdd459eb8,1ad0cf33e96243888d5f970195a75586,cc243eebbb2b44a581745865a60c423a,da9cfbdf124143b78bec89393dd5287a,fadf133e0e684a24ac79b5fa9515bac2,1004b33e3126472faa78e1929ed974e6,29fb30a75c57451a85f310aa6423a662,f59a3ee5387440d981754b6595e8664c,56272326c7e94e419ea8c69fb634f610,f439b5616ba24b7f82eccfa095a0eff8,2c65a898314b42e6b2e93dca66fd15c2
eef8e982ee854ffa9e9c5af62e17c155,ca1a2a6308834baba3140b5ce8f81320,c756409435634fc48c643a64e73c93ce,1004b33e3126472faa78e1929ed974e6,b9228fdb5f0c413d81cffb51829d95c6,3b7d56c26da14b3a9b1cd52b5b35891b,36ee1613abf245cdbe93fef69b5f981f,32aaca2a732f4272b237374d3cdeec90,df5ca61304074da1bec8f536ab50baf3,236c362d8b664c93b41882c119df9706,9677dd2a3aae457a8079087ce4177e14
5a7d3f99251048e2ac81d5ea8c49c767,eeb3b60f34af40de850e065b475d8180,04fa591263664fb0a6868552ebd3590b,be9e713988ba4bbba869885cad419259,8c7c9eaae41a44a3a4ebe39ce167d300,e2e0c8c96aff4c00896ac6986bbb20c2,724a3f6551e74ad585bdeac9a75fd639,db69f22fe72246ea85d33991961a649a,19098957d8c24cab95daa30c2baefd8f,b834c0b0c10b471b87ad3f11468de619,4e4495962a9b4864882397042f1a2b3e
eca00c36492249e08f99875a5e115d84,eeb3b60f34af40de850e065b475d8180,be9e713988ba4bbba869885cad419259,04fa591263664fb0a6868552ebd3590b,e2e0c8c96aff4c00896ac6986bbb20c2,724a3f6551e74ad585bdeac9a75fd639,8c7c9eaae41a44a3a4ebe39ce167d300,db69f22fe72246ea85d33991961a649a,19098957d8c24cab95daa30c2baefd8f,b834c0b0c10b471b87ad3f11468de619,1d70bc69b2f84bef9aa5fb0d9917e38d
92e3b7a540a547d8ba02bddf82f83380,1d70bc69b2f84bef9aa5fb0d9917e38d,0f52f676197e4d4e92dec0a7bc4c4f7d,2639b6540bda414f8a9baa3b5cdb612a,02a3cd76ce534d188b4d5ac4778bd652,d658e3a743af41899183fecff6b2628d,26b18153216b48d793b75598ddb54d77,4a7fa5a1bafe4b6995e2920444ac07c4,bbdf9065122d499d9d8f80ad3e0ef6f3,eeb3b60f34af40de850e065b475d8180,cdd73e0289aa4e2b87cd14e6ff5bd75e
d5bfa4fffcc249fe89deb2d4410919b6,1d70bc69b2f84bef9aa5fb0d9917e38d,26b18153216b48d793b75598ddb54d77,02a3cd76ce534d188b4d5ac4778bd652,2639b6540bda414f8a9baa3b5cdb612a,d658e3a743af41899183fecff6b2628d,0f52f676197e4d4e92dec0a7bc4c4f7d,eeb3b60f34af40de850e065b475d8180,4a7fa5a1bafe4b6995e2920444ac07c4,50a2129b83404b94889a01f4688ebafd,3d3e8565d2f84e0cad5ae622f2909765
578d9258cbf8456ba7d9f83130e02184,88353d1136d24836816b073de62e5f50,4a7fa5a1bafe4b6995e2920444ac07c4,67984873125e4a0f9562179c906d1b0f,ca544e6629b14e8fab5f7cb40d1ac88e,7e17bbd109dc486c8f0a76f913782180,26b18153216b48d793b75598ddb54d77,b4dadb3ea3a04cc3932094471debce13,65e52d14d4d64d4fbad3de6ad319e745,7879fa4d4db046a2a8d195311b6e5789,7bbe3c76bcc04d73969f920d43fcc67d
281e458eef7b4d77b67d424744237fbc,88353d1136d24836816b073de62e5f50,4a7fa5a1bafe4b6995e2920444ac07c4,7e17bbd109dc486c8f0a76f913782180,b4dadb3ea3a04cc3932094471debce13,67984873125e4a0f9562179c906d1b0f,ca544e6629b14e8fab5f7cb40d1ac88e,65e52d14d4d64d4fbad3de6ad319e745,7879fa4d4db046a2a8d195311b6e5789,7bbe3c76bcc04d73969f920d43fcc67d,26b18153216b48d793b75598ddb54d77
7f6fdd98bfc5410fb6c4afa8786e0b48,452d645d5bf4485185e996dcec9523e5,06a5f0cec6ce4170a02dad0ad4c55b1c,910827a15eac4e4b9005d8e46ad71f6e,655a618282cd4fa39a26f0967c033f4b,07958f43551e459eb30638b632e3cd64,60e87368fe334a92b57088b03cccbfc1,01ffceddb5b34406a08bb982b424b3cf,2b3ecf8be2b242f3b8a1e714390749fb,f65c7f50929f431dbf31b441d87616d0,e7aaa514f6f64a258a640ea341aa1a18
cb84a0b8bd52401daa4762d7975d4fc7,655a618282cd4fa39a26f0967c033f4b,60e87368fe334a92b57088b03cccbfc1,452d645d5bf4485185e996dcec9523e5,b98519f97e424c1389f5553f0869b15a,41047823f2cb4194ba1e0709443c719a,250d411ae270441085be3501b7b55d86,2c3599a1611644f4908562f8fb8870d3,b8da01ceddcb45a491a288ddbc658e90,b40d3c588ad647ff85e397a6bc5f9d8b,a865b8d581b44104afe7c8508e3486f5
05021100f4bb4885a338db368a83cc95,06a5f0cec6ce4170a02dad0ad4c55b1c,452d645d5bf4485185e996dcec9523e5,910827a15eac4e4b9005d8e46ad71f6e,655a618282cd4fa39a26f0967c033f4b,60e87368fe334a92b57088b03cccbfc1,1419b2c686f44896a0ae2a43e93b5402,07958f43551e459eb30638b632e3cd64,59f62d35b1ad451397b700b3dad25448,097f2ce3b88c4d008488b9908076497e,d2bcc978e7aa49908919d9fc40138b27
f7ad8b57414846b993e2ca44f3962ff1,06a5f0cec6ce4170a02dad0ad4c55b1c,452d645d5bf4485185e996dcec9523e5,60e87368fe334a92b57088b03cccbfc1,655a618282cd4fa39a26f0967c033f4b,9dd98c9126c44642a20711729f2e731e,e4fcd30261804b089efa940359057ba2,07958f43551e459eb30638b632e3cd64,2b3ecf8be2b242f3b8a1e714390749fb,ed4449952a9e45339b76fc5f123cb917,8a464aa9e2ee45d0abc7ae6181cd1bda
750cd38aa39e4281ad616eddc8f5a983,48c31b1e2ce94de8968fab433813fa91,ad054da7e1704a53931a341173f0605f,c235728f290a44d6a5fc2e14111ae02e,f1eecad10a61421eb16b1be7435d9c19,a9d82bb43410405ca21b44a5e82e22b6,dd9e8283197b473d8ffd502561bdaaec,189a3b686ad14c24b5e1a495f76dd239,e86a0aae846a4e44bf967ab4972c977c,04537eabb0434eb2804d1220770b85a0,bcfa4a4177d44d8b8cda17b7a23196b0
c81df43d512e4bcb85b00b5f6763f6cc,c235728f290a44d6a5fc2e14111ae02e,48c31b1e2ce94de8968fab433813fa91,f1eecad10a61421eb16b1be7435d9c19,ad054da7e1704a53931a341173f0605f,afaf2edba0ee4d58860a5a04e4aabc5c,e86a0aae846a4e44bf967ab4972c977c,1578afd6ce694d46ab6e24f965f51fd6,44156e6482884acaaee1938e04d8b6ff,04537eabb0434eb2804d1220770b85a0,dd9e8283197b473d8ffd502561bdaaec
a282371ee5c74dd98f0cada75271b7a7,48c31b1e2ce94de8968fab433813fa91,ad054da7e1704a53931a341173f0605f,c235728f290a44d6a5fc2e14111ae02e,f1eecad10a61421eb16b1be7435d9c19,a9d82bb43410405ca21b44a5e82e22b6,dd9e8283197b473d8ffd502561bdaaec,99830b8da7c24f909914f7bb167f3ea6,0e8487b2e6a2439b9e6623a1e2e5e19d,04537eabb0434eb2804d1220770b85a0,1578afd6ce694d46ab6e24f965f51fd6
0dedf21ad5ea4607b710bc0cccbcc7b9,c235728f290a44d6a5fc2e14111ae02e,48c31b1e2ce94de8968fab433813fa91,f1eecad10a61421eb16b1be7435d9c19,ad054da7e1704a53931a341173f0605f,afaf2edba0ee4d58860a5a04e4aabc5c,e86a0aae846a4e44bf967ab4972c977c,999a2b52a5004ee984e587d5a1327b23,b3209c60460a437294e2b30a9e9d3f53,44156e6482884acaaee1938e04d8b6ff,04537eabb0434eb2804d1220770b85a0
aebc45203e45452db8eee17826ef2c46,e22e1ad3c1fc4493bcb7c9b923566ff7,8228c9eb29a542ba98c8b9b854eadaa4,6c6de17135be4f8c9423be633eaefcd4,e4ee90d625d44a6d9adc138390eef0f8,91f9f8576e5142a49926bd623b0bc19c,2939ef012c5c4a1b94b49df9469dfb3c,7d3d751215194e649a03457226f599d7,b44645c11ece4326a45f50fdc5d45dcf,632cc2bc04034dd4848855fe6497262d,99830b8da7c24f909914f7bb167f3ea6
3e10372aff9641bb88682abca29e907e,8228c9eb29a542ba98c8b9b854eadaa4,7e8a4a43e2f84dbb88e41cb24b3fe79f,e4ee90d625d44a6d9adc138390eef0f8,e22e1ad3c1fc4493bcb7c9b923566ff7,bc607fd6000b43108e49b3d05688fe90,04537eabb0434eb2804d1220770b85a0,e834bfbd30b247e899f0dc029ab9f072,21019944fc2c4838a682a6dcdc62c4ef,d53fa54d5536463ab0d87648dfc5fd78,563043f180e54e238ad4876974e5db4c
9dce4a0759174753b62b3cb51b8fb679,d2a03ea4b2d3439ca3dc6fe056ab0f04,b0236c76ae244fd8aacbea7da10e55ca,009be1c3430743ff9b054bdfcd6228d6,1c2b01416e3943e3b3c575e53c3f1d16,673aee19895b4d339ada93213d8874ac,7584980704ae4617bb27ca162cc9c5db,66cba49431224a3788f914d6a80165e1,baad022010b44fad8d8410869d909fd1,b64cef9df31c4e92a7b7ecd42f74f396,7f0b453cc8c14156802497f5cbae9d62
5596e047713c4a59b1e70561fa034e37,b0236c76ae244fd8aacbea7da10e55ca,d2a03ea4b2d3439ca3dc6fe056ab0f04,b64cef9df31c4e92a7b7ecd42f74f396,baad022010b44fad8d8410869d909fd1,1c2b01416e3943e3b3c575e53c3f1d16,673aee19895b4d339ada93213d8874ac,ef511457ee7c490c8e10eccf6e18fef6,b4dadb3ea3a04cc3932094471debce13,009be1c3430743ff9b054bdfcd6228d6,1ade4365590a4ac7865100d8c791e340
6c348ea51c8b4750b956383a3b9a84c5,d2a03ea4b2d3439ca3dc6fe056ab0f04,b0236c76ae244fd8aacbea7da10e55ca,009be1c3430743ff9b054bdfcd6228d6,1c2b01416e3943e3b3c575e53c3f1d16,673aee19895b4d339ada93213d8874ac,7f0b453cc8c14156802497f5cbae9d62,baad022010b44fad8d8410869d909fd1,b64cef9df31c4e92a7b7ecd42f74f396,7584980704ae4617bb27ca162cc9c5db,b4dadb3ea3a04cc3932094471debce13
c56449c78d8549cd9d227e4693e51c7e,b0236c76ae244fd8aacbea7da10e55ca,d2a03ea4b2d3439ca3dc6fe056ab0f04,1c2b01416e3943e3b3c575e53c3f1d16,b64cef9df31c4e92a7b7ecd42f74f396,ef511457ee7c490c8e10eccf6e18fef6,009be1c3430743ff9b054bdfcd6228d6,baad022010b44fad8d8410869d909fd1,b4dadb3ea3a04cc3932094471debce13,673aee19895b4d339ada93213d8874ac,14f4db886cca4104877ac7d1d7a64133
8a4a2cf4736e43f8b21f72daeffc76ee,29fb30a75c57451a85f310aa6423a662,1232f20e710b448e8c0538b9e84dab1c,73f684f538ea452cbb4fbecc2e8126a4,1ad0cf33e96243888d5f970195a75586,da9cfbdf124143b78bec89393dd5287a,3356a8a8c6ee4f30bc2b028e360d4471,3e4a54908dde405294869e30a92a7623,fadf133e0e684a24ac79b5fa9515bac2,25109e3a7df549e5b380aae716d71366,7d6122daabe442ffb5e57ece1882e714
f6bdc5e4c3894a41897ace2fe9061a90,73f684f538ea452cbb4fbecc2e8126a4,1ad0cf33e96243888d5f970195a75586,9948a890ef25479e834f70944cb42eae,da9cfbdf124143b78bec89393dd5287a,29fb30a75c57451a85f310aa6423a662,b425f33c33ad4be89a12da266d131a86,a865b8d581b44104afe7c8508e3486f5,1a0ac2d40cb04ca993e1db68d787728a,a70909d3ce0d4235913b5ce6a138dcce,5f481b07f9734f518a14853831233b78
bf133adcf34f4470ae9ab34f8bcac84b,29fb30a75c57451a85f310aa6423a662,1232f20e710b448e8c0538b9e84dab1c,73f684f538ea452cbb4fbecc2e8126a4,1ad0cf33e96243888d5f970195a75586,3356a8a8c6ee4f30bc2b028e360d4471,da9cfbdf124143b78bec89393dd5287a,4a3d4daed4b24a1898551f0fd1ba44f1,fadf133e0e684a24ac79b5fa9515bac2,e8c8742459dc48a49080bf0e5b3fdee0,70558882c04e46bd99d15e9786468418
198ce01eda8e4bc0b31c457e65ddc39b,73f684f538ea452cbb4fbecc2e8126a4,9948a890ef25479e834f70944cb42eae,29fb30a75c57451a85f310aa6423a662,da9cfbdf124143b78bec89393dd5287a,1a0ac2d40cb04ca993e1db68d787728a,b425f33c33ad4be89a12da266d131a86,a70909d3ce0d4235913b5ce6a138dcce,1ad0cf33e96243888d5f970195a75586,a865b8d581b44104afe7c8508e3486f5,b69c17a10a55494d8caa56c33e8f4a56
442c28225ce642b182163c39ab4c776b,31f80e4c87164e2893375ec7e73b372e,b85d652ba8d244f8ab9e941966094f28,4d0a737f396d4a95808085bd1306746c,59e4dcf2794943b18fb902a6eb475ff8,f9fe93fae6084350b81964d354e2130f,07958f43551e459eb30638b632e3cd64,051d304b7139431fb3bff19b4e75aff7,8dfe01febd46475ab5aef97033716ce1,599feb1e512c43ad8c0a1845922acf78,291130c42a884be2800e026bab5ddf53
bc44523c44214d88ac687d8e05a28a8a,31f80e4c87164e2893375ec7e73b372e,b85d652ba8d244f8ab9e941966094f28,4d0a737f396d4a95808085bd1306746c,8dfe01febd46475ab5aef97033716ce1,2c3599a1611644f4908562f8fb8870d3,07958f43551e459eb30638b632e3cd64,9daaefe080b34656a0c7a54d2d6a1713,599feb1e512c43ad8c0a1845922acf78,60e87368fe334a92b57088b03cccbfc1,ed4449952a9e45339b76fc5f123cb917
e41cc56f88244ce7a26e583bd54f506f,b85d652ba8d244f8ab9e941966094f28,31f80e4c87164e2893375ec7e73b372e,8dfe01febd46475ab5aef97033716ce1,59e4dcf2794943b18fb902a6eb475ff8,7584980704ae4617bb27ca162cc9c5db,03df72bcf3504272a27f4bbaea89118a,664da77d25e74df693eaad44a5e7617f,051d304b7139431fb3bff19b4e75aff7,41e657daa20545a588584578bdb4101c,fc70a4c2c4834e0eba1a14470f563b03
b6cd550fbc9a48008039483d12ad44eb,b85d652ba8d244f8ab9e941966094f28,a055f8188384479a8bad418f7dffd9a5,4385ac4645b34f3c8a44c4676ebcd8be,761a3a01495143f0a86beac4234cae3a,4d5cbe57c3094d01843e4f950a280b50,ee337b5c1ef3431e9c120250bfec4cac,31f80e4c87164e2893375ec7e73b372e,da14e9dc2c3d4963b725de8102de5028,4c8476482736459881e2a3b0509ee103,cc243eebbb2b44a581745865a60c423a
d425f86b0d264c76a6ff6edbbb718fd8,f7f600880b064920ab59b907d26aedc6,37ae696e40dd42ebb4738722daa3c523,597aab8bb15240f89fd1b24a8e38258d,acbf8eae7e064c11bab7adf66f216990,009be1c3430743ff9b054bdfcd6228d6,1a842f077119475794cc2de48e154374,7326afe68eb64b63993b3dae022c645d,f464960d2dbc43c0970c60600bd7f1cd,0b57f893483647c3aed811775a4c4c04,f2cfa68a47ce4a43a0fe1cc7dc860418
a0ef1a7a1e304bfe91a8c12abf972c6c,d9096650c434432c871effeca9acd5c6,a055f8188384479a8bad418f7dffd9a5,da14e9dc2c3d4963b725de8102de5028,ba8d0208e32e42969bd4349cf24f6ed1,f8e7f9688fd546829da579434180ffee,0b57f893483647c3aed811775a4c4c04,15b7b988bba143989cfd98d5c6c4d203,f2cfa68a47ce4a43a0fe1cc7dc860418,d0e41bf891254ba0872f1641139f84f6,ca5add3cbf044a95a5bec88a5841ce98
d8ec79e0dcba49fcaa2e32c4a56d98fe,7f23e27e5652406784fdc2dea3918125,e0ff5d4ae0ec4871a49041d550cdcaa9,b0d2e6c4b2384950b3696c4414870282,b69c17a10a55494d8caa56c33e8f4a56,ee7c00877ae64dac87123a3d75251530,5605fa1188974644937bbf92fec50e21,cc243eebbb2b44a581745865a60c423a,033f1514c78b49dd82148b94f6bcbeba,f69dcaceb6074ddebfe1dc7e5978fcff,c78547bdc2e64ac8935559f7de2efd41
88e851f978154b16a0a01f8df5255703,b69c17a10a55494d8caa56c33e8f4a56,174581fc299840e18e827432c0cce4dc,0d0973762130427eaa2ce9a7a34517db,6dc5832f0ac04df2bd99c6415b3ecf09,0592b57e490d4206a3f12eb004a0afe0,c78547bdc2e64ac8935559f7de2efd41,5605fa1188974644937bbf92fec50e21,eb21a4e2b7bd43efbdf0c365415e7fef,c2b49382e2f34b1c90013236a5fbaef0,d7c9dafddaf547159d366dacf7b68a7e
3ad82a6c3cc7421199dabde4d1c630d1,0d0973762130427eaa2ce9a7a34517db,e43d8e7bc32f406b9a692e2604f5b45a,c78547bdc2e64ac8935559f7de2efd41,2939ef012c5c4a1b94b49df9469dfb3c,e22e1ad3c1fc4493bcb7c9b923566ff7,d2bcc978e7aa49908919d9fc40138b27,b69c17a10a55494d8caa56c33e8f4a56,5b588e34588940788a22036b775ecc2f,7f23e27e5652406784fdc2dea3918125,200f7fc78e4c403982f61b2894e50bad
957fd0aaa98b49cd8b0aeeeff8fe554a,7f23e27e5652406784fdc2dea3918125,e0ff5d4ae0ec4871a49041d550cdcaa9,ee7c00877ae64dac87123a3d75251530,b0d2e6c4b2384950b3696c4414870282,033f1514c78b49dd82148b94f6bcbeba,8a9dc60359ba49cd8ac170cfb4ac3913,5605fa1188974644937bbf92fec50e21,b69c17a10a55494d8caa56c33e8f4a56,f69dcaceb6074ddebfe1dc7e5978fcff,cb75c6ef71cb4991805920f2894e0e96
3ae64cd8d99e463d84ad390f0770863a,8dfbb6a204a0441492c35baca6190969,f439b5616ba24b7f82eccfa095a0eff8,cc243eebbb2b44a581745865a60c423a,32aaca2a732f4272b237374d3cdeec90,75efe5ddef364f49865d9bb283492b48,df7ea50171af48df81584ab7e8107d15,b77d8b7bb0114c379139d280a9210e83,1ad0cf33e96243888d5f970195a75586,ef60b54aa4b5490890da32d0bb8c9cbf,2ece45504eff42469c104dc2a2d03caf
83caabc655aa413fa28ce75908fc82c3,8dfbb6a204a0441492c35baca6190969,32aaca2a732f4272b237374d3cdeec90,b77d8b7bb0114c379139d280a9210e83,57430214baf045cb92fa3b3b70a4ca3f,af532d6e5090478ba520505d5f9107f2,7f0a68d19d2e4850846ffc08c47ed87d,cc243eebbb2b44a581745865a60c423a,1b827db6f6cf4ecb850928c2f9e41de2,31a2675a2e944a1ab3b810cfb92ebd34,f439b5616ba24b7f82eccfa095a0eff8
b2a8b82d886042029e4d7b75f606d3f7,57430214baf045cb92fa3b3b70a4ca3f,55c0b899937042c98162389b209aca7f,af532d6e5090478ba520505d5f9107f2,df7ea50171af48df81584ab7e8107d15,b33a0f5b564a4942b04046ab7a8e2aae,9094e936e13641cc9bfcc7dc1408d86e,8dfbb6a204a0441492c35baca6190969,fb8c2b83e46441c2aaa7c81d3642e2da,6f57d1175ad243edada61643d01fcd54,250d411ae270441085be3501b7b55d86
5ed3368f73bb44e6b4ad520a68661e92,57430214baf045cb92fa3b3b70a4ca3f,df7ea50171af48df81584ab7e8107d15,af532d6e5090478ba520505d5f9107f2,55c0b899937042c98162389b209aca7f,fb8c2b83e46441c2aaa7c81d3642e2da,250d411ae270441085be3501b7b55d86,75efe5ddef364f49865d9bb283492b48,b33a0f5b564a4942b04046ab7a8e2aae,8dfbb6a204a0441492c35baca6190969,9094e936e13641cc9bfcc7dc1408d86e
55b8c9724a3a454c9e37de654b24d293,4926607aafe749538c930e108275547e,66690895454847fea5a000202fbfab2e,796eade2ee4f466781d9f6669db43e48,04537eabb0434eb2804d1220770b85a0,5f481b07f9734f518a14853831233b78,7960902edf4b47d686f704441aa56b0e,f1eecad10a61421eb16b1be7435d9c19,35d06fce2df446569702778e2250bd82,ad054da7e1704a53931a341173f0605f,a9d82bb43410405ca21b44a5e82e22b6
515bbdb925064e5080053f5a3bfa72c2,f5b766ea6abe4b5fb27d49cc3bc06020,42b6af4853fc465f83ec054f8f8289a4,67dd23cfd20f46dc82acc82c108a1dc6,7862a63720b34104abf5bfa44bc8178d,98b2022b2cb84af09ee8b789db928b13,3c0f3b44c0844df49b5898406fe9195a,016e634d566b49c199d07357aae9bf33,e343a998f4df4ac195c84e0fb571a393,36ac84a73ad34261ad45cf569edb60af,baf841bad27c456c9de7227555ea3ef8
bd68648028064b068d1c788b7b8b35cf,4926607aafe749538c930e108275547e,43464ed6733f4642a0b90e7d995a5e40,66690895454847fea5a000202fbfab2e,a9d82bb43410405ca21b44a5e82e22b6,796eade2ee4f466781d9f6669db43e48,04537eabb0434eb2804d1220770b85a0,48c31b1e2ce94de8968fab433813fa91,3356a8a8c6ee4f30bc2b028e360d4471,35d06fce2df446569702778e2250bd82,c84deec0ecf843c39f52d4cb8e7300f8
191675e5da5649c9ad0e649fba7469fd,f5b766ea6abe4b5fb27d49cc3bc06020,42b6af4853fc465f83ec054f8f8289a4,7862a63720b34104abf5bfa44bc8178d,67dd23cfd20f46dc82acc82c108a1dc6,98b2022b2cb84af09ee8b789db928b13,3c0f3b44c0844df49b5898406fe9195a,64fc9fe3c8d5424ebc005e5cf4a608db,ca0fe2dd97434e2ca7aecc38d4f1fcd9,b3a022950e444682a113cec5a0537f6a,796eade2ee4f466781d9f6669db43e48
917a01f6ae4049189b017ae05f4e8282,ef60b54aa4b5490890da32d0bb8c9cbf,4a3d4daed4b24a1898551f0fd1ba44f1,c756409435634fc48c643a64e73c93ce,7f0a68d19d2e4850846ffc08c47ed87d,5a6f4a2f7f6a4b1fa146493472e6d721,c3a741d302d94ee294bb6e4090fd2da9,55c0b899937042c98162389b209aca7f,75efe5ddef364f49865d9bb283492b48,f439b5616ba24b7f82eccfa095a0eff8,32aaca2a732f4272b237374d3cdeec90
8099552462944c5483e6c7e77019cd09,ef60b54aa4b5490890da32d0bb8c9cbf,c3a741d302d94ee294bb6e4090fd2da9,32aaca2a732f4272b237374d3cdeec90,4a3d4daed4b24a1898551f0fd1ba44f1,75efe5ddef364f49865d9bb283492b48,7f0a68d19d2e4850846ffc08c47ed87d,c756409435634fc48c643a64e73c93ce,55c0b899937042c98162389b209aca7f,d0b6e9c1cc5341faba9e03c17767bc2e,df7ea50171af48df81584ab7e8107d15
a9a932d9787f4b1c9d13926b41d68e8e,b585a2970e9f421da236241f603883f2,c3a741d302d94ee294bb6e4090fd2da9,2471f23cb9b64d35a72deed09c9c8975,f91157bb8fca4a8e98db33591a76be9a,44f41e6e6faa4facb0bb9a72205229f8,39e2b00e1cbd471488cf56f31d2cec7f,19098957d8c24cab95daa30c2baefd8f,65e30dd62cfa4dccb9ea4d908a9d6fab,0daf8d5687b54d158f7f752884c42334,84ff5144597241bba5cbd3d0b21d220d
69a7253a5317474a980b4e9538e2df59,cae139b6e4914ce7b0ef1e68b8b857eb,64e74af099b0485f8b6e71ac73aa2cb8,1232f20e710b448e8c0538b9e84dab1c,3138244ae91040948d5bd6772e4075ea,8c674a7b65e24114a45dd3c861a7ccfc,eb21a4e2b7bd43efbdf0c365415e7fef,1f3cf50fe1f947d8a56e02ebca441c4c,70558882c04e46bd99d15e9786468418,5a6f4a2f7f6a4b1fa146493472e6d721,b3209c60460a437294e2b30a9e9d3f53
54e1f0b191a74c1fbe587bd189dbefde,1232f20e710b448e8c0538b9e84dab1c,eb21a4e2b7bd43efbdf0c365415e7fef,cae139b6e4914ce7b0ef1e68b8b857eb,b23a9c50eada4286a4f7ce8668b92db1,25109e3a7df549e5b380aae716d71366,5f481b07f9734f518a14853831233b78,f1eecad10a61421eb16b1be7435d9c19,bcfa4a4177d44d8b8cda17b7a23196b0,29fb30a75c57451a85f310aa6423a662,c1def54262224e23acf67a9870725ce5
eab46b3eacfd4c65a5d3acea93bcd635,cae139b6e4914ce7b0ef1e68b8b857eb,64e74af099b0485f8b6e71ac73aa2cb8,1232f20e710b448e8c0538b9e84dab1c,8c674a7b65e24114a45dd3c861a7ccfc,3138244ae91040948d5bd6772e4075ea,eb21a4e2b7bd43efbdf0c365415e7fef,70558882c04e46bd99d15e9786468418,1f3cf50fe1f947d8a56e02ebca441c4c,41047823f2cb4194ba1e0709443c719a,25109e3a7df549e5b380aae716d71366
77ba7373423f4871aa84b0e9e90558da,1232f20e710b448e8c0538b9e84dab1c,f1eecad10a61421eb16b1be7435d9c19,cae139b6e4914ce7b0ef1e68b8b857eb,5f481b07f9734f518a14853831233b78,b23a9c50eada4286a4f7ce8668b92db1,eb21a4e2b7bd43efbdf0c365415e7fef,25109e3a7df549e5b380aae716d71366,3f1c2bb09c4e4400b6ba19542fafce18,b3209c60460a437294e2b30a9e9d3f53,bcfa4a4177d44d8b8cda17b7a23196b0
ada711f5328244f298daf7e98150c7b2,ffe2740eee8c49b39b2ce41f9983bcb4,98b2022b2cb84af09ee8b789db928b13,66690895454847fea5a000202fbfab2e,99ba4cc9355f4d79a68bc69ac12a716f,bf789f42ccfc42c5a330a3f6e30ddb83,2b039224b54142d185a406b31fe01de2,37ae696e40dd42ebb4738722daa3c523,0cc5015848a044b59fa4b290813f859c,c4b9d7a8d5d342459d2282589b3af293,e1c63000ace94c1d9381d82389fe6afd
b59f7290ee4240fba85223d721d2aefe,ffe2740eee8c49b39b2ce41f9983bcb4,99ba4cc9355f4d79a68bc69ac12a716f,98b2022b2cb84af09ee8b789db928b13,66690895454847fea5a000202fbfab2e,2b039224b54142d185a406b31fe01de2,bf789f42ccfc42c5a330a3f6e30ddb83,9aca522158f443fd8a9caaec38ae5e2c,e1c63000ace94c1d9381d82389fe6afd,eff24b01b2f5428baa4c3fef6cb40d41,37ae696e40dd42ebb4738722daa3c523
d8235671d5bc44ea9bb7b027f4c3bb3e,77ce0587a12b46bab8814225ba86753e,71c1a8479b194efca65b44fb7f327afb,f92d16d3a970487094292439c3e00923,70aa10580bfe4069bdaa5721ae2d29db,097f2ce3b88c4d008488b9908076497e,452d645d5bf4485185e996dcec9523e5,595e438d2b394bb3a3259f47efd37ae8,60e87368fe334a92b57088b03cccbfc1,a4af9472683c4df0a86f9400c99c2b61,b675be39e8ff421aa59811f146da945b
518f59c8010c4dd48362de2cb03f5167,77ce0587a12b46bab8814225ba86753e,71c1a8479b194efca65b44fb7f327afb,f92d16d3a970487094292439c3e00923,097f2ce3b88c4d008488b9908076497e,70aa10580bfe4069bdaa5721ae2d29db,60e87368fe334a92b57088b03cccbfc1,2f0401170d104b47b0a8f087f69dee88,3766b26b53874893ae48693880e1942c,e7ee85dd47ca43eeb2fdcd70b802f0ec,b675be39e8ff421aa59811f146da945b
c313a0d413ec48a6a2cbd1df9d98d820,71c1a8479b194efca65b44fb7f327afb,77ce0587a12b46bab8814225ba86753e,097f2ce3b88c4d008488b9908076497e,f92d16d3a970487094292439c3e00923,0433768f874042a5b2d2e37ad9deae13,8683a3ad55d84a78834fabe20cde5269,70aa10580bfe4069bdaa5721ae2d29db,3766b26b53874893ae48693880e1942c,b834c0b0c10b471b87ad3f11468de619,2f0401170d104b47b0a8f087f69dee88
83661848dd63461885371664f7c4bc51,71c1a8479b194efca65b44fb7f327afb,77ce0587a12b46bab8814225ba86753e,097f2ce3b88c4d008488b9908076497e,8683a3ad55d84a78834fabe20cde5269,f92d16d3a970487094292439c3e00923,70aa10580bfe4069bdaa5721ae2d29db,0433768f874042a5b2d2e37ad9deae13,452d645d5bf4485185e996dcec9523e5,a865b8d581b44104afe7c8508e3486f5,595e438d2b394bb3a3259f47efd37ae8
0b47b27e631a492c8956eba727078681,3e59b61eb70146308db2308b988b54cf,ef511457ee7c490c8e10eccf6e18fef6,98fbdf945d0c4206a48a4f7260e56017,14f4db886cca4104877ac7d1d7a64133,4a7fa5a1bafe4b6995e2920444ac07c4,0eb119aabc884795a4768c6d3e677ea1,b4dadb3ea3a04cc3932094471debce13,b702b2b61ce048c6bf5af3c4dca18b1a,7bbe3c76bcc04d73969f920d43fcc67d,4c36aafaf38f4e9e9e09991737196fe1
d0e0af0e83ea4c3b855152177e8295c4,a4af9472683c4df0a86f9400c99c2b61,98fbdf945d0c4206a48a4f7260e56017,2f0401170d104b47b0a8f087f69dee88,f92d16d3a970487094292439c3e00923,a35d7304347a4f81b1ccfb086956921c,27a0d24dc1e14b28a1f18456b29c93f1,3766b26b53874893ae48693880e1942c,19098957d8c24cab95daa30c2baefd8f,b675be39e8ff421aa59811f146da945b,0eb119aabc884795a4768c6d3e677ea1
3c7adf3c0f6a48ddae27f1be8bf94c98,98fbdf945d0c4206a48a4f7260e56017,a4af9472683c4df0a86f9400c99c2b61,0eb119aabc884795a4768c6d3e677ea1,4c36aafaf38f4e9e9e09991737196fe1,3766b26b53874893ae48693880e1942c,3e59b61eb70146308db2308b988b54cf,bfd1d441da734aad88cfacdab3ee4059,ef511457ee7c490c8e10eccf6e18fef6,b4dadb3ea3a04cc3932094471debce13,db69f22fe72246ea85d33991961a649a
9ece5d7b95974244a7560e0a5516708d,3e59b61eb70146308db2308b988b54cf,7879fa4d4db046a2a8d195311b6e5789,ef511457ee7c490c8e10eccf6e18fef6,e6afe89ff7bc491193141c057083d8a8,1ade4365590a4ac7865100d8c791e340,b01fd4d037a84a7aa777e1fc345c73c5,04d24d1cf42b4f7787d8d300cbad6d50,98fbdf945d0c4206a48a4f7260e56017,94ed54abfdc74b04b0dcb19c278e66f4,bfd1d441da734aad88cfacdab3ee4059
6b69e25d73f148c98af914e308e2396e,3e59b61eb70146308db2308b988b54cf,ef511457ee7c490c8e10eccf6e18fef6,4a7fa5a1bafe4b6995e2920444ac07c4,4c36aafaf38f4e9e9e09991737196fe1,98fbdf945d0c4206a48a4f7260e56017,14f4db886cca4104877ac7d1d7a64133,0eb119aabc884795a4768c6d3e677ea1,b4dadb3ea3a04cc3932094471debce13,7bbe3c76bcc04d73969f920d43fcc67d,cdd73e0289aa4e2b87cd14e6ff5bd75e
f443d2b48e9f48748ed811a3ffbfeeb0,5e44915237fc4445b54b037e1c4e29a4,7584980704ae4617bb27ca162cc9c5db,be8953cc364d46cebbcc2c2da2c348ab,4e22dc65beb7450b9260cf27e50919e4,2c8eafa0ff26437a862dc2224ab57073,e06d08ff594a4acbac12edf579743fcf,403835bbf2f1447188bcc78e062b0028,dbf0926f9f344f1d88b114660db4d2eb,4d0a737f396d4a95808085bd1306746c,5fc200cab89346658c9c91cce27e85fe
ca49f30627f348ebb9db4ee0577e1d96,4e22dc65beb7450b9260cf27e50919e4,0cdb0f32850f4585a16de4886462bbe0,f335a944a27a4504a82ecf70c2d4a5e4,5fc200cab89346658c9c91cce27e85fe,be8953cc364d46cebbcc2c2da2c348ab,7584980704ae4617bb27ca162cc9c5db,eabdd2813a954f9aa01f0eb8212ee387,7e190e3c05d74e6b9f103e39142c1684,2c8eafa0ff26437a862dc2224ab57073,5e44915237fc4445b54b037e1c4e29a4
3edc2638f7bf459c90061b70e170d78e,4e22dc65beb7450b9260cf27e50919e4,0cdb0f32850f4585a16de4886462bbe0,f335a944a27a4504a82ecf70c2d4a5e4,7584980704ae4617bb27ca162cc9c5db,5fc200cab89346658c9c91cce27e85fe,7e190e3c05d74e6b9f103e39142c1684,4c67cc7a1ccc496db132636e3f4853a2,4d0a737f396d4a95808085bd1306746c,be8953cc364d46cebbcc2c2da2c348ab,eabdd2813a954f9aa01f0eb8212ee387
4241e3037cc4416b9760a32dc49b4d49,5e44915237fc4445b54b037e1c4e29a4,7584980704ae4617bb27ca162cc9c5db,be8953cc364d46cebbcc2c2da2c348ab,5fc200cab89346658c9c91cce27e85fe,2c8eafa0ff26437a862dc2224ab57073,d0e41bf891254ba0872f1641139f84f6,403835bbf2f1447188bcc78e062b0028,4d0a737f396d4a95808085bd1306746c,6b7b5d28293d4a5a8075f7f7dd231ddb,eabdd2813a954f9aa01f0eb8212ee387
2c1eb27749b548ee9cc13137105c60f9,21019944fc2c4838a682a6dcdc62c4ef,e4ee90d625d44a6d9adc138390eef0f8,8228c9eb29a542ba98c8b9b854eadaa4,189a3b686ad14c24b5e1a495f76dd239,4152360a4bea4cbbbfbe45ff3bf7f62b,7d6cdff8c9ac434196df803628fe9f62,7e8a4a43e2f84dbb88e41cb24b3fe79f,bc607fd6000b43108e49b3d05688fe90,7f23e27e5652406784fdc2dea3918125,78d0265d47df4f4cb7153da919763730
879584d5b62041dfb4cfbb779df86357,e4ee90d625d44a6d9adc138390eef0f8,e22e1ad3c1fc4493bcb7c9b923566ff7,21019944fc2c4838a682a6dcdc62c4ef,b44645c11ece4326a45f50fdc5d45dcf,570f08ce2a1a47978eab16bf7ad16a68,8228c9eb29a542ba98c8b9b854eadaa4,bdb0d45caa2a4943959f8f501e51132b,e43d8e7bc32f406b9a692e2604f5b45a,b626eb67c2e14afeae2846bb150976f3,563043f180e54e238ad4876974e5db4c
f21b02728ff6484fb3fd4a60399ab492,e4ee90d625d44a6d9adc138390eef0f8,e22e1ad3c1fc4493bcb7c9b923566ff7,21019944fc2c4838a682a6dcdc62c4ef,8228c9eb29a542ba98c8b9b854eadaa4,570f08ce2a1a47978eab16bf7ad16a68,e43d8e7bc32f406b9a692e2604f5b45a,de72d25d08da4b03ac6f6411ce30e07c,b44645c11ece4326a45f50fdc5d45dcf,6252aa87531748e5bac5f6c65fc87e14,bdb0d45caa2a4943959f8f501e51132b
d8456095cf7c4204a086a014ff2b3c14,21019944fc2c4838a682a6dcdc62c4ef,e4ee90d625d44a6d9adc138390eef0f8,8228c9eb29a542ba98c8b9b854eadaa4,563043f180e54e238ad4876974e5db4c,7e8a4a43e2f84dbb88e41cb24b3fe79f,e22e1ad3c1fc4493bcb7c9b923566ff7,189a3b686ad14c24b5e1a495f76dd239,4152360a4bea4cbbbfbe45ff3bf7f62b,7d6cdff8c9ac434196df803628fe9f62,bc607fd6000b43108e49b3d05688fe90
3afae5ea042d4934b4e05a905c277730,1c6bbf19b3d2498696a5baf0f53a0f18,b2b22c673e554db39c8acdbe42687a6d,116f6c1f0cb54312986a0a729508a33e,8ad1f345ca194b29bde0a924f27b2de5,4230775a9d51448396cacb9061f0e5f9,a297e08effdf4a69a6c4d79a34a0c6ad,5e199f7727cc4910ad88dbd81ed1ec82,fe363cef357840fcb35f320fe7c27e4e,a8904adcdd21495f890bc614bfdbf86f,bb6ecabbce1b43d997d00d7acdc95193
c6c6941b06454b858b384b129f635fbc,b2b22c673e554db39c8acdbe42687a6d,1c6bbf19b3d2498696a5baf0f53a0f18,5e199f7727cc4910ad88dbd81ed1ec82,93bf0b86be094f68a9d308ca5ecfb4e3,a297e08effdf4a69a6c4d79a34a0c6ad,116f6c1f0cb54312986a0a729508a33e,4230775a9d51448396cacb9061f0e5f9,8ad1f345ca194b29bde0a924f27b2de5,fe363cef357840fcb35f320fe7c27e4e,a8904adcdd21495f890bc614bfdbf86f
164fd25714484642abf3c2f90a97a8fd,8a9dc60359ba49cd8ac170cfb4ac3913,f0084465b2e646c9a53d9dc766067d9b,b0d2e6c4b2384950b3696c4414870282,d65e3a3657ae455e954b6d7221afc84c,2c3599a1611644f4908562f8fb8870d3,e0ff5d4ae0ec4871a49041d550cdcaa9,033f1514c78b49dd82148b94f6bcbeba,99a52c93a3304ec18dab9206f98f2a8b,ad42c467d0fe43dbb328073f9a16bc4d,5f481b07f9734f518a14853831233b78
3a05b06fa1e34ff0b02748d47a9e6360,8a9dc60359ba49cd8ac170cfb4ac3913,b0d2e6c4b2384950b3696c4414870282,f0084465b2e646c9a53d9dc766067d9b,d65e3a3657ae455e954b6d7221afc84c,2c3599a1611644f4908562f8fb8870d3,e0ff5d4ae0ec4871a49041d550cdcaa9,033f1514c78b49dd82148b94f6bcbeba,7f23e27e5652406784fdc2dea3918125,a865b8d581b44104afe7c8508e3486f5,c1d504dfeded4b8bb3c07777b7c7abde
fec5eb7ba2734bf5b777bcb611801028,9fd4c00672d84215b3e21812aef3d6ac,7d5c0a2bfccf4255a43d9bd0f84a6d3a,1578afd6ce694d46ab6e24f965f51fd6,9dd98c9126c44642a20711729f2e731e,632cc2bc04034dd4848855fe6497262d,a9d82bb43410405ca21b44a5e82e22b6,2ea3b46262e649f79900258cd90cce31,91f9f8576e5142a49926bd623b0bc19c,2c3599a1611644f4908562f8fb8870d3,8a9dc60359ba49cd8ac170cfb4ac3913
99fd1c486f1c4dd591b9a6ecf8054b7d,9fd4c00672d84215b3e21812aef3d6ac,7d5c0a2bfccf4255a43d9bd0f84a6d3a,9dd98c9126c44642a20711729f2e731e,1578afd6ce694d46ab6e24f965f51fd6,632cc2bc04034dd4848855fe6497262d,a9d82bb43410405ca21b44a5e82e22b6,2ea3b46262e649f79900258cd90cce31,91f9f8576e5142a49926bd623b0bc19c,8a9dc60359ba49cd8ac170cfb4ac3913,2c3599a1611644f4908562f8fb8870d3
7613bd74728b4f0baa8eabd0aefbbc29,4a6eba10a02a4ecdbb6b25e8651c3789,eafb3480db704d7baa8216ce857d1610,df5ca61304074da1bec8f536ab50baf3,b9228fdb5f0c413d81cffb51829d95c6,93dc50abd35349f7923100dca2f41002,36ee1613abf245cdbe93fef69b5f981f,d9ac372330a4446886fa19bac0d19877,2c65a898314b42e6b2e93dca66fd15c2,c756409435634fc48c643a64e73c93ce,6f57d1175ad243edada61643d01fcd54
4c482b037ef04720a8eafa90efddd03b,eafb3480db704d7baa8216ce857d1610,4a6eba10a02a4ecdbb6b25e8651c3789,df5ca61304074da1bec8f536ab50baf3,b9228fdb5f0c413d81cffb51829d95c6,93dc50abd35349f7923100dca2f41002,25109e3a7df549e5b380aae716d71366,d9ac372330a4446886fa19bac0d19877,36ee1613abf245cdbe93fef69b5f981f,2c65a898314b42e6b2e93dca66fd15c2,c756409435634fc48c643a64e73c93ce
596b8b0b72be41a4842150fbbd18aead,4a6eba10a02a4ecdbb6b25e8651c3789,eafb3480db704d7baa8216ce857d1610,df5ca61304074da1bec8f536ab50baf3,b9228fdb5f0c413d81cffb51829d95c6,93dc50abd35349f7923100dca2f41002,d9ac372330a4446886fa19bac0d19877,c756409435634fc48c643a64e73c93ce,2c65a898314b42e6b2e93dca66fd15c2,36ee1613abf245cdbe93fef69b5f981f,9677dd2a3aae457a8079087ce4177e14
99794362eca94e2ea0536c628c097ee0,eafb3480db704d7baa8216ce857d1610,4a6eba10a02a4ecdbb6b25e8651c3789,df5ca61304074da1bec8f536ab50baf3,b9228fdb5f0c413d81cffb51829d95c6,25109e3a7df549e5b380aae716d71366,93dc50abd35349f7923100dca2f41002,c756409435634fc48c643a64e73c93ce,2c65a898314b42e6b2e93dca66fd15c2,36ee1613abf245cdbe93fef69b5f981f,225818abe99e45a0bf5b0b3ec30db76b
517088ff1e71421dbc66c81c7b6d809f,69ac8397e9624bfd8aee237b9f9ea3b5,b3f8b4bec0164d0e81997b4f5a277e8f,3f28365e18244eb28cc7d23de8895956,52f20bd7eb50430c95f0916727880a1b,dbf0926f9f344f1d88b114660db4d2eb,c2a665cec90e46db8d2a74389beb4649,27a67d3e76814297aebf64e03d14c336,9d09e3cd382c4d0ea0f6f50261e3e4c8,15b7b988bba143989cfd98d5c6c4d203,2ece45504eff42469c104dc2a2d03caf
67f17a1293154579a1047cd28690d783,5be48a6bc26044f2a2e4e9b6a223c319,e8c8742459dc48a49080bf0e5b3fdee0,27a67d3e76814297aebf64e03d14c336,15b7b988bba143989cfd98d5c6c4d203,f6061b71031b4ddb9384f86c103690a4,c2a665cec90e46db8d2a74389beb4649,5cf392f15360460bae6a6b0182bb99b9,664da77d25e74df693eaad44a5e7617f,03df72bcf3504272a27f4bbaea89118a,5760084aabef4d8095b2d21902151f64
376dc48ffd5842e2b10ce1bfe8617a4f,5be48a6bc26044f2a2e4e9b6a223c319,e8c8742459dc48a49080bf0e5b3fdee0,27a67d3e76814297aebf64e03d14c336,15b7b988bba143989cfd98d5c6c4d203,f6061b71031b4ddb9384f86c103690a4,c2a665cec90e46db8d2a74389beb4649,664da77d25e74df693eaad44a5e7617f,5cf392f15360460bae6a6b0182bb99b9,03df72bcf3504272a27f4bbaea89118a,52f20bd7eb50430c95f0916727880a1b
e35f15c7fc564b948c6220d15268f95e,69ac8397e9624bfd8aee237b9f9ea3b5,b3f8b4bec0164d0e81997b4f5a277e8f,9d09e3cd382c4d0ea0f6f50261e3e4c8,52f20bd7eb50430c95f0916727880a1b,27a67d3e76814297aebf64e03d14c336,c2a665cec90e46db8d2a74389beb4649,dbf0926f9f344f1d88b114660db4d2eb,3f28365e18244eb28cc7d23de8895956,15b7b988bba143989cfd98d5c6c4d203,2ece45504eff42469c104dc2a2d03caf
7abc7ac040a84ae88177c3b2d510f7cb,e86a0aae846a4e44bf967ab4972c977c,9fd4c00672d84215b3e21812aef3d6ac,f1eecad10a61421eb16b1be7435d9c19,dd9e8283197b473d8ffd502561bdaaec,1578afd6ce694d46ab6e24f965f51fd6,0092d1d820c64646b8bee9fd14f77acf,a9d82bb43410405ca21b44a5e82e22b6,b40d3c588ad647ff85e397a6bc5f9d8b,444fa28d9ed54c82a522699041eae592,bcfa4a4177d44d8b8cda17b7a23196b0
dc2a5233c1944b37aa2c99dd76665f2b,1e376f9d0945477983c8d851e4b2cf5e,5f481b07f9734f518a14853831233b78,2c3599a1611644f4908562f8fb8870d3,7ee65b33f8f44852ada468b1fed83433,b98519f97e424c1389f5553f0869b15a,a865b8d581b44104afe7c8508e3486f5,ad42c467d0fe43dbb328073f9a16bc4d,2d812431f07c44f1a56a71c72766e0b0,434551fdf9e443ed91679a9557ae6fd5,b6c493a3666c4db193e86c79faf099ab
27b25d301ad34851bd0df3863116a2e2,e86a0aae846a4e44bf967ab4972c977c,9fd4c00672d84215b3e21812aef3d6ac,1578afd6ce694d46ab6e24f965f51fd6,dd9e8283197b473d8ffd502561bdaaec,f1eecad10a61421eb16b1be7435d9c19,b40d3c588ad647ff85e397a6bc5f9d8b,0592b57e490d4206a3f12eb004a0afe0,19b81e71e7f04ebcbfade9daa899ed3d,9948a890ef25479e834f70944cb42eae,14ca42308d3141fba50b774042144343
2b2bf37314104deaa800c3918ab54a33,1e376f9d0945477983c8d851e4b2cf5e,5f481b07f9734f518a14853831233b78,2c3599a1611644f4908562f8fb8870d3,ad42c467d0fe43dbb328073f9a16bc4d,3f1c2bb09c4e4400b6ba19542fafce18,dcfb738ebbc24f09bb680fe3a52b702e,7ee65b33f8f44852ada468b1fed83433,b98519f97e424c1389f5553f0869b15a,a865b8d581b44104afe7c8508e3486f5,434551fdf9e443ed91679a9557ae6fd5
3c56e94879364377bc8bfb7a92d403d1,a9d82bb43410405ca21b44a5e82e22b6,48c31b1e2ce94de8968fab433813fa91,2c3599a1611644f4908562f8fb8870d3,9dd98c9126c44642a20711729f2e731e,dd9e8283197b473d8ffd502561bdaaec,1578afd6ce694d46ab6e24f965f51fd6,9fd4c00672d84215b3e21812aef3d6ac,1e376f9d0945477983c8d851e4b2cf5e,99830b8da7c24f909914f7bb167f3ea6,ad054da7e1704a53931a341173f0605f
c28224ae63704fec95ee0278f177f277,521004289ebc4e6da6623381d40a5e73,022e16490d1949b9ab2fc1de5a837031,f91157bb8fca4a8e98db33591a76be9a,295d0d40791245ff838c73a2aa27d065,1099cb6f4fac4eb8a1fb6db50e18296b,039a871609044cb1b69f70c082fe61d8,9500823cb050427696343b1ea5cf8881,eeca68825e2a4bbdaa5ae962998fc33b,5455e62f52ae4e03b2a5d0e8b9899506,7c061d36393540b49e20d98086bdb5bd
2c9175bf65da4030a4bca9f358cadeda,521004289ebc4e6da6623381d40a5e73,022e16490d1949b9ab2fc1de5a837031,f91157bb8fca4a8e98db33591a76be9a,295d0d40791245ff838c73a2aa27d065,039a871609044cb1b69f70c082fe61d8,9500823cb050427696343b1ea5cf8881,1099cb6f4fac4eb8a1fb6db50e18296b,7c061d36393540b49e20d98086bdb5bd,39e2b00e1cbd471488cf56f31d2cec7f,f464960d2dbc43c0970c60600bd7f1cd
7567134f761c40a79567b3f82e31afdc,f91157bb8fca4a8e98db33591a76be9a,521004289ebc4e6da6623381d40a5e73,9500823cb050427696343b1ea5cf8881,da88fa5efc674368b593444ca950dff9,8fdee0611965465eb45387b8c39f4136,039a871609044cb1b69f70c082fe61d8,39e2b00e1cbd471488cf56f31d2cec7f,a94cb58f1ca8456b96e39b5b1ebfb7ea,85d4175b563d48e5bc6a991b23662f24,b585a2970e9f421da236241f603883f2
e95e0daa9ae049ef8be95f459b99d584,e511c40ca6324803b5021e47b4e777f8,643fbbdd6b764ba9904a4ee67a86b9fd,89e983dca0a34b768e17b3871b9cea1e,bc13c2b0221744a29a8ddf56aa015df9,ffc5805e29a74be0a55b40318aa321d7,b40d3c588ad647ff85e397a6bc5f9d8b,250d411ae270441085be3501b7b55d86,8d595c7da42545c88052e7b213b6c97c,99a52c93a3304ec18dab9206f98f2a8b,1393dac7d34b4c34b1a8091a5bea3663
ee401564da1d407da8d97b804a5e3801,643fbbdd6b764ba9904a4ee67a86b9fd,ffc5805e29a74be0a55b40318aa321d7,e511c40ca6324803b5021e47b4e777f8,89e983dca0a34b768e17b3871b9cea1e,b40d3c588ad647ff85e397a6bc5f9d8b,999a2b52a5004ee984e587d5a1327b23,8d595c7da42545c88052e7b213b6c97c,9dd98c9126c44642a20711729f2e731e,b3209c60460a437294e2b30a9e9d3f53,7fe9e665bf41491c9788941aa2894a10
77ae6ded0d014f36b371a4153e05c4ed,89e983dca0a34b768e17b3871b9cea1e,bc13c2b0221744a29a8ddf56aa015df9,643fbbdd6b764ba9904a4ee67a86b9fd,b40d3c588ad647ff85e397a6bc5f9d8b,ffc5805e29a74be0a55b40318aa321d7,e511c40ca6324803b5021e47b4e777f8,b3209c60460a437294e2b30a9e9d3f53,f1eecad10a61421eb16b1be7435d9c19,8d595c7da42545c88052e7b213b6c97c,79721c9bb6a54ecdb3d0a0f4011762c1
8a0213e5d51f4d7ca596a5163d04d39b,b40d3c588ad647ff85e397a6bc5f9d8b,99a52c93a3304ec18dab9206f98f2a8b,89e983dca0a34b768e17b3871b9cea1e,e511c40ca6324803b5021e47b4e777f8,bc13c2b0221744a29a8ddf56aa015df9,643fbbdd6b764ba9904a4ee67a86b9fd,ad42c467d0fe43dbb328073f9a16bc4d,b3209c60460a437294e2b30a9e9d3f53,ffc5805e29a74be0a55b40318aa321d7,bcfa4a4177d44d8b8cda17b7a23196b0
49a13f972cb940089aa409b42b7e809b,b425f33c33ad4be89a12da266d131a86,cb32ec9a538a4c0f8462771946ced93b,a70909d3ce0d4235913b5ce6a138dcce,73f684f538ea452cbb4fbecc2e8126a4,8a464aa9e2ee45d0abc7ae6181cd1bda,1a0ac2d40cb04ca993e1db68d787728a,66f4c650b7ca48f1bc27f9daff8d312a,14ca42308d3141fba50b774042144343,1ad0cf33e96243888d5f970195a75586,da9cfbdf124143b78bec89393dd5287a
42b7373e7edb4471bd9cd69dd50bf4f1,b425f33c33ad4be89a12da266d131a86,cb32ec9a538a4c0f8462771946ced93b,a70909d3ce0d4235913b5ce6a138dcce,66f4c650b7ca48f1bc27f9daff8d312a,c588868fc3fd4e87a7cddf1ceb00b022,14ca42308d3141fba50b774042144343,2c65a898314b42e6b2e93dca66fd15c2,1a0ac2d40cb04ca993e1db68d787728a,29fb30a75c57451a85f310aa6423a662,ee7c00877ae64dac87123a3d75251530
f387e105e9d440d199759eb2c79cd950,cae139b6e4914ce7b0ef1e68b8b857eb,f5a9583711fc4ff4a46e85c24886b234,e86a0aae846a4e44bf967ab4972c977c,1f3cf50fe1f947d8a56e02ebca441c4c,ef60b54aa4b5490890da32d0bb8c9cbf,00fb3a55134242769182c520d55681a2,b626eb67c2e14afeae2846bb150976f3,64e74af099b0485f8b6e71ac73aa2cb8,b00b2395b49949508fade89bb3eac98b,444fa28d9ed54c82a522699041eae592
a75e0b290bc941358cd4614e21662749,f5a9583711fc4ff4a46e85c24886b234,e86a0aae846a4e44bf967ab4972c977c,00fb3a55134242769182c520d55681a2,9fd4c00672d84215b3e21812aef3d6ac,43464ed6733f4642a0b90e7d995a5e40,cb32ec9a538a4c0f8462771946ced93b,1f3cf50fe1f947d8a56e02ebca441c4c,29fb30a75c57451a85f310aa6423a662,ee7c00877ae64dac87123a3d75251530,4a3d4daed4b24a1898551f0fd1ba44f1
1c30f9917de0495eae26b471a7cd3e1d,b425f33c33ad4be89a12da266d131a86,cb32ec9a538a4c0f8462771946ced93b,a70909d3ce0d4235913b5ce6a138dcce,73f684f538ea452cbb4fbecc2e8126a4,8a464aa9e2ee45d0abc7ae6181cd1bda,66f4c650b7ca48f1bc27f9daff8d312a,14ca42308d3141fba50b774042144343,1a0ac2d40cb04ca993e1db68d787728a,2c65a898314b42e6b2e93dca66fd15c2,f65b6fb5b40a49d1896de7a115469d40
57378df73d2a41698b22cc6d6171529d,2acbd3ec289a47f7b4108896ec632585,91f0da6d71574ababd8e868bddec9310,33e2a95109e647cbb4ba2687631b169a,a8904adcdd21495f890bc614bfdbf86f,716a15d66b63424a8068da89e75733b4,116f6c1f0cb54312986a0a729508a33e,8c5f38853679436ba434b6a696e43168,8ad1f345ca194b29bde0a924f27b2de5,4230775a9d51448396cacb9061f0e5f9,13aca0959cc948cabeee0d7255f55a65
ffa661c1e7484ac0bd1e6fd235a3cc5a,2acbd3ec289a47f7b4108896ec632585,91f0da6d71574ababd8e868bddec9310,a8904adcdd21495f890bc614bfdbf86f,33e2a95109e647cbb4ba2687631b169a,716a15d66b63424a8068da89e75733b4,13aca0959cc948cabeee0d7255f55a65,1d93c07de74c482ebf0a76ec564c3252,8af25c7ae8e14435a6e27a5671968f50,8ad1f345ca194b29bde0a924f27b2de5,116f6c1f0cb54312986a0a729508a33e
b2ab0d60cd84497b8493bee493f63c20,33e2a95109e647cbb4ba2687631b169a,716a15d66b63424a8068da89e75733b4,2acbd3ec289a47f7b4108896ec632585,1d93c07de74c482ebf0a76ec564c3252,8c5f38853679436ba434b6a696e43168,a8904adcdd21495f890bc614bfdbf86f,116f6c1f0cb54312986a0a729508a33e,afac6ae28fac41dabae96696990c5555,91f0da6d71574ababd8e868bddec9310,13aca0959cc948cabeee0d7255f55a65
5cbead44a3a74909ab9ed4a89f1396cf,33e2a95109e647cbb4ba2687631b169a,1d93c07de74c482ebf0a76ec564c3252,716a15d66b63424a8068da89e75733b4,8c5f38853679436ba434b6a696e43168,13aca0959cc948cabeee0d7255f55a65,2acbd3ec289a47f7b4108896ec632585,a8904adcdd21495f890bc614bfdbf86f,afac6ae28fac41dabae96696990c5555,af648fa7ac6c4c50a246de470329cd83,116f6c1f0cb54312986a0a729508a33e
6e174164c10a49d8a9483ad16d690598,d658e3a743af41899183fecff6b2628d,4e4495962a9b4864882397042f1a2b3e,8889c114b071429cbe2418f5b0f2024b,bbdf9065122d499d9d8f80ad3e0ef6f3,57bcda73abab44ee930b20cdaee9d24b,d43b0f94627d45918e18a80be127aa2c,26e55eb4d910464497d700bfdf5a36ca,0daf8d5687b54d158f7f752884c42334,724a3f6551e74ad585bdeac9a75fd639,35c5a560ecdc4d6a9d20f057ed1fa0e6
1472ac5adbe24310ac0366a2fb7c4d66,d43b0f94627d45918e18a80be127aa2c,db69f22fe72246ea85d33991961a649a,e2e0c8c96aff4c00896ac6986bbb20c2,2fcf4a04d3654ffb9a5c1dfa3799e4f0,724a3f6551e74ad585bdeac9a75fd639,33b5e2ae5ebe4f548bac3a00ab0a59eb,4e4495962a9b4864882397042f1a2b3e,7daa434073604cb98a04fefb55468dda,8683a3ad55d84a78834fabe20cde5269,04fa591263664fb0a6868552ebd3590b
7df15c3f44244335b645553730704ae6,d43b0f94627d45918e18a80be127aa2c,db69f22fe72246ea85d33991961a649a,e2e0c8c96aff4c00896ac6986bbb20c2,74de04f31db94a99b757685c91779412,2d43cf91509846e29ab4febd7781919f,1ade4365590a4ac7865100d8c791e340,04d24d1cf42b4f7787d8d300cbad6d50,3827ad869b3740278b98db4e65c40e0c,7daa434073604cb98a04fefb55468dda,33b5e2ae5ebe4f548bac3a00ab0a59eb
d59e2a4a21bf40f9b53614eb370d1190,d658e3a743af41899183fecff6b2628d,bbdf9065122d499d9d8f80ad3e0ef6f3,26e55eb4d910464497d700bfdf5a36ca,8889c114b071429cbe2418f5b0f2024b,4e4495962a9b4864882397042f1a2b3e,0daf8d5687b54d158f7f752884c42334,57bcda73abab44ee930b20cdaee9d24b,1d70bc69b2f84bef9aa5fb0d9917e38d,26869cc099c44c4a86f6043476ab4890,2f0401170d104b47b0a8f087f69dee88
fa321eafe1a9412bb6e66f46ae22286c,6400e3f6a14c492ba399bd414faca075,cb75c6ef71cb4991805920f2894e0e96,23a16d69ffe848d593a4808907d8aa98,1099cb6f4fac4eb8a1fb6db50e18296b,e79ae27b52fa4d54aa37735fd275c66e,384b14b18c3c43b1a4dc1aa2f661e076,1ade4365590a4ac7865100d8c791e340,19593c97fef0474dbe6051e28338f1e9,521004289ebc4e6da6623381d40a5e73,f439b5616ba24b7f82eccfa095a0eff8
503f076c7e794fbca12dae4217643acd,6400e3f6a14c492ba399bd414faca075,cb75c6ef71cb4991805920f2894e0e96,23a16d69ffe848d593a4808907d8aa98,1ade4365590a4ac7865100d8c791e340,384b14b18c3c43b1a4dc1aa2f661e076,e79ae27b52fa4d54aa37735fd275c66e,19593c97fef0474dbe6051e28338f1e9,1099cb6f4fac4eb8a1fb6db50e18296b,f439b5616ba24b7f82eccfa095a0eff8,521004289ebc4e6da6623381d40a5e73
14780abe56584d7c820310e42bef8f59,72a7e2ce22d045efbdbbab9c68f5d026,7dd5e88dfdd24cafab2c765939757354,78d0265d47df4f4cb7153da919763730,fb8c2b83e46441c2aaa7c81d3642e2da,55c0b899937042c98162389b209aca7f,0568345606fa4a2c84ed4ea6c74639ee,61d2391e8bc548b6bfa08f1ef2a0c47a,67984873125e4a0f9562179c906d1b0f,cc78a6c92dfe4af49c2bd93f15e4f870,e79ae27b52fa4d54aa37735fd275c66e
695fbae9ce4c4e3ab42253368b1e2cd2,72a7e2ce22d045efbdbbab9c68f5d026,7dd5e88dfdd24cafab2c765939757354,78d0265d47df4f4cb7153da919763730,fb8c2b83e46441c2aaa7c81d3642e2da,0568345606fa4a2c84ed4ea6c74639ee,55c0b899937042c98162389b209aca7f,67984873125e4a0f9562179c906d1b0f,6400e3f6a14c492ba399bd414faca075,e79ae27b52fa4d54aa37735fd275c66e,bb84a4cf60c84a8d8e23276b1863d293
c4b6717a4b55444ca077700ab06da875,afaf2edba0ee4d58860a5a04e4aabc5c,66690895454847fea5a000202fbfab2e,c4b9d7a8d5d342459d2282589b3af293,f1eecad10a61421eb16b1be7435d9c19,90b560de76b149c09c7cd6efb3f12cfd,2e7836ee5e5144f5b63e6629b969a362,c235728f290a44d6a5fc2e14111ae02e,f37d285ad0de42f0b1546d0d1acfb221,e429a2e164a24919a12edcc8d4ea8f09,6c51b4f57ba0415f994756e944b11cee
7ddb092a89824767b09eb8b07c8f67de,afaf2edba0ee4d58860a5a04e4aabc5c,66690895454847fea5a000202fbfab2e,f1eecad10a61421eb16b1be7435d9c19,c4b9d7a8d5d342459d2282589b3af293,c235728f290a44d6a5fc2e14111ae02e,2e7836ee5e5144f5b63e6629b969a362,f37d285ad0de42f0b1546d0d1acfb221,90b560de76b149c09c7cd6efb3f12cfd,6c51b4f57ba0415f994756e944b11cee,b3209c60460a437294e2b30a9e9d3f53
21ff6809479e4f828a199d580c8ae4c1,66690895454847fea5a000202fbfab2e,afaf2edba0ee4d58860a5a04e4aabc5c,ad054da7e1704a53931a341173f0605f,98b2022b2cb84af09ee8b789db928b13,baf841bad27c456c9de7227555ea3ef8,4926607aafe749538c930e108275547e,48c31b1e2ce94de8968fab433813fa91,ffe2740eee8c49b39b2ce41f9983bcb4,0ecfdd96e0054841883acba75e83b232,3c0f3b44c0844df49b5898406fe9195a
763242c8ded1422bb4439fdb575fad5b,66690895454847fea5a000202fbfab2e,afaf2edba0ee4d58860a5a04e4aabc5c,ad054da7e1704a53931a341173f0605f,98b2022b2cb84af09ee8b789db928b13,4926607aafe749538c930e108275547e,baf841bad27c456c9de7227555ea3ef8,ffe2740eee8c49b39b2ce41f9983bcb4,0ecfdd96e0054841883acba75e83b232,f1eecad10a61421eb16b1be7435d9c19,3c0f3b44c0844df49b5898406fe9195a
5ebf97c863dd4c5ba61093f8ab07b15d,45f4192f485a49d9a75219ae4d0c41ee,0a61f52258f643b6a6436a1ec234e197,8dfbb6a204a0441492c35baca6190969,db2466dc7da64ac5a2a21c20ace67856,da9cfbdf124143b78bec89393dd5287a,c1def54262224e23acf67a9870725ce5,5e0a2bc284cf4002914ae4e6aaef41e8,0cc5015848a044b59fa4b290813f859c,f59a3ee5387440d981754b6595e8664c,c5486d5e31084ee797da0ebdacb17abc
a9852ab7f40a4b35a004ce7c87aac7b6,3675c688960a4f3b9f82c4ccf4049e93,f2077addeb6142c8b3540916522126e8,13cda6e8f2d948eeb5508288a172e76f,1004b33e3126472faa78e1929ed974e6,d9ac372330a4446886fa19bac0d19877,56272326c7e94e419ea8c69fb634f610,bf789f42ccfc42c5a330a3f6e30ddb83,b2992fe473124dd0b895cf81f59f6db6,e8f18e4bdf054390a1768978dca8e430,75efe5ddef364f49865d9bb283492b48
c8186591409f4404a006b302ed5475d5,45f4192f485a49d9a75219ae4d0c41ee,0a61f52258f643b6a6436a1ec234e197,da9cfbdf124143b78bec89393dd5287a,3e4a54908dde405294869e30a92a7623,511fe9c8b20b4fda94969745238c9474,d476be2399b7424a88d242b771c32041,df7ea50171af48df81584ab7e8107d15,22d9d5ad33e947fd857c5c4a8b7dfae1,0cc5015848a044b59fa4b290813f859c,8dfbb6a204a0441492c35baca6190969
afc4b3ff44d1405c9ff0cce76fa55d76,c5486d5e31084ee797da0ebdacb17abc,0228b1e9e3244da3a727930123ba7bda,f59a3ee5387440d981754b6595e8664c,2c65a898314b42e6b2e93dca66fd15c2,d33407004b9e433a9d4147cfe6584d36,22d9d5ad33e947fd857c5c4a8b7dfae1,0d0973762130427eaa2ce9a7a34517db,da9cfbdf124143b78bec89393dd5287a,f676e16c6a134bd5a7bbeee4590adcfe,7c061d36393540b49e20d98086bdb5bd
9df4eaf2213048e4a4ca33f6d817a0b9,f2077addeb6142c8b3540916522126e8,9aca522158f443fd8a9caaec38ae5e2c,0228b1e9e3244da3a727930123ba7bda,9ffa09a2b9bd4da0ba98fc537ca68802,3b7d56c26da14b3a9b1cd52b5b35891b,1004b33e3126472faa78e1929ed974e6,99ba4cc9355f4d79a68bc69ac12a716f,ce4fdd5499f8498793c11e586f7da70c,36ee1613abf245cdbe93fef69b5f981f,3675c688960a4f3b9f82c4ccf4049e93
452c8a69dd45447f976e014338d22ae6,1004b33e3126472faa78e1929ed974e6,3b7d56c26da14b3a9b1cd52b5b35891b,9ffa09a2b9bd4da0ba98fc537ca68802,0228b1e9e3244da3a727930123ba7bda,9aca522158f443fd8a9caaec38ae5e2c,36ee1613abf245cdbe93fef69b5f981f,f2077addeb6142c8b3540916522126e8,ec07b4e88bea4086a5eafed96d81edb5,47eb17da319d440aa52da8008c26327a,a5365055a36a4ec1bf5b0ce2ef949a35
9294a2cddd6848f5a6bc5c647fe94884,c5486d5e31084ee797da0ebdacb17abc,f59a3ee5387440d981754b6595e8664c,2c65a898314b42e6b2e93dca66fd15c2,22d9d5ad33e947fd857c5c4a8b7dfae1,da9cfbdf124143b78bec89393dd5287a,0228b1e9e3244da3a727930123ba7bda,0d0973762130427eaa2ce9a7a34517db,f676e16c6a134bd5a7bbeee4590adcfe,d33407004b9e433a9d4147cfe6584d36,0cc5015848a044b59fa4b290813f859c
eb3962be88734097b437832a832493f0,42805d29975b400ea7c570fc45ec4938,f32f4607b4714e378831f924c5e6084d,4c293487c809486585d65ed10b2cb1e4,39e2b00e1cbd471488cf56f31d2cec7f,ccb62901750b4d13a922fc161b607f83,6866efc8987a4ec8b04b7abd28fb5777,7daa434073604cb98a04fefb55468dda,9db7d32d79024ba6a73c55fde6f55968,249c2d8d8d2345c6990b3c4d94385b5a,1099cb6f4fac4eb8a1fb6db50e18296b
4bb99b51272145f8be128cac5ef3bd65,63eab812f3254cccb9631b09725aec3d,ff51ca928cd54f4da620c27983e221f8,9c69642fab6749848e7ea7f5406a6da4,99dbf0cd0c6343ffbcf97f04efc4143c,48240083d13148bd84ddee8c7f9fcd22,39a08a87897f47d3bdbbdc5ed8c9cd7f,cf293392122347a180cf2126f4589acb,42805d29975b400ea7c570fc45ec4938,5abf57d57d84440e94d0d2e2ffb37575,ad3d372fbf054ea1ad06cfcb7490df4b
122365aed2d049328715f0fe1b2a43c7,63eab812f3254cccb9631b09725aec3d,ff51ca928cd54f4da620c27983e221f8,9c69642fab6749848e7ea7f5406a6da4,99dbf0cd0c6343ffbcf97f04efc4143c,48240083d13148bd84ddee8c7f9fcd22,39a08a87897f47d3bdbbdc5ed8c9cd7f,cf293392122347a180cf2126f4589acb,bb5c7d03a54647d08b8c62deeb803271,ad3d372fbf054ea1ad06cfcb7490df4b,42805d29975b400ea7c570fc45ec4938
742fec743e3e477785a08d04b8407e64,42805d29975b400ea7c570fc45ec4938,f32f4607b4714e378831f924c5e6084d,4c293487c809486585d65ed10b2cb1e4,39e2b00e1cbd471488cf56f31d2cec7f,ccb62901750b4d13a922fc161b607f83,6866efc8987a4ec8b04b7abd28fb5777,7daa434073604cb98a04fefb55468dda,9db7d32d79024ba6a73c55fde6f55968,361f2b7f3f044907b3a331872fb18755,249c2d8d8d2345c6990b3c4d94385b5a
c3484b8c5f024854997f34baca483cc0,2d812431f07c44f1a56a71c72766e0b0,7ee65b33f8f44852ada468b1fed83433,4254f6eaaed746bea797c3522036fc12,595e438d2b394bb3a3259f47efd37ae8,e0d8aee46b1d4d998858cd05027251b6,af532d6e5090478ba520505d5f9107f2,1e376f9d0945477983c8d851e4b2cf5e,b6c493a3666c4db193e86c79faf099ab,dcfb738ebbc24f09bb680fe3a52b702e,6b4676aba2a746b3ab778315afc8ee82
94e0d776b3794ee083e5c1681cef5d04,7ee65b33f8f44852ada468b1fed83433,2d812431f07c44f1a56a71c72766e0b0,595e438d2b394bb3a3259f47efd37ae8,ee7c00877ae64dac87123a3d75251530,e0d8aee46b1d4d998858cd05027251b6,66f4c650b7ca48f1bc27f9daff8d312a,af532d6e5090478ba520505d5f9107f2,e0ff5d4ae0ec4871a49041d550cdcaa9,033f1514c78b49dd82148b94f6bcbeba,1e376f9d0945477983c8d851e4b2cf5e
2b23b46313714edcb7da655ef18a0f03,7ee65b33f8f44852ada468b1fed83433,595e438d2b394bb3a3259f47efd37ae8,2d812431f07c44f1a56a71c72766e0b0,e0d8aee46b1d4d998858cd05027251b6,ee7c00877ae64dac87123a3d75251530,66f4c650b7ca48f1bc27f9daff8d312a,e0ff5d4ae0ec4871a49041d550cdcaa9,af532d6e5090478ba520505d5f9107f2,033f1514c78b49dd82148b94f6bcbeba,1e376f9d0945477983c8d851e4b2cf5e
fad34cbf60564c3f99677bb2e06263aa,af532d6e5090478ba520505d5f9107f2,2d812431f07c44f1a56a71c72766e0b0,57430214baf045cb92fa3b3b70a4ca3f,7ee65b33f8f44852ada468b1fed83433,60e87368fe334a92b57088b03cccbfc1,452d645d5bf4485185e996dcec9523e5,4254f6eaaed746bea797c3522036fc12,d87e5facd03b45f9829e8a1cd0fe0190,250d411ae270441085be3501b7b55d86,41047823f2cb4194ba1e0709443c719a
a47ae5564b854b989994a2a30367bfa4,2d812431f07c44f1a56a71c72766e0b0,7ee65b33f8f44852ada468b1fed83433,e0d8aee46b1d4d998858cd05027251b6,595e438d2b394bb3a3259f47efd37ae8,4254f6eaaed746bea797c3522036fc12,af532d6e5090478ba520505d5f9107f2,1e376f9d0945477983c8d851e4b2cf5e,b6c493a3666c4db193e86c79faf099ab,6b4676aba2a746b3ab778315afc8ee82,ee7c00877ae64dac87123a3d75251530
9113b0a4a5e24e61aed364a478da29ee,bcfa4a4177d44d8b8cda17b7a23196b0,c1def54262224e23acf67a9870725ce5,99a52c93a3304ec18dab9206f98f2a8b,f1eecad10a61421eb16b1be7435d9c19,250d411ae270441085be3501b7b55d86,999a2b52a5004ee984e587d5a1327b23,b40d3c588ad647ff85e397a6bc5f9d8b,ad42c467d0fe43dbb328073f9a16bc4d,5f481b07f9734f518a14853831233b78,bc13c2b0221744a29a8ddf56aa015df9
b3926611d2914adc8eadda384ed96905,c1def54262224e23acf67a9870725ce5,bcfa4a4177d44d8b8cda17b7a23196b0,ad42c467d0fe43dbb328073f9a16bc4d,5f481b07f9734f518a14853831233b78,b8da01ceddcb45a491a288ddbc658e90,1e376f9d0945477983c8d851e4b2cf5e,3f1c2bb09c4e4400b6ba19542fafce18,1232f20e710b448e8c0538b9e84dab1c,99a52c93a3304ec18dab9206f98f2a8b,250d411ae270441085be3501b7b55d86
36bc21f1eb9547d6acfa87c18625fa92,c1def54262224e23acf67a9870725ce5,bcfa4a4177d44d8b8cda17b7a23196b0,b8da01ceddcb45a491a288ddbc658e90,772cb9726861451d9972604da6f65c55,3c0f3b44c0844df49b5898406fe9195a,5f481b07f9734f518a14853831233b78,ab57f83304bc4005998bbd6bc063fb4f,db2466dc7da64ac5a2a21c20ace67856,04537eabb0434eb2804d1220770b85a0,ad054da7e1704a53931a341173f0605f
d7becb5524844f73b41af1cad1c1266b,999a2b52a5004ee984e587d5a1327b23,f1eecad10a61421eb16b1be7435d9c19,bcfa4a4177d44d8b8cda17b7a23196b0,c1def54262224e23acf67a9870725ce5,b3209c60460a437294e2b30a9e9d3f53,e86a0aae846a4e44bf967ab4972c977c,89e983dca0a34b768e17b3871b9cea1e,02e1d712f37e428c998f72e7a7eeb1e6,643fbbdd6b764ba9904a4ee67a86b9fd,c14e45f5201b4038bdddddb238d888a3
f63ec53d7383437a8d1e627efc4dd528,bcfa4a4177d44d8b8cda17b7a23196b0,c1def54262224e23acf67a9870725ce5,f1eecad10a61421eb16b1be7435d9c19,99a52c93a3304ec18dab9206f98f2a8b,999a2b52a5004ee984e587d5a1327b23,5f481b07f9734f518a14853831233b78,250d411ae270441085be3501b7b55d86,1232f20e710b448e8c0538b9e84dab1c,ad42c467d0fe43dbb328073f9a16bc4d,643fbbdd6b764ba9904a4ee67a86b9fd
d76ebc807f524eb9b8f95b523304233d,b3a022950e444682a113cec5a0537f6a,0ecfdd96e0054841883acba75e83b232,5760084aabef4d8095b2d21902151f64,42b6af4853fc465f83ec054f8f8289a4,35d06fce2df446569702778e2250bd82,98b2022b2cb84af09ee8b789db928b13,66690895454847fea5a000202fbfab2e,baf841bad27c456c9de7227555ea3ef8,d75a52d716984f318f976bbfc7bee787,e3854d75221c4e38879a6106bb5c1941
4b8fd90e4d5b4a25a57652c495f66ea5,b3a022950e444682a113cec5a0537f6a,42b6af4853fc465f83ec054f8f8289a4,c74557a980e2428a9ffcc245278df692,0ecfdd96e0054841883acba75e83b232,98b2022b2cb84af09ee8b789db928b13,d75a52d716984f318f976bbfc7bee787,f5b766ea6abe4b5fb27d49cc3bc06020,35d06fce2df446569702778e2250bd82,f4474150010f4021a4620372062f3797,04537eabb0434eb2804d1220770b85a0
9ac82778d5784882b02b03d8ce1a4ccd,35d06fce2df446569702778e2250bd82,3c0f3b44c0844df49b5898406fe9195a,98b2022b2cb84af09ee8b789db928b13,f4474150010f4021a4620372062f3797,c84deec0ecf843c39f52d4cb8e7300f8,e7aaa514f6f64a258a640ea341aa1a18,984058b7165d4c6385bec3c94afa9fb2,66690895454847fea5a000202fbfab2e,77cecb221149474896d9b2eb848bf150,7960902edf4b47d686f704441aa56b0e
dee104ae444246ed89dd5a5796eafc0a,2c65a898314b42e6b2e93dca66fd15c2,c24e3823376b436c8eb46eaeebbc7718,da9cfbdf124143b78bec89393dd5287a,f59a3ee5387440d981754b6595e8664c,4a6eba10a02a4ecdbb6b25e8651c3789,eafb3480db704d7baa8216ce857d1610,df5ca61304074da1bec8f536ab50baf3,56272326c7e94e419ea8c69fb634f610,a70909d3ce0d4235913b5ce6a138dcce,b9228fdb5f0c413d81cffb51829d95c6
9a46e2903ca8474d9cb7fe93138049f0,2c65a898314b42e6b2e93dca66fd15c2,c24e3823376b436c8eb46eaeebbc7718,da9cfbdf124143b78bec89393dd5287a,f59a3ee5387440d981754b6595e8664c,4a6eba10a02a4ecdbb6b25e8651c3789,eafb3480db704d7baa8216ce857d1610,df5ca61304074da1bec8f536ab50baf3,a70909d3ce0d4235913b5ce6a138dcce,56272326c7e94e419ea8c69fb634f610,b9228fdb5f0c413d81cffb51829d95c6
bfa6dfb11d9e42a98ba3ab87d5f2ffde,da9cfbdf124143b78bec89393dd5287a,f59a3ee5387440d981754b6595e8664c,2c65a898314b42e6b2e93dca66fd15c2,a70909d3ce0d4235913b5ce6a138dcce,22d9d5ad33e947fd857c5c4a8b7dfae1,c24e3823376b436c8eb46eaeebbc7718,1004b33e3126472faa78e1929ed974e6,d9ac372330a4446886fa19bac0d19877,1ad0cf33e96243888d5f970195a75586,93dc50abd35349f7923100dca2f41002
f677dfcf19e14a9faf24ac74066422c2,f59a3ee5387440d981754b6595e8664c,da9cfbdf124143b78bec89393dd5287a,2c65a898314b42e6b2e93dca66fd15c2,22d9d5ad33e947fd857c5c4a8b7dfae1,56272326c7e94e419ea8c69fb634f610,cc243eebbb2b44a581745865a60c423a,0d0973762130427eaa2ce9a7a34517db,c24e3823376b436c8eb46eaeebbc7718,a70909d3ce0d4235913b5ce6a138dcce,1ad0cf33e96243888d5f970195a75586
98fd88d0387e44c3950f7955f062c9b3,761a3a01495143f0a86beac4234cae3a,d37bf09399d848df9a4d880fb097239c,93bf0b86be094f68a9d308ca5ecfb4e3,ee337b5c1ef3431e9c120250bfec4cac,bb6ecabbce1b43d997d00d7acdc95193,b01fd4d037a84a7aa777e1fc345c73c5,a8904adcdd21495f890bc614bfdbf86f,fc70a4c2c4834e0eba1a14470f563b03,afac6ae28fac41dabae96696990c5555,d7618b61a65a4bc1a0d0f2cc1bddc448
90efefd1c3314a96b5fd32625e55a054,5e199f7727cc4910ad88dbd81ed1ec82,93bf0b86be094f68a9d308ca5ecfb4e3,bb6ecabbce1b43d997d00d7acdc95193,b2b22c673e554db39c8acdbe42687a6d,fe363cef357840fcb35f320fe7c27e4e,a297e08effdf4a69a6c4d79a34a0c6ad,afac6ae28fac41dabae96696990c5555,8ad1f345ca194b29bde0a924f27b2de5,116f6c1f0cb54312986a0a729508a33e,1d93c07de74c482ebf0a76ec564c3252
b77b731d5a9c49139163f1fac2ed9337,5e199f7727cc4910ad88dbd81ed1ec82,93bf0b86be094f68a9d308ca5ecfb4e3,b2b22c673e554db39c8acdbe42687a6d,bb6ecabbce1b43d997d00d7acdc95193,fe363cef357840fcb35f320fe7c27e4e,a297e08effdf4a69a6c4d79a34a0c6ad,afac6ae28fac41dabae96696990c5555,8ad1f345ca194b29bde0a924f27b2de5,116f6c1f0cb54312986a0a729508a33e,1d93c07de74c482ebf0a76ec564c3252
dd2de907048e4d1ba625a54ad1bdeb2a,d37bf09399d848df9a4d880fb097239c,761a3a01495143f0a86beac4234cae3a,716a15d66b63424a8068da89e75733b4,a8904adcdd21495f890bc614bfdbf86f,b01fd4d037a84a7aa777e1fc345c73c5,1d93c07de74c482ebf0a76ec564c3252,8c5f38853679436ba434b6a696e43168,afac6ae28fac41dabae96696990c5555,fc70a4c2c4834e0eba1a14470f563b03,13aca0959cc948cabeee0d7255f55a65
b1494352b57f4f809fbe88f8f61ab247,11e9586d6c7a443c8025278f8ef53b6d,75bf181ea5dc490e95d364a5f5c7af1d,2c8eafa0ff26437a862dc2224ab57073,415641aa43724ed9bc4710302b77edc3,ae3f42d57b3046a3821026173286a43e,52f20bd7eb50430c95f0916727880a1b,4c67cc7a1ccc496db132636e3f4853a2,e5a3c8867e44498d9182e8be934e0fce,5fc200cab89346658c9c91cce27e85fe,74de04f31db94a99b757685c91779412
841cacf592b14de2bc2fcdaf4995bf39,75bf181ea5dc490e95d364a5f5c7af1d,11e9586d6c7a443c8025278f8ef53b6d,ae3f42d57b3046a3821026173286a43e,2c8eafa0ff26437a862dc2224ab57073,4c67cc7a1ccc496db132636e3f4853a2,4d0a737f396d4a95808085bd1306746c,dbf0926f9f344f1d88b114660db4d2eb,415641aa43724ed9bc4710302b77edc3,5e44915237fc4445b54b037e1c4e29a4,3fce01bbc56d49d39f61cba3d17648f2
a8c2576da05048d4a652ebaf10c7447d,2ece45504eff42469c104dc2a2d03caf,e5a3c8867e44498d9182e8be934e0fce,3f28365e18244eb28cc7d23de8895956,69ac8397e9624bfd8aee237b9f9ea3b5,f9fe93fae6084350b81964d354e2130f,52f20bd7eb50430c95f0916727880a1b,0e8487b2e6a2439b9e6623a1e2e5e19d,db2466dc7da64ac5a2a21c20ace67856,2c8eafa0ff26437a862dc2224ab57073,dbf0926f9f344f1d88b114660db4d2eb
4237232296b841bd8be058dc85f807b1,e5a3c8867e44498d9182e8be934e0fce,2ece45504eff42469c104dc2a2d03caf,f9fe93fae6084350b81964d354e2130f,69ac8397e9624bfd8aee237b9f9ea3b5,52f20bd7eb50430c95f0916727880a1b,3f28365e18244eb28cc7d23de8895956,0e8487b2e6a2439b9e6623a1e2e5e19d,4385ac4645b34f3c8a44c4676ebcd8be,7e190e3c05d74e6b9f103e39142c1684,daed5458403e49e3aea72f4bcc6dd224
9c8f594f127f4823807c7d9a40bc9547,7d5c0a2bfccf4255a43d9bd0f84a6d3a,1578afd6ce694d46ab6e24f965f51fd6,9dd98c9126c44642a20711729f2e731e,6c6de17135be4f8c9423be633eaefcd4,189a3b686ad14c24b5e1a495f76dd239,632cc2bc04034dd4848855fe6497262d,75801225047a4c019100660c13f1e0f1,d7c9dafddaf547159d366dacf7b68a7e,5f481b07f9734f518a14853831233b78,dd9e8283197b473d8ffd502561bdaaec
e0f3fe21dd04463787d620860a0ec6a2,7d5c0a2bfccf4255a43d9bd0f84a6d3a,1578afd6ce694d46ab6e24f965f51fd6,9dd98c9126c44642a20711729f2e731e,189a3b686ad14c24b5e1a495f76dd239,d7c9dafddaf547159d366dacf7b68a7e,632cc2bc04034dd4848855fe6497262d,dd9e8283197b473d8ffd502561bdaaec,f8856799293e49feab6368e794eb8b00,6c6de17135be4f8c9423be633eaefcd4,91f9f8576e5142a49926bd623b0bc19c
26a7ded48a0842c28c407984aa614b3c,c713a0ca69864ee7b240069c98dc44dc,8889c114b071429cbe2418f5b0f2024b,57bcda73abab44ee930b20cdaee9d24b,bbdf9065122d499d9d8f80ad3e0ef6f3,d658e3a743af41899183fecff6b2628d,feb980ae999948ce9be0266b4ddc048d,01ffceddb5b34406a08bb982b424b3cf,0accd1d0138b49049d437c0d9b1c23c3,7359a1cc20d54f96aeea121d7247b88d,30c71719aed84c07ae21d0eff0deed72
95e4e242519d4cd9bae0a574d881fa7b,c713a0ca69864ee7b240069c98dc44dc,feb980ae999948ce9be0266b4ddc048d,bbdf9065122d499d9d8f80ad3e0ef6f3,8889c114b071429cbe2418f5b0f2024b,7359a1cc20d54f96aeea121d7247b88d,57bcda73abab44ee930b20cdaee9d24b,01ffceddb5b34406a08bb982b424b3cf,0accd1d0138b49049d437c0d9b1c23c3,d658e3a743af41899183fecff6b2628d,24c55bb5cd694770ba895c7401da2ba5
e8f5726fe08646aab29fd6e5202c7f88,feb980ae999948ce9be0266b4ddc048d,c713a0ca69864ee7b240069c98dc44dc,f69855cdf66d4f6887ecfd0ddb9014b5,35c5a560ecdc4d6a9d20f057ed1fa0e6,2639b6540bda414f8a9baa3b5cdb612a,0f52f676197e4d4e92dec0a7bc4c4f7d,24c55bb5cd694770ba895c7401da2ba5,0accd1d0138b49049d437c0d9b1c23c3,092cb872c8724c7681c50da9c6cfa252,8683a3ad55d84a78834fabe20cde5269
3bdf75b6d56a422d94e6c850d515d3ed,feb980ae999948ce9be0266b4ddc048d,0f52f676197e4d4e92dec0a7bc4c4f7d,c713a0ca69864ee7b240069c98dc44dc,f69855cdf66d4f6887ecfd0ddb9014b5,2639b6540bda414f8a9baa3b5cdb612a,35c5a560ecdc4d6a9d20f057ed1fa0e6,295d0d40791245ff838c73a2aa27d065,8889c114b071429cbe2418f5b0f2024b,a5d5fb459a1844088e93ae557ab34afe,a94cb58f1ca8456b96e39b5b1ebfb7ea
978f36c5e8ff41efa416cf6c32ca240e,7d3d751215194e649a03457226f599d7,8746ae2ca7514699b629b4d9b5fe95a7,e22e1ad3c1fc4493bcb7c9b923566ff7,d7c9dafddaf547159d366dacf7b68a7e,7879fa4d4db046a2a8d195311b6e5789,d2bcc978e7aa49908919d9fc40138b27,f6207eb593394ff78e2cb35057477422,e4ee90d625d44a6d9adc138390eef0f8,61d2391e8bc548b6bfa08f1ef2a0c47a,3ec67e948e15423fac23fdd38a7d4cca
57add4e71a1c4202a2502065ae10d002,3e6a4b65a1004c08a6f3f570cf986c2f,cd764fbfae774d068af7549c648a02c9,2b039224b54142d185a406b31fe01de2,f5d09519cf7647f8a107cd8fadd322e5,f879b316413f45d2b64bb25e3f45a667,31cf7db26a3249c5a6205b005662ddcf,342aaa81ed004635bbf9cbc2592cd7b6,701ac1447f5a414e81156a56c3593a31,7ab9086baf99475d8c93862a7dd36344,5e2f1a45f7174f1aa39a194179985876
9509c30cb1bb48f38a20b700b4c3456e,7ab9086baf99475d8c93862a7dd36344,342aaa81ed004635bbf9cbc2592cd7b6,2b039224b54142d185a406b31fe01de2,cd764fbfae774d068af7549c648a02c9,a64f6232ee1e4357937008a327a63cf4,3c1b91a23b694da1973dbc5f75f2f3ed,99ba4cc9355f4d79a68bc69ac12a716f,f5d09519cf7647f8a107cd8fadd322e5,bf789f42ccfc42c5a330a3f6e30ddb83,f879b316413f45d2b64bb25e3f45a667
e25640a5cf1a493db2690655a45676b5,7ab9086baf99475d8c93862a7dd36344,342aaa81ed004635bbf9cbc2592cd7b6,2b039224b54142d185a406b31fe01de2,a64f6232ee1e4357937008a327a63cf4,cd764fbfae774d068af7549c648a02c9,3c1b91a23b694da1973dbc5f75f2f3ed,f5d09519cf7647f8a107cd8fadd322e5,99ba4cc9355f4d79a68bc69ac12a716f,bf789f42ccfc42c5a330a3f6e30ddb83,0c9c05f86aa042abbdd66d2b2d05d374
ce1ecc1569cc4b1ca2945be90a005698,f5d09519cf7647f8a107cd8fadd322e5,3e6a4b65a1004c08a6f3f570cf986c2f,5b588e34588940788a22036b775ecc2f,91f9f8576e5142a49926bd623b0bc19c,bc607fd6000b43108e49b3d05688fe90,701ac1447f5a414e81156a56c3593a31,c78547bdc2e64ac8935559f7de2efd41,2b039224b54142d185a406b31fe01de2,31cf7db26a3249c5a6205b005662ddcf,189a3b686ad14c24b5e1a495f76dd239
0c0b0a3a57ae44f5bc9a682ecdf7017e,ad3d372fbf054ea1ad06cfcb7490df4b,5f65785004054c67a618fe43b6a30f56,039a871609044cb1b69f70c082fe61d8,be70e49b76c24527b4fddfb6b78b6d8d,44f41e6e6faa4facb0bb9a72205229f8,ee89670285c74e27aa174dadf39fbca7,d9ac372330a4446886fa19bac0d19877,f32f4607b4714e378831f924c5e6084d,5455e62f52ae4e03b2a5d0e8b9899506,599feb1e512c43ad8c0a1845922acf78
60de40f69385488097a1e4a1e36a7e71,ad3d372fbf054ea1ad06cfcb7490df4b,5f65785004054c67a618fe43b6a30f56,039a871609044cb1b69f70c082fe61d8,be70e49b76c24527b4fddfb6b78b6d8d,44f41e6e6faa4facb0bb9a72205229f8,ee89670285c74e27aa174dadf39fbca7,599feb1e512c43ad8c0a1845922acf78,5455e62f52ae4e03b2a5d0e8b9899506,66cba49431224a3788f914d6a80165e1,3e4a54908dde405294869e30a92a7623
e24bf2d26b3447a0a1cabfedc1474778,44f41e6e6faa4facb0bb9a72205229f8,b64cef9df31c4e92a7b7ecd42f74f396,bb84a4cf60c84a8d8e23276b1863d293,ee89670285c74e27aa174dadf39fbca7,ad3d372fbf054ea1ad06cfcb7490df4b,b585a2970e9f421da236241f603883f2,ccb62901750b4d13a922fc161b607f83,39e2b00e1cbd471488cf56f31d2cec7f,039a871609044cb1b69f70c082fe61d8,b0236c76ae244fd8aacbea7da10e55ca
26e498e22958483fb8c239d967efe176,5f65785004054c67a618fe43b6a30f56,be70e49b76c24527b4fddfb6b78b6d8d,ad3d372fbf054ea1ad06cfcb7490df4b,039a871609044cb1b69f70c082fe61d8,ee89670285c74e27aa174dadf39fbca7,5455e62f52ae4e03b2a5d0e8b9899506,2471f23cb9b64d35a72deed09c9c8975,39e2b00e1cbd471488cf56f31d2cec7f,44f41e6e6faa4facb0bb9a72205229f8,b585a2970e9f421da236241f603883f2
0e5860811dd84425862213b698237538,44f41e6e6faa4facb0bb9a72205229f8,b585a2970e9f421da236241f603883f2,ee89670285c74e27aa174dadf39fbca7,bb84a4cf60c84a8d8e23276b1863d293,5f65785004054c67a618fe43b6a30f56,ad3d372fbf054ea1ad06cfcb7490df4b,b64cef9df31c4e92a7b7ecd42f74f396,ccb62901750b4d13a922fc161b607f83,b0236c76ae244fd8aacbea7da10e55ca,66cba49431224a3788f914d6a80165e1
